{"type":"Feature","geometry":{"type":"MultiPolygon","coordinates":[[[[-96.8401799997399,33.175104999636936],[-96.8401799997399,33.175164999832134],[-96.8401799997399,33.17519600030538],[-96.84017899991498,33.17524300025005],[-96.84012600021153,33.177970999744275],[-96.84004800039372,33.182063000272336],[-96.84003900017291,33.182541000300105],[-96.8400249999292,33.1829140001839],[-96.83979899997338,33.18901399968606],[-96.8397799997068,33.189521000340505],[-96.83977800005698,33.189633000187186],[-96.83977700023208,33.18972099975149],[-96.83977600040716,33.18983300009422],[-96.83977399985903,33.189946000140495],[-96.83968599999548,33.1963649998118],[-96.83958499971313,33.19908700014273],[-96.83956200014691,33.19970000019315],[-96.83952799981172,33.20067600033804],[-96.83948199978097,33.201969000310136],[-96.83940099959011,33.20420399972945],[-96.83935700010753,33.20543800016629],[-96.8393500004348,33.20564599965121],[-96.83933299981805,33.206075000269365],[-96.83931199990165,33.20661099967464],[-96.8393079997037,33.20672199980594],[-96.83929299963508,33.2067589998184],[-96.83929099998525,33.20681999978453],[-96.83918200020531,33.20992900032477],[-96.8390330002424,33.21369599992619],[-96.83902900004445,33.21377899998155],[-96.839012000326,33.21425299998435],[-96.839004999755,33.21441499993893],[-96.83900200028026,33.21451399988873],[-96.83899899990722,33.214595000037676],[-96.83891100004367,33.216830000234864],[-96.83881599960912,33.219221999956844],[-96.83880399991354,33.21931499965463],[-96.83880300008865,33.219334999649426],[-96.83880300008865,33.21938600025434],[-96.83880200026373,33.2194789997778],[-96.83870400035444,33.22203400033482],[-96.83866800036942,33.222997999793826],[-96.83864200043016,33.223693000176546],[-96.83861999979054,33.22428299976331],[-96.83858800000348,33.225129000187245],[-96.83855600021644,33.225973999757024],[-96.83854500034577,33.226253999748025],[-96.83852699990409,33.226718000271845],[-96.83839600038286,33.230179000129596],[-96.83838899981184,33.230538000330775],[-96.83864800027794,33.231886000003314],[-96.83855100019356,33.2362359998081],[-96.83852699990409,33.23732200004812],[-96.83847400020066,33.23971099982172],[-96.83845999995695,33.240979999678245],[-96.83845099973614,33.24186500032173],[-96.83834199995619,33.24551200034194],[-96.83833399956026,33.24579100017038],[-96.8382940002756,33.24699999990415],[-96.83826800033634,33.24755299998903],[-96.83824999989469,33.247768000332684],[-96.83820100038919,33.24833100012795],[-96.83818499959735,33.248815999889935],[-96.83818999962021,33.24895200016716],[-96.83815199998539,33.24954700020632],[-96.83799299997672,33.25607299993056],[-96.83799100032691,33.25622300020637],[-96.83787300032613,33.259513999980875],[-96.8378230000974,33.261876999929655],[-96.83779499961,33.26283500018696],[-96.83779100031038,33.26294700009089],[-96.83761300003513,33.2688799999528],[-96.83758799992077,33.269713999937835],[-96.83758100024808,33.26989799985813],[-96.83755500030881,33.270611999787945],[-96.83755299976067,33.27067699973564],[-96.83750300043029,33.27122599999851],[-96.83754899956271,33.27148599992412],[-96.83765700041606,33.27157799994347],[-96.8377510001274,33.271732999699694],[-96.83776899967073,33.27187899997432],[-96.83774899957925,33.272084999853995],[-96.83768699965498,33.27224799972425],[-96.83766200043894,33.27231799974104],[-96.83760899983717,33.272496000002974],[-96.83752400034668,33.274146999731336],[-96.83751500012586,33.274343000180714],[-96.83743099956195,33.27699499985291],[-96.8373560001172,33.27708399976782],[-96.8373560001172,33.27715800031996],[-96.8373929999271,33.27753700001298],[-96.83738999955405,33.27763399989585],[-96.83737799985849,33.278089999813325],[-96.83734799972126,33.27925899983003],[-96.83732599997995,33.28010199967099],[-96.8372940001929,33.28129700019453],[-96.83727099972837,33.282147999985646],[-96.8372220002229,33.283979999869814],[-96.83720700015428,33.28453300015525],[-96.83720399978121,33.28464800006235],[-96.83720399978121,33.28466399981544],[-96.83716500032148,33.28614900007725],[-96.83716399959825,33.28617600003927],[-96.83710400022211,33.288455999736286],[-96.83706200038931,33.29001999973657],[-96.83708400013063,33.29065099971212],[-96.83708400013063,33.290662999828086],[-96.83703200025208,33.291144999742876],[-96.83701499963533,33.29180700030233],[-96.83697700000047,33.29386299963612],[-96.83704399994764,33.29593500001503],[-96.83704200029781,33.297410000233924],[-96.83703100042719,33.297442999681735],[-96.83700200011484,33.29751399988486],[-96.83698200002338,33.297570999879206],[-96.83696899960458,33.29760799973703],[-96.836920999924,33.29776700028689],[-96.83689599980964,33.29788900007306],[-96.8368799999161,33.29796400036773],[-96.83686300019768,33.298085999878445],[-96.8368509996038,33.29821800032615],[-96.83684099955806,33.29847499986825],[-96.83683800008333,33.29871700008303],[-96.83683499971028,33.298892000260565],[-96.83683499971028,33.301341000343555],[-96.83683899990824,33.30238700034189],[-96.83682800003757,33.30289500003741],[-96.8366539999603,33.30569199997733],[-96.83664100043983,33.30590599981159],[-96.83661299995242,33.30697800013553],[-96.8366039997316,33.307311999920756],[-96.83660100025688,33.30744299991434],[-96.83658399964013,33.308089999953395],[-96.83656600009675,33.30874800033734],[-96.83656600009675,33.308765000165074],[-96.83656400044694,33.308858999903535],[-96.83654799965512,33.309448000262506],[-96.83654799965512,33.30947399978895],[-96.8365469998302,33.309506999927514],[-96.83654600000528,33.30953700011091],[-96.83654199980732,33.30969899987177],[-96.8365400001575,33.30976100005282],[-96.83653500013462,33.30993999974689],[-96.83651000002027,33.310920000286266],[-96.8364699998373,33.312384999843935],[-96.83626800017093,33.31999999986753],[-96.83622600033814,33.32162600023695],[-96.8362229999651,33.321740000194],[-96.83621999959205,33.321852000322686],[-96.83627800021667,33.32186200021998],[-96.83630300033104,33.3218749996343],[-96.83634099996586,33.32190500006538],[-96.83638100014883,33.32194399978457],[-96.83640299989015,33.32198199964817],[-96.83641799995877,33.32201600014421],[-96.83642299998162,33.32205999975088],[-96.83641100028606,33.322693000283074],[-96.83636199988226,33.32463400000573],[-96.83632400024744,33.32599900010035],[-96.83627800021667,33.32746499970627],[-96.83622700016305,33.32915900033423],[-96.8362229999651,33.32929500004461],[-96.83617500028451,33.330908000044786],[-96.83609099972061,33.3340530001163],[-96.83605899993356,33.33566300003937],[-96.8360260003216,33.336944000250405],[-96.83602399977345,33.33716800030425],[-96.83602399977345,33.337300000119875],[-96.8360050004052,33.338455999941495],[-96.83599799983419,33.33865600008322],[-96.8359900003366,33.338690000076674],[-96.83597799974268,33.33872800014192],[-96.83596400039731,33.338762999752845],[-96.83595400035158,33.33878199977162],[-96.83593000006213,33.3388080003041],[-96.83590699959758,33.33882799995791],[-96.83580500038866,33.34165199967932],[-96.83574699976401,33.34327999966761],[-96.83562999958816,33.346559999744294],[-96.835610000395,33.34711500000191],[-96.83545999970885,33.351311999916625],[-96.83538299971597,33.35345099999901],[-96.8353659999975,33.354077999971075],[-96.83536199979955,33.35422200003777],[-96.83535199975383,33.35462500011502],[-96.83533500003537,33.35530999984539],[-96.83529499985242,33.3568050000714],[-96.8350050003225,33.36770800024814],[-96.83514300041475,33.36795699994723],[-96.83513500001884,33.36823599991141],[-96.83505499965288,33.3710009999684],[-96.8349290001545,33.37535900028937],[-96.83472800031305,33.382368000244625],[-96.8346329998785,33.38635300035923],[-96.83462700003072,33.386588999684534],[-96.83445799997632,33.392479000325],[-96.83430499981544,33.39819100037138],[-96.83410999982178,33.405498000089395],[-96.8346389997263,33.40549099968729],[-96.83477599999364,33.40548899967942],[-96.84117099960176,33.40558900001609],[-96.84111600024852,33.41130299976284],[-96.84111600024852,33.41132400031222],[-96.84111200005052,33.41169499968269],[-96.84110100017988,33.4128720003685],[-96.84109799980683,33.41326599978437],[-96.84109799980683,33.41328800014821],[-96.84109799980683,33.4133539997066],[-96.84109799980683,33.413377000336205],[-96.84292899991783,33.413403999861266],[-96.85368999955467,33.41361299976125],[-96.86526100020174,33.41383799993457],[-96.8682630000997,33.413924999745305],[-96.8722140000267,33.41399499994347],[-96.87467299977642,33.41406099971442],[-96.8750719999846,33.414090999866396],[-96.87557900014781,33.414098999855185],[-96.87576999994351,33.414065000085216],[-96.87588700011938,33.41394800022371],[-96.87592999977709,33.413520000169235],[-96.87656499998681,33.41353100031968],[-96.88499499992045,33.41387699970536],[-96.88627600021054,33.4139160002085],[-96.88808200020718,33.413983999851794],[-96.89159000044343,33.414098999855185],[-96.89325999999764,33.414170000192044],[-96.89348599995346,33.41417600036571],[-96.89432200000462,33.414202000113654],[-96.89590000039564,33.41424999997398],[-96.90088400001734,33.4144449999773],[-96.90188499992496,33.4144840002253],[-96.90369199974651,33.41451299995619],[-96.90613999962558,33.41458899982555],[-96.9071110002943,33.41459900031645],[-96.90726199990702,33.41460199963868],[-96.90769999957494,33.4146139999259],[-96.9081520003849,33.41464200008973],[-96.90865600017503,33.41465100030115],[-96.91195000015101,33.41474799977122],[-96.91312199976286,33.414782000023635],[-96.91535600028,33.41483899975533],[-96.91630799978381,33.41486199999167],[-96.91881000008956,33.41492999964411],[-96.91926000035134,33.41496000024568],[-96.91934599966676,33.41496000024568],[-96.93179600002271,33.4157920003042],[-96.93807199980516,33.41621199986562],[-96.93845099992183,33.41623799975387],[-96.93851799986898,33.416240000264054],[-96.93864099989264,33.41624399978465],[-96.93920999998012,33.416261999874514],[-96.93931799993516,33.416266000143864],[-96.93942900026323,33.41627099991799],[-96.93946000022537,33.41627200017271],[-96.93949100018752,33.41627200017271],[-96.93950700008104,33.41627200017271],[-96.93953499967012,33.416272999677645],[-96.93967799978526,33.41627699994649],[-96.93974100043276,33.41627999996059],[-96.94056400006515,33.41630599982847],[-96.94303600023366,33.41638400013523],[-96.94385999969096,33.416409999971926],[-96.94881800027169,33.41656699983001],[-96.95816799992211,33.41686300023269],[-96.95820700028015,33.41686399973077],[-96.9584270003882,33.4168699997183],[-96.95847500006874,33.416872000213935],[-96.95916200015702,33.416893999664275],[-96.95988400040538,33.41691800035345],[-96.96205000025213,33.41699099962825],[-96.96277199960218,33.41701599978693],[-96.9628550003412,33.41701700003307],[-96.9631039998632,33.417023000010026],[-96.96318800042712,33.41702599999836],[-96.96333599966678,33.41702799974057],[-96.96371200030875,33.4170390001965],[-96.96408800005239,33.41704999990117],[-96.96411800018961,33.41705100014692],[-96.96432599970376,33.41705800036719],[-96.96445200010047,33.41706400034132],[-96.96466399981257,33.41707099981072],[-96.96487100040011,33.41707699978395],[-96.97000499980963,33.41725499980079],[-96.97227600013667,33.41733799971761],[-96.97371800008528,33.41737899990022],[-96.97373300015389,33.41738000014218],[-96.98254700022709,33.41768000022728],[-96.98262099984692,33.417678999988766],[-96.98299599976565,33.41767600002301],[-96.98303500012369,33.41767700026154],[-96.98314100042892,33.417678999988766],[-96.98346100009607,33.41769000036223],[-96.98356800022617,33.41769500005438],[-96.98376999989254,33.41770200022274],[-96.98437699961488,33.417724000212615],[-96.98458000000444,33.41773199986674],[-96.98663100022351,33.417797000309484],[-96.98774299956087,33.4178329998416],[-96.9894120001885,33.41788699986169],[-96.98989800043529,33.417902999888916],[-96.9910459997577,33.417940000362464],[-96.9910809999178,33.41794099984815],[-96.99219399997841,33.41797599983529],[-96.9922140000699,33.41797700007037],[-96.99225400025287,33.41797700007037],[-96.99234600031436,33.41798000002575],[-96.99243699965264,33.417982999981],[-96.99249799975202,33.417985999936164],[-96.99567000042758,33.41808700036547],[-96.99884200020482,33.41818799992741],[-97.00028400015341,33.41821100002656],[-97.00993000007983,33.41853899989702],[-97.01261800015843,33.41862999965753],[-97.01907499969083,33.418849999953416],[-97.01948399994474,33.41886400010336],[-97.02208199961164,33.418952000351354],[-97.02960900044525,33.41920999998511],[-97.03101399968558,33.419258000076496],[-97.03203200020997,33.419294999972614],[-97.03508599998644,33.41940699978504],[-97.0361039996125,33.41944600005405],[-97.03624199970476,33.41944600005405],[-97.03665699980647,33.41945199986317],[-97.03679599972364,33.41945599998562],[-97.03684299957929,33.4194570002036],[-97.03698499986953,33.41946300001197],[-97.03703300044842,33.41946499969806],[-97.03709799984745,33.41946800035181],[-97.03745299967466,33.41947700006306],[-97.03830399979445,33.41950699984363],[-97.05125299991766,33.41994999981999],[-97.05257299966753,33.41999400015461],[-97.05492699983527,33.42009400028691],[-97.05497799988889,33.420097000169136],[-97.05502399991965,33.420100000051264],[-97.05508599984391,33.42010199972268],[-97.0551410000955,33.42010400014386],[-97.05515500033921,33.42010400014386],[-97.05519899982181,33.420107000025745],[-97.05524499985256,33.42010999990752],[-97.05571900040383,33.42012099997295],[-97.05574199997005,33.42012200018332],[-97.05617999963796,33.42014599998028],[-97.05701800023726,33.420179000158825],[-97.057132999865,33.420183000247796],[-97.0574779996465,33.42019499976377],[-97.05759399999745,33.42020100027088],[-97.05767400036339,33.42020400014941],[-97.05791500038781,33.42021399999369],[-97.05799599968036,33.42021800008103],[-97.05805400030499,33.420219999749754],[-97.05825699979626,33.42022600025518],[-97.05854300002653,33.420233000219504],[-97.07775299986358,33.420901000108614],[-97.08188899973852,33.421045999947786],[-97.08218099981657,33.42105699989469],[-97.08974899975976,33.42130699994785],[-97.08978200027005,33.42130999978817],[-97.09019599964853,33.42133500020288],[-97.09545899982776,33.42151900015463],[-97.09547999974417,33.4215200003489],[-97.09786200039932,33.421601999744475],[-97.09819399976203,33.42161300037072],[-97.1017110002191,33.421736000053066],[-97.10271999962433,33.421772999643],[-97.10293999973234,33.42178000023233],[-97.10360199970624,33.421804000320776],[-97.10382299963918,33.42181200034877],[-97.10478599991195,33.42184399970359],[-97.10767800020506,33.421942999765086],[-97.10864200030274,33.42197700019941],[-97.11079200025597,33.422052000096045],[-97.11177399989703,33.422085000299944],[-97.11214200014305,33.42209700030284],[-97.11219099964855,33.422098999928274],[-97.11413200026271,33.42216400010097],[-97.11649099955501,33.422242999830104],[-97.11827200033562,33.422302000283224],[-97.12105499995045,33.422395999651506],[-97.12361800035555,33.422481999702335],[-97.12540000006277,33.42254200017553],[-97.125466000185,33.42254399979071],[-97.12566700002647,33.422551000317924],[-97.12573399997362,33.422554000115255],[-97.12576300028594,33.42254899995313],[-97.12585000032456,33.4225580000948],[-97.12587899973857,33.42255900027704],[-97.12590700022596,33.42255900027704],[-97.12599199971648,33.422562000074095],[-97.1260210000288,33.422563999688876],[-97.12619699975589,33.42257000003226],[-97.12934400031708,33.42267900032582],[-97.1306409996024,33.4227000003735],[-97.1315689997151,33.42271299972215],[-97.1327389996771,33.4227330003311],[-97.13282599971573,33.422734999941895],[-97.13289600003594,33.42273600012214],[-97.13296100033327,33.42273600012214],[-97.13301499986162,33.42273799973287],[-97.13303999997598,33.422738999913086],[-97.13343900018415,33.42274900021517],[-97.1346960001848,33.42278099997443],[-97.14475100036513,33.423035000269245],[-97.14478700035015,33.423035000269245],[-97.15159700005998,33.42320399999468],[-97.15741199970996,33.42336299991071],[-97.15749000042608,33.423366999852966],[-97.15827600024853,33.42337999985145],[-97.16012400007799,33.42344700015901],[-97.16196699988456,33.423528999983816],[-97.16206200031912,33.42353299991844],[-97.16222800000047,33.42354099978712],[-97.16241499959823,33.42354599989213],[-97.1625540004137,33.42354999982596],[-97.1751200002223,33.42389999969546],[-97.17538999966071,33.42391700028083],[-97.17542700036896,33.42391600011417],[-97.17572299974665,33.42390999986375],[-97.17580200028767,33.42391200019719],[-97.17582099965594,33.42391200019719],[-97.17609000016778,33.42392000003096],[-97.17721599974885,33.42395099994209],[-97.17749899960609,33.423958000355846],[-97.18437600016136,33.42414599990321],[-97.18584599969904,33.42418599970655],[-97.18608199970058,33.42419300010136],[-97.186138999602,33.42419499967852],[-97.18992399984766,33.424299000119746],[-97.18997699955112,33.42430000028199],[-97.19226799996966,33.42436299998334],[-97.19228100038846,33.42436299998334],[-97.20212899998123,33.42463200027631],[-97.2022970002107,33.42463700031846],[-97.21255900008028,33.42491599981483],[-97.21260500011103,33.42491599981483],[-97.22009199986337,33.425122000039195],[-97.22011000030504,33.425122000039195],[-97.22317499995216,33.42520700023682],[-97.23340599985958,33.425482999704755],[-97.2334490004156,33.425483999853355],[-97.23478699970879,33.4255310000768],[-97.23757699989464,33.42563800010778],[-97.23906999989684,33.42569600035675],[-97.2432910001606,33.42586000017875],[-97.24384299963133,33.42588299974499],[-97.25016299979468,33.42612900033141],[-97.2515150002299,33.42617299978371],[-97.25546199995898,33.426298000031615],[-97.25817599997683,33.42638399996566],[-97.26106499989686,33.42647599988797],[-97.26982399971847,33.42675500022155],[-97.27050400013403,33.42677499989929],[-97.27172900034763,33.4268199999071],[-97.27991300023396,33.4270780001514],[-97.2807660000036,33.427103999784784],[-97.28081700005721,33.427104999914704],[-97.28215900044668,33.42714800024236],[-97.28338999960977,33.4271870000329],[-97.28831200020547,33.42734199964247],[-97.28833099957373,33.427341000265],[-97.29483599968502,33.42754900023244],[-97.29499200021895,33.42755299998178],[-97.30309099971647,33.42778000026448],[-97.3046540000389,33.427823999629666],[-97.30471900033622,33.42782599987286],[-97.30753799993605,33.427916999645774],[-97.3075680000733,33.427917999766336],[-97.30791600022782,33.42792900034194],[-97.30831600026092,33.42794199965732],[-97.31229800015008,33.42807100008222],[-97.31297799966734,33.428092999693845],[-97.3130039996066,33.428093999812376],[-97.31603099961887,33.428191000008916],[-97.31831899966438,33.42826499966859],[-97.31844000003821,33.42826900013472],[-97.31852200005397,33.42827199973446],[-97.31860400006973,33.42827399996739],[-97.3196500001832,33.428308000171334],[-97.32154800024136,33.42836999984745],[-97.32328100044307,33.42842400006132],[-97.32449200041297,33.42846500025681],[-97.32452699967477,33.42846600037106],[-97.3246339998049,33.42846899996399],[-97.3246699997899,33.42847100019238],[-97.33158199960698,33.42869399987712],[-97.33287299994282,33.428737000167274],[-97.33496500016973,33.42880400008883],[-97.33505200020838,33.42880699967009],[-97.33516699983612,33.42881100011124],[-97.33583499965778,33.42883599986523],[-97.3360039997122,33.428847000324545],[-97.33752299965366,33.42894200021185],[-97.3434260000655,33.429311999926064],[-97.35717799972964,33.43017200005749],[-97.37631499977176,33.430373000092324],[-97.38165699959372,33.43042899999302],[-97.38202599966469,33.43041500020868],[-97.38223699955188,33.43041899982595],[-97.38240300013155,33.43042499962645],[-97.38259999977502,33.43043200026783],[-97.38275899978368,33.43044199968365],[-97.38309500024268,33.430449999665335],[-97.38338899997055,33.42150199984948],[-97.38338999979544,33.42148000006703],[-97.38384400025521,33.40813499980958],[-97.38391899969997,33.40482299975058],[-97.38415700024966,33.40455900003447],[-97.38427000022754,33.40439200005267],[-97.38430399966443,33.40420599977139],[-97.38461699965887,33.39627300028045],[-97.38459200044285,33.39604800036103],[-97.38468199995623,33.39369999975138],[-97.38554499977157,33.371937000177425],[-97.38557099971084,33.371189000084506],[-97.3855819995815,33.37071799975374],[-97.38578599979598,33.36479700003787],[-97.38566399959728,33.362914999784124],[-97.38566600014539,33.362895999779695],[-97.38592700026132,33.35698100010895],[-97.38593099956094,33.35696600030721],[-97.38607000037644,33.353715999814206],[-97.38607299985118,33.35365999999127],[-97.38644399957192,33.34549600028885],[-97.38675699956639,33.33844500004795],[-97.38697300037477,33.333581999954895],[-97.38701000018469,33.33236799980004],[-97.3870119998345,33.33231600013644],[-97.38747100031712,33.32281399989698],[-97.3874970002564,33.322436999888744],[-97.38750300010418,33.3222969998945],[-97.38770899996852,33.3138820003611],[-97.3877159996412,33.313684000269426],[-97.38786799997717,33.312761999789174],[-97.38806399979576,33.307752000139644],[-97.38828999975155,33.30310899997812],[-97.38829300012462,33.30299899990575],[-97.3882999997973,33.3027839996368],[-97.38851900008042,33.29534999981952],[-97.38850900003467,33.29453800033331],[-97.38906600042658,33.27841000033582],[-97.389087000343,33.277813999772285],[-97.3890959996655,33.27753700001298],[-97.3893829997207,33.26932899968721],[-97.38946700028458,33.2682490003134],[-97.3894689999344,33.26821999990619],[-97.38974199974588,33.263965000050185],[-97.38975199979161,33.26389899986055],[-97.38990400012759,33.26289799963417],[-97.38997100007474,33.26051400013464],[-97.39004800006762,33.25927900012393],[-97.3907140002395,33.25011699993566],[-97.39078899968426,33.24742200024713],[-97.3907910002324,33.24735600033147],[-97.39081799999657,33.246147000263214],[-97.39081899982149,33.24610599980302],[-97.39082300001945,33.24597100031412],[-97.3908280000423,33.24578700032995],[-97.39082999969212,33.24571400020437],[-97.39093699982224,33.242039000267866],[-97.39098600022606,33.24032600011119],[-97.39131900031198,33.22847499972371],[-97.39160499964393,33.21897300001266],[-97.39160600036716,33.21893499963596],[-97.39164400000199,33.21732000030831],[-97.39171799962185,33.21461700024146],[-97.39184400001854,33.21054499995647],[-97.39192100001144,33.20796299981549],[-97.39192699985922,33.20774600002566],[-97.3921379997464,33.200660000238535],[-97.39214000029456,33.200587999754624],[-97.39223099963284,33.19754699995484],[-97.39242999982449,33.19117500013676],[-97.39266900019908,33.183538999702776],[-97.39267000002397,33.183508999845785],[-97.39283200040568,33.178360999930106],[-97.39296899977472,33.17403699996675],[-97.39302300020138,33.172343000297474],[-97.39302300020138,33.17232999967716],[-97.39306000001132,33.17100500002874],[-97.39306099983622,33.170958000067195],[-97.39333000034806,33.162089000104835],[-97.39333199999788,33.162014999923784],[-97.39352299979359,33.155697000071044],[-97.39359499976362,33.15322399976292],[-97.39363300029675,33.1519610002621],[-97.39367000010668,33.15076500002746],[-97.39385900025258,33.143766999662205],[-97.39399700034483,33.138999999916116],[-97.3940020003677,33.13883999975605],[-97.3940580004442,33.13686100032116],[-97.39406299956875,33.1366800002627],[-97.39410399957663,33.135178000030976],[-97.3942070004071,33.131770000072976],[-97.39435600037004,33.12682399975217],[-97.39440800024856,33.125120000105085],[-97.39441400009633,33.12478900033361],[-97.39443099981479,33.12391600014012],[-97.39451399965546,33.12072500000273],[-97.39451399965546,33.120706999835015],[-97.39452100022646,33.12043400022534],[-97.39454600034084,33.11948399999004],[-97.394573000105,33.11847999965545],[-97.3946159997627,33.117002000024975],[-97.39463199965624,33.11642300021481],[-97.39463300037946,33.11640000025266],[-97.39471600022014,33.113650999809416],[-97.39471700004506,33.11363199973225],[-97.39473499958842,33.11298999981823],[-97.39481699960416,33.11013199984907],[-97.3948180003274,33.110118999790785],[-97.39481900015228,33.11008899964903],[-97.39491000038889,33.10748600026306],[-97.39497200031317,33.105705999791766],[-97.39498300018383,33.10539999980299],[-97.39498900003161,33.10522099972626],[-97.39506100000163,33.103251000319545],[-97.39506699984942,33.1030880002301],[-97.3950719998723,33.102983000317074],[-97.39523799955364,33.09827500017849],[-97.39529500035336,33.097036000164],[-97.39538099966876,33.094408000142806],[-97.39539699956231,33.09384000028387],[-97.39542699969952,33.09277500015851],[-97.39547899957807,33.09094499993826],[-97.39548000030129,33.090909999661534],[-97.39548199995112,33.090843999961905],[-97.39555700029418,33.08813299995876],[-97.39555999976893,33.088037000289454],[-97.39559400010411,33.08681799986577],[-97.39560099977679,33.086573999956634],[-97.39561199964746,33.08620200017418],[-97.39561699967034,33.08602100033412],[-97.39573600039434,33.08180100000506],[-97.39578300025,33.080372000180205],[-97.39579300029574,33.08006800000739],[-97.39591200012143,33.076429999651346],[-97.39603799961981,33.072580999664446],[-97.39620300037456,33.06734300017198],[-97.39620300037456,33.067329999808514],[-97.39622299956774,33.066698999950916],[-97.39622299956774,33.066681000010334],[-97.3963399997436,33.062966999765074],[-97.3966069997073,33.055250999809566],[-97.39672899990603,33.050834999816345],[-97.39673599957872,33.0505739999613],[-97.39673700030194,33.050539000187335],[-97.3967559996702,33.04987099976951],[-97.39680000005113,33.048269999829394],[-97.39680099987604,33.048250999930005],[-97.3968319998382,33.04712800018088],[-97.39687799986895,33.04548699986533],[-97.39688999956451,33.04504000021841],[-97.39689799996044,33.044757999865375],[-97.39690700018126,33.0444480001658],[-97.39691899987683,33.04403699988021],[-97.39692200024987,33.043921000205636],[-97.39695099966389,33.04302500003852],[-97.39695200038712,33.043008999804805],[-97.39695400003693,33.04293700022306],[-97.39696200043284,33.042675000286245],[-97.3969809998011,33.04208500020209],[-97.39698400017414,33.04196800018934],[-97.39698499999906,33.041936000088015],[-97.39699900024276,33.04149399989932],[-97.39700400026565,33.04134799963935],[-97.39700799956528,33.041210000171766],[-97.39702000015915,33.04079899983826],[-97.39702099998408,33.04074399989183],[-97.39702500018204,33.04066200030502],[-97.39702900038,33.04053400019131],[-97.39703900042572,33.04016500019331],[-97.39704000025066,33.04015200033457],[-97.39704500027352,33.04002500028145],[-97.39704699992333,33.03997500009767],[-97.39704899957316,33.03988900034765],[-97.3970500002964,33.03987300029738],[-97.3970510001213,33.03984599968815],[-97.39706399964179,33.039422999857145],[-97.39706899966465,33.039273999758734],[-97.3970710002128,33.039183999845115],[-97.3970789997104,33.038915999674785],[-97.39708299990835,33.03882800027283],[-97.39708399973327,33.03878100035083],[-97.39708799993124,33.0386450000027],[-97.39708999958106,33.03860000011257],[-97.397093999779,33.038462000105454],[-97.39710600037289,33.0380490003642],[-97.39711100039575,33.037912000319615],[-97.39711800006845,33.03765500012305],[-97.3971420003579,33.03688699980621],[-97.39714499983263,33.03678099985448],[-97.39715099968042,33.036630999719016],[-97.39715499987838,33.03651700025861],[-97.39717199959682,33.035911999675974],[-97.39718699966542,33.03535000007324],[-97.3972610001836,33.032646000036145],[-97.39726399965832,33.032603999739806],[-97.39740799959836,33.02806100000446],[-97.3974090003216,33.0280330001097],[-97.3975580002845,33.02358899971991],[-97.3975590001094,33.023562000146306],[-97.3975649999572,33.02340699967221],[-97.39777800039253,33.01878899980295],[-97.39791899995953,33.01324199964533],[-97.39794999992168,33.01205700031193],[-97.39799000010464,33.010706000262076],[-97.39801900041694,33.00975399975588],[-97.3981769997024,33.004501999674076],[-97.3982620000912,33.00012399976262],[-97.39826499956595,32.999963000272984],[-97.39829399987823,32.99875900031213],[-97.3983309996882,32.99719399963987],[-97.39844600021421,32.99229000033114],[-97.39845899973469,32.99173200004463],[-97.3984599995596,32.99169800010222],[-97.39846200010776,32.99156999971383],[-97.39786999955572,32.99156999971383],[-97.39720799958182,32.99156999971383],[-97.39712700028927,32.99156999971383],[-97.39705399959603,32.99157200015693],[-97.3962410000094,32.9915979998853],[-97.39312399958541,32.99168700031742],[-97.39271500022983,32.991698999945555],[-97.39268699974241,32.991698999945555],[-97.39262499981812,32.991700999632265],[-97.3916230000856,32.99169800010222],[-97.38863500043138,32.99168700031742],[-97.38846899985172,32.99168700031742],[-97.38790499978711,32.99168400003342],[-97.38621799961612,32.99167700037496],[-97.38533800008234,32.99167400009063],[-97.38360599970554,32.99166599983414],[-97.38355800002495,32.991653000357665],[-97.38286900028686,32.991653000357665],[-97.38279800014176,32.99166099986186],[-97.38178600036349,32.991653000357665],[-97.375719999745,32.99163000017796],[-97.37311000038255,32.991620000229055],[-97.37185300038188,32.99161500025411],[-97.37107000003418,32.99161199996767],[-97.3695539995674,32.991603999705625],[-97.36827099962753,32.99160200001672],[-97.36734400023803,32.99159899972977],[-97.36463900044103,32.991583999800646],[-97.36369600025975,32.99157999966847],[-97.36244500010685,32.99157399984652],[-97.36164800041374,32.99156999971383],[-97.360680999943,32.99156600033444],[-97.3603500004052,32.99156499973611],[-97.3598990003185,32.99156300004633],[-97.35605399979839,32.991545999667444],[-97.35519199980794,32.99154200028696],[-97.3537470003846,32.99153599970895],[-97.35365299977497,32.99153599970895],[-97.35350299998714,32.99153499986376],[-97.35336700044301,32.991534000018504],[-97.35322599997772,32.99153300017329],[-97.35306100012129,32.99153300017329],[-97.35279099978453,32.991530999729314],[-97.35189899965685,32.99152800019348],[-97.35102099977289,32.99152800019348],[-97.3470799998916,32.99150599982679],[-97.34237199955612,32.99148500005386],[-97.3288230002816,32.99142100010512],[-97.32776200009953,32.991417999812086],[-97.32741999979275,32.991416999965566],[-97.32704800024709,32.991415000272426],[-97.32632900037177,32.99140899968578],[-97.32630799955706,32.99140899968578],[-97.32237000004883,32.99139799986503],[-97.32101900033685,32.99138799988976],[-97.32063900039525,32.991387000042906],[-97.3186509999254,32.991382000054756],[-97.3171720001669,32.991376000219404],[-97.30492500020056,32.99130700019929],[-97.30466300025972,32.99130600035145],[-97.30125100028296,32.99129100037259],[-97.30023699995655,32.99128499977751],[-97.30011300010798,32.99128499977751],[-97.2997900000678,32.99128399992943],[-97.29965100015065,32.99128200023327],[-97.29932899993536,32.99128200023327],[-97.29890100031318,32.99127899993551],[-97.29480499972288,32.99125999980526],[-97.29474299979861,32.99126200025539],[-97.2915590003258,32.991244999818576],[-97.2911650001405,32.99124300012154],[-97.29114199967597,32.99124300012154],[-97.2909049998495,32.99124200027297],[-97.2907569997115,32.99124099967098],[-97.28889999966123,32.99123200028004],[-97.28883799973693,32.99123200028004],[-97.28877699963759,32.99123200028004],[-97.28319700016422,32.99119999984306],[-97.28216199992141,32.99120099969205],[-97.28196600010284,32.99119999984306],[-97.27769399978544,32.99117499984672],[-97.27702699978867,32.99117099969602],[-97.27246999996424,32.99114399999219],[-97.2718399997774,32.99114099968973],[-97.26876699973437,32.99112200028326],[-97.26861500029669,32.9911209996799],[-97.26802799976755,32.991118000130086],[-97.2662789996723,32.99110700027306],[-97.26588899968496,32.991109999823195],[-97.26538700044296,32.9911080001231],[-97.2641730001,32.99110399996935],[-97.26279499972551,32.99109599966119],[-97.25991199965327,32.991082000250394],[-97.25491700016092,32.991056000370016],[-97.25438400005845,32.99105300006457],[-97.25416399995044,32.991052000213905],[-97.2540629996681,32.99105100036318],[-97.2540340002541,32.99105100036318],[-97.25359400003804,32.99104899990827],[-97.2421100003279,32.990988999802624],[-97.23544299983492,32.99095600017917],[-97.23535900016934,32.99095200001852],[-97.23525000038939,32.99095399972215],[-97.2348290004399,32.99095100016666],[-97.23452899996593,32.990948999709474],[-97.22876199999652,32.99091899962779],[-97.22870900029307,32.99091899962779],[-97.2247890003282,32.99089799971519],[-97.22421100001988,32.990894000305346],[-97.22381799965947,32.99089099999439],[-97.22316599973132,32.99088699983076],[-97.21776500035811,32.99085699972794],[-97.21665399994734,32.99085000000388],[-97.21641499957273,32.99084900015086],[-97.2137709998751,32.99083400009427],[-97.21033899980684,32.99081499986822],[-97.20634900042008,32.99079399993093],[-97.20540799988859,32.99079200022367],[-97.19866699977575,32.99075000033304],[-97.19774799988389,32.99074500030886],[-97.19317299961781,32.99072400035487],[-97.19290200035448,32.99071699986679],[-97.18912100030676,32.99069699976087],[-97.18752700002223,32.99068800031451],[-97.18646099981729,32.99068199967845],[-97.18545700043492,32.990676999650425],[-97.18468800033091,32.99067200037554],[-97.18435600006988,32.99066999991209],[-97.18395199983885,32.99066800020203],[-97.18381000044693,32.990667000346946],[-97.18315199977268,32.99066200031808],[-97.18000599993468,32.99064399991035],[-97.17966000032827,32.990641000344326],[-97.1796319998409,32.990631000283294],[-97.17962500016817,32.990641000344326],[-97.17923299963272,32.99063899988012],[-97.17856700035915,32.99063600031399],[-97.17752000042078,32.99062700010792],[-97.17648000015511,32.99062299993232],[-97.1754530003082,32.990615000334046],[-97.17444400000468,32.990608999693],[-97.17260500039608,32.99059699991673],[-97.17239899963344,32.99059500020501],[-97.17207700031646,32.99059299973977],[-97.17158600004679,32.990591000027955],[-97.17053400008555,32.990585000138765],[-97.16918900022134,32.990575999927515],[-97.16907600024344,32.990575999927515],[-97.16725900037615,32.9905640001467],[-97.16695200022947,32.9905619996808],[-97.16647299965535,32.990559000111986],[-97.16504300030066,32.990549999898086],[-97.16393400043802,32.99054400000611],[-97.16349000002398,32.990540999683255],[-97.16149200040674,32.99052800004109],[-97.16084100030348,32.990523999861],[-97.16044499957003,32.99052200014762],[-97.158765999795,32.990511000216316],[-97.15836300028718,32.99050899974916],[-97.15684699982043,32.990500000283646],[-97.15406500003051,32.99048199984287],[-97.1408139997835,32.9904000002163],[-97.13758000008198,32.99037699971007],[-97.13024399994237,32.99033500037543],[-97.1241430000621,32.99029599984523],[-97.11000899990826,32.990208000131034],[-97.10923200030662,32.9902030000761],[-97.1081610000788,32.99019700016059],[-97.10682500043544,32.99018899977022],[-97.1014450000803,32.990155999847694],[-97.0960870003648,32.99012499963519],[-97.08816200004622,32.99007300005644],[-97.08644999976092,32.99006100020729],[-97.07683300014682,32.99000200004598],[-97.07660399981795,32.99000100018342],[-97.07529300028894,32.989991999912604],[-97.07510099977002,32.989991000049876],[-97.07391200043973,32.98998599998271],[-97.07207600030584,32.989970999779445],[-97.07113599959928,32.98996499984811],[-97.07019300031632,32.989958999916375],[-97.069326000303,32.989952999984226],[-97.069178000165,32.98995100025791],[-97.06915300005063,32.98995100025791],[-97.06892299989687,32.98994999964128],[-97.06873999959875,32.989948999778115],[-97.06803999999002,32.98994299984529],[-97.06780200033865,32.98994299984529],[-97.06524200030658,32.989925000044366],[-97.06197599991968,32.98990700023982],[-97.06180000019259,32.989903999895304],[-97.05786299961098,32.98987099986617],[-97.04618700028024,32.989796000233625],[-97.04547699972744,32.98979200002041],[-97.04543700044277,32.98979200002041],[-97.04437899973543,32.98978299972829],[-97.04130900006544,32.98976099968006],[-97.0333159999748,32.989707000155015],[-97.03293299966016,32.9897039998037],[-97.03227499988421,32.989698999720275],[-97.03115799962563,32.989692999770455],[-97.0310070000129,32.989691000038256],[-97.02884899966375,32.98967400005228],[-97.02859400029394,32.98964400029064],[-97.02833900002581,32.989613999765325],[-97.02516800007348,32.98958099962781],[-97.02243899998702,32.98955400019107],[-97.02186200040192,32.98954999996683],[-97.02177899966291,32.989549000099146],[-97.02077699993039,32.98954200027131],[-97.0195669997854,32.98952399963517],[-97.01902199998736,32.989520000163054],[-97.01666299979676,32.98949299995423],[-97.01611799999873,32.989486999990405],[-97.01604000018091,32.98948600012194],[-97.01575200030084,32.989482999763126],[-97.01112500015621,32.98943199967516],[-97.01092699978948,32.98942999993705],[-97.01087300026111,32.989429000068],[-97.010582000008,32.98942599970719],[-97.01025599959475,32.98942200023065],[-97.00982799997257,32.989418000000484],[-97.00975600000255,32.989418000000484],[-97.00909300020375,32.98941000029299],[-97.00882700006495,32.98940699993153],[-97.00814599982449,32.98940000009248],[-97.00696499999181,32.989388000151834],[-97.00601400031292,32.9893760002095],[-97.0059509996654,32.989375000339784],[-97.0058589996039,32.98937399971662],[-97.00574800017415,32.98937299984694],[-97.00569000044783,32.98937100010749],[-97.00561599992965,32.98937100010749],[-97.00474100041873,32.98935900016284],[-97.00380400008521,32.989344999723095],[-97.003621999612,32.989342999983],[-97.00262200042764,32.98932799967046],[-97.00252799981799,32.98932699980021],[-97.00173799979756,32.98932300031918],[-97.00145999996323,32.98932300031918],[-97.00104599968643,32.98932300031918],[-97.00062899993492,32.98932300031918],[-97.00060200017076,32.98932300031918],[-96.9999870000525,32.989290999943485],[-96.99991099988452,32.98929000007286],[-96.99887700036494,32.98927899998802],[-96.99449100024474,32.98923000027837],[-96.99341099979608,32.98921499994662],[-96.99317800016757,32.98921300020359],[-96.9931150004184,32.98920999983549],[-96.99021499972937,32.98917900004422],[-96.99010599994944,32.98917599967496],[-96.989532999664,32.98916999968958],[-96.98813199972331,32.989154000228936],[-96.98789599972176,32.98915099985882],[-96.9876940000554,32.98914800024212],[-96.98664100026923,32.989136000267145],[-96.98609999977084,32.989132000023965],[-96.98598500014312,32.989130000279054],[-96.9858720001652,32.9891279997806],[-96.98565200005717,32.989124000290545],[-96.98435599969847,32.98910899994079],[-96.9830550002152,32.989095000214874],[-96.98275399991633,32.98909099996984],[-96.98262199967184,32.98908900022399],[-96.9823389998146,32.989090000096894],[-96.98202199962222,32.9890809997332],[-96.98161200044171,32.9890780001141],[-96.98148699986992,32.98907600036796],[-96.98102200043782,32.98907100024897],[-96.98049500018313,32.989065000256446],[-96.98026300037955,32.98906000013677],[-96.97941200025974,32.9890530002702],[-96.97740799989639,32.98903199991362],[-96.9764720002861,32.9890180001755],[-96.97530200032406,32.98900399968159],[-96.9737830003826,32.98898599968922],[-96.973579999993,32.988983999941006],[-96.97020900002413,32.98894500032077],[-96.9690170003208,32.98892599968808],[-96.96814799975937,32.988921000314015],[-96.96719000040778,32.98891000018319],[-96.96667900004658,32.98890400017973],[-96.96525700018951,32.98888700004222],[-96.96008600007174,32.988826999973725],[-96.95981200043536,32.98882299971659],[-96.95866500003955,32.988810999697435],[-96.95771000016269,32.98879899967665],[-96.95757299989535,32.98879799980047],[-96.94201900043254,32.988618000044774],[-96.94091499969443,32.98860300036246],[-96.94010399975761,32.98859499982766],[-96.9396100000132,32.98858899980279],[-96.93945000017962,32.988587000045584],[-96.93903500007794,32.98858299977752],[-96.9387370001521,32.98857900026277],[-96.93831600020263,32.98857400011562],[-96.93755600031942,32.98856499969929],[-96.9365470000159,32.98855199976609],[-96.93394699980085,32.988523000255924],[-96.93296199978676,32.98851200007549],[-96.93185399974904,32.98849800025483],[-96.93006199999608,32.9884769997662],[-96.92851999959008,32.988460000299895],[-96.92794700020295,32.98845299963225],[-96.92722400012967,32.988444999837284],[-96.92588400028835,32.98842900024526],[-96.92032400000816,32.98836500034105],[-96.92020099998452,32.988362999825256],[-96.91944199992622,32.98835400014092],[-96.9184610001101,32.98834299993938],[-96.9174819999438,32.98833199973651],[-96.91647199981534,32.98831999965067],[-96.9162430003848,32.98831700000566],[-96.91609900044476,32.988315000242274],[-96.91549299964905,32.98830900019838],[-96.91381600042213,32.98828799966484],[-96.91000199986416,32.98824400032468],[-96.90979900037289,32.98824199980616],[-96.90904699998728,32.988233000109474],[-96.90733399987704,32.988214000077015],[-96.90703699977612,32.98820999979205],[-96.9036049997079,32.988169999946464],[-96.9033300002466,32.988167000296414],[-96.9005729996727,32.98813500025512],[-96.89964000043548,32.98812400002628],[-96.8990649996019,32.98811700008548],[-96.89841100002393,32.98811000014413],[-96.89646399956193,32.988086999794646],[-96.89617499985694,32.988096000259716],[-96.8955179999059,32.988072999906635],[-96.89460999988472,32.98806799973076],[-96.89404800036824,32.98806500007725],[-96.89348699977837,32.98806099978553],[-96.89299499968378,32.988058000131716],[-96.89062999964537,32.98802299964246],[-96.8906170001249,32.98802299964246],[-96.8904620003142,32.98802099987242],[-96.89044899989541,32.98802099987242],[-96.88891499988532,32.987997000367976],[-96.88790499975688,32.988006999973884],[-96.88748800000536,32.987998000253256],[-96.88624299970027,32.98797200021791],[-96.88628399970814,32.98794799994664],[-96.88598900015538,32.98796500026506],[-96.88489000033846,32.98794899983246],[-96.88399099963978,32.98793499992257],[-96.8800980003374,32.987887999993355],[-96.87945399990684,32.98788000014725],[-96.87772200042835,32.987859000265104],[-96.8776200003211,32.98785799962469],[-96.87561000010996,32.98783400007594],[-96.87529499956737,32.98782999977375],[-96.87462400027096,32.98782199992234],[-96.86918500036458,32.98774799994384],[-96.86863100034572,32.98774199986145],[-96.86842799995613,32.98773900019679],[-96.8664760003696,32.987714999862185],[-96.86595099976475,32.987708999777496],[-96.86372499964351,32.98768099987928],[-96.86342599989278,32.98767800021256],[-96.86318400004342,32.98767499979228],[-96.86291100023197,32.9876710002364],[-96.86129100000817,32.98765200008296],[-96.86027300038211,32.98763900001529],[-96.85594800036127,32.98758599983548],[-96.85562100012312,32.98758099963207],[-96.85487100028568,32.98757299975808],[-96.85469300001043,32.987570000087686],[-96.85135899985148,32.98752700028029],[-96.85029500019468,32.9875140001942],[-96.84730800036535,32.98747499992443],[-96.84716799972495,32.98747300014197],[-96.84492900008325,32.9874450001689],[-96.8441220003444,32.98743499974582],[-96.84409700023004,32.98890799967974],[-96.84408600035938,32.989418000000484],[-96.84406299989486,32.99064499976564],[-96.84402500026,32.99270900021871],[-96.84398199970398,32.99507399973861],[-96.84397000000843,32.99556700023546],[-96.84395400011489,32.99646699982327],[-96.84394700044218,32.99682499977786],[-96.84394499989406,32.99697499984053],[-96.84397400020639,32.997131999627996],[-96.8439759998562,32.99714400002256],[-96.84398400025214,32.997210999684164],[-96.84398300042722,32.997241999667764],[-96.84398199970398,32.997312000101154],[-96.84398099987907,32.99736600024685],[-96.84397400020639,32.99768999967351],[-96.84397199965824,32.997805000148944],[-96.84394700044218,32.99860799975009],[-96.84392999982543,32.9991320001637],[-96.84392999982543,32.99941999964083],[-96.84391999977971,32.99984399983905],[-96.84390700025924,33.000432999677315],[-96.8438629998783,33.00152599982932],[-96.84386000040358,33.00169000017749],[-96.8438489996346,33.002280999945974],[-96.84383299974108,33.0031849999655],[-96.84383199991616,33.00329799988165],[-96.84382900044142,33.00395300012436],[-96.84382299969533,33.00397100007736],[-96.84382900044142,33.00399100018817],[-96.84381600002266,33.004756000270646],[-96.8438119998247,33.00515200005599],[-96.84380799962672,33.005570999888924],[-96.84382900044142,33.00581200001673],[-96.84379299955812,33.00641000004056],[-96.84379000008337,33.00645100033463],[-96.84378500006049,33.00702900037551],[-96.8437840002356,33.00717300014828],[-96.84378199968745,33.00733400003956],[-96.84377900021272,33.00769399966909],[-96.8437780003878,33.00777900028791],[-96.84377599983968,33.00793599968229],[-96.84377599983968,33.007966000004984],[-96.84378500006049,33.00798899969303],[-96.84377199964172,33.00828400023703],[-96.84376400014409,33.00847099963676],[-96.84383799976395,33.0084590000296],[-96.84382199987043,33.00895000026278],[-96.8438119998247,33.0092809998548],[-96.84379599993115,33.010264000121296],[-96.84379299955812,33.01042899967454],[-96.84379299955812,33.01044699981258],[-96.84379299955812,33.01047099999089],[-96.84379299955812,33.01077100016237],[-96.84379299955812,33.01110399970005],[-96.84377699966457,33.01132200020937],[-96.84377599983968,33.01133600017531],[-96.8437490000755,33.011707999962155],[-96.84372399996111,33.01207599973017],[-96.8437149997403,33.012301999989184],[-96.84371399991538,33.01233499991523],[-96.84370300004474,33.01260399992457],[-96.84370300004474,33.01274300010353],[-96.84370300004474,33.01276999997742],[-96.84370300004474,33.01287800014345],[-96.84370300004474,33.013192999684016],[-96.84370899989253,33.013428999831596],[-96.84370899989253,33.0134470001106],[-96.84369800002186,33.01372000037617],[-96.8436729999075,33.01435699996876],[-96.8436510001662,33.0149130003693],[-96.84364799979315,33.01501900025915],[-96.84363899957232,33.0153799997309],[-96.84362199985388,33.01573900008939],[-96.84361900037915,33.01578899971283],[-96.84360599996036,33.01605000017937],[-96.84358000002108,33.016498999892825],[-96.84358500004396,33.016646999770465],[-96.84349399980736,33.01781599965147],[-96.84349100033263,33.01797999984028],[-96.84343000023327,33.018105000188115],[-96.84337400015676,33.018278000238574],[-96.84336699958575,33.01870000034828],[-96.84336599976085,33.018741999738225],[-96.84336400011102,33.01887299998446],[-96.84336800030897,33.01895599979822],[-96.84337300033185,33.01903800000036],[-96.84336900013388,33.01918300003332],[-96.8433559997151,33.02009699979036],[-96.84335900008814,33.02086200026644],[-96.8433559997151,33.02107899973736],[-96.84334599966937,33.02181899962633],[-96.84333200032395,33.02256000032911],[-96.84332899995093,33.022697999631696],[-96.84327600024747,33.02467600003948],[-96.84327500042257,33.02540199987007],[-96.8432789997222,33.02562399976975],[-96.84326700002664,33.02573700030799],[-96.84326600020172,33.025913999773515],[-96.8432650003768,33.025967000276204],[-96.8432639996536,33.02601999999386],[-96.84326700002664,33.026200999713076],[-96.84327000039968,33.027102000237505],[-96.84326200000378,33.02786300018095],[-96.84326100017884,33.02796199977174],[-96.84325199995801,33.02874899989654],[-96.8432429997372,33.029584000273736],[-96.84324199991228,33.02966599962709],[-96.84324100008739,33.02978099983163],[-96.8432069997522,33.03003899980994],[-96.84322099999588,33.03033800027031],[-96.8432069997522,33.030389000056104],[-96.84309999962205,33.03067599973285],[-96.84309499959919,33.030889000040666],[-96.84308600027667,33.031256000183625],[-96.84307600023092,33.031624999839124],[-96.8430739996828,33.03171700022895],[-96.84307100020808,33.031808999769645],[-96.84302799965204,33.03433500025663],[-96.84294900000933,33.038500000358155],[-96.8429470003595,33.038615000329536],[-96.84290100032875,33.039396999918814],[-96.84290100032875,33.03946199975034],[-96.84290299997858,33.04011800023156],[-96.84289999960552,33.04060500018913],[-96.84289499958267,33.041407000093336],[-96.84289399975773,33.04172200009986],[-96.84290899982636,33.04183200024314],[-96.84289299993283,33.04193900016861],[-96.84289100028302,33.04202600020223],[-96.84288700008504,33.042261999964516],[-96.84288600026015,33.04230600022044],[-96.842883999712,33.042406000172576],[-96.84288000041236,33.04250700003164],[-96.84285899959765,33.0434740001413],[-96.84281299956687,33.04542499992348],[-96.84281099991706,33.04551600022396],[-96.84280900026725,33.045608999647754],[-96.84280500006929,33.045768000159896],[-96.84280500006929,33.04584400036954],[-96.8428059998942,33.046086000322916],[-96.84280800044233,33.04641599980381],[-96.84280199969623,33.04665799969149],[-96.8427919996505,33.047027000349786],[-96.84278699962762,33.04722599999579],[-96.84278300032797,33.0474299997677],[-96.84277699958187,33.04767599972794],[-96.84277199955899,33.04790399973869],[-96.84276599971122,33.048212000163346],[-96.84275300019074,33.04882200034795],[-96.84274899999278,33.04897999963024],[-96.8427580002136,33.04902500024134],[-96.84275499984057,33.04903800029645],[-96.84274700034295,33.04907199996818],[-96.84274700034295,33.049100999899295],[-96.84274099959687,33.049505000308905],[-96.84273499974908,33.04990100012686],[-96.84272800007638,33.0499450003314],[-96.84272499970336,33.0500339998564],[-96.84272300005352,33.050104999725995],[-96.84270999963472,33.05076700031519],[-96.84270799998492,33.050842999975664],[-96.84270299996203,33.05105900023766],[-96.8426929999163,33.05149399968022],[-96.84268500041868,33.05177999996025],[-96.84266600015211,33.052439000281204],[-96.84266199995416,33.05257399975427],[-96.84266000030433,33.052629999748234],[-96.84264699988555,33.053099000087805],[-96.84263199981692,33.053636999678865],[-96.84262400031932,33.05407899991443],[-96.84262199977118,33.05420500014406],[-96.84262099994626,33.054225000152],[-96.84261300044865,33.054424999981364],[-96.84258099976329,33.05515499964414],[-96.84256200039503,33.05560199989984],[-96.84254499977828,33.05598999971182],[-96.8425389999305,33.056135999792104],[-96.84253599955746,33.056195999992106],[-96.84251100034142,33.056789999841236],[-96.84250799996836,33.05687100036571],[-96.8425039997704,33.05695000034996],[-96.84244900041713,33.05822800029087],[-96.8424259999526,33.05875999964087],[-96.84236700040135,33.060139000373674],[-96.84236800022629,33.06111699976279],[-96.84236900005118,33.061890000103986],[-96.84236900005118,33.062116999648055],[-96.84236900005118,33.062184000373385],[-96.84236900005118,33.06230899974737],[-96.84236900005118,33.06233899963097],[-96.84236900005118,33.062491999781585],[-96.84236900005118,33.06253099999885],[-96.84236900005118,33.06254500011124],[-96.8423699998761,33.06294199979025],[-96.8423699998761,33.06303699995801],[-96.8423699998761,33.063216999875806],[-96.84236499985323,33.06329600018778],[-96.8423699998761,33.0633119997468],[-96.8423699998761,33.063436999777366],[-96.84236900005118,33.06347600032875],[-96.84236900005118,33.06349599973618],[-96.84236900005118,33.06350999969508],[-96.84236900005118,33.063536000043015],[-96.84236900005118,33.06355399987404],[-96.84236900005118,33.06356499972716],[-96.84236900005118,33.063580000209015],[-96.84236900005118,33.06363999985232],[-96.84236599967815,33.0640280003729],[-96.84236200037849,33.06456000005245],[-96.84235499980748,33.065192999715656],[-96.84235099960954,33.06557299983951],[-96.84234800013478,33.06587899992346],[-96.84232999969313,33.06689900004715],[-96.84232200019552,33.067489999979145],[-96.84231799999756,33.06775600029645],[-96.84230999960164,33.06837099996108],[-96.84230799995181,33.068546000132805],[-96.84230700012691,33.068601000028885],[-96.84230299992895,33.06869399991178],[-96.84229999955589,33.068786999696414],[-96.84229899973099,33.06903199973507],[-96.84229799990608,33.06927699984445],[-96.84229600025625,33.06944899982399],[-96.8422920000583,33.06977899981507],[-96.84228799986033,33.07009300024526],[-96.84227699998966,33.070866000039494],[-96.84227500033985,33.07101500012974],[-96.84227299979172,33.07116300027269],[-96.84227000031701,33.071346999655766],[-96.84227000031701,33.07138200019033],[-96.84226799976884,33.0714190000951],[-96.84225299970024,33.07171699965589],[-96.84225500024839,33.07194499988626],[-96.8422569998982,33.072085000236754],[-96.8422569998982,33.07210799975151],[-96.84224799967738,33.07311499967729],[-96.84224600002753,33.07329299996503],[-96.84224600002753,33.07332000010411],[-96.84223500015688,33.07346399995307],[-96.84222699976095,33.07355999972144],[-96.84221800043844,33.07367299973799],[-96.84221500006541,33.0737120002696],[-96.84221599989031,33.07406899998948],[-96.84221699971523,33.07419399979568],[-96.84221500006541,33.07431799976521],[-96.84219699962372,33.07532799968533],[-96.84219499997393,33.07545700005115],[-96.84219300032407,33.07558899991454],[-96.842186999578,33.07588800004748],[-96.84217099968448,33.07649000031882],[-96.84215800016399,33.07697700008234],[-96.8421449997452,33.07746299978459],[-96.84214399992028,33.07749699976861],[-96.84214300009538,33.07750800013695],[-96.84213200022471,33.077754000351675],[-96.84212499965372,33.07792099997074],[-96.84211700015611,33.07808800002549],[-96.84209000039192,33.07867100018778],[-96.84206299972944,33.07925400024966],[-96.84205900042978,33.07933999993822],[-96.84205299968367,33.07947900021107],[-96.84204699983592,33.08012300022794],[-96.842046000011,33.08019099963194],[-96.84204500018608,33.080260000080294],[-96.8419820004369,33.08161399967171],[-96.84192999966005,33.08273600022408],[-96.84191899978939,33.082966000372686],[-96.84187600013168,33.08514599969578],[-96.84187100010884,33.08539499972805],[-96.84186699991086,33.08557600010391],[-96.84186600008593,33.08564899971762],[-96.84186100006306,33.08593299984479],[-96.84186000023817,33.08599699966202],[-96.8418569998651,33.086121000304274],[-96.8418560000402,33.08618699978577],[-96.84185400039036,33.086263999996355],[-96.8418490003675,33.08645600009084],[-96.84184599999446,33.08654400005679],[-96.84180800035962,33.08804500007773],[-96.84179699959066,33.088485000107525],[-96.84176700035174,33.08965299994786],[-96.84176399997868,33.089762000171774],[-96.84176099960564,33.08987100026062],[-96.84174499971212,33.09049999979043],[-96.84169700003156,33.09240499992896],[-96.8416660000694,33.0936700002141],[-96.84163500010726,33.09555999985452],[-96.84163099990931,33.095906000126774],[-96.84162599988643,33.09625199978974],[-96.8416230004117,33.096343999627514],[-96.84162099986355,33.09638199972875],[-96.84161900021374,33.09643700028183],[-96.84161900021374,33.09647999963673],[-96.84161900021374,33.09652500004163],[-96.84161800038882,33.09658999983333],[-96.8416169996656,33.09665599973467],[-96.84161400019086,33.09687100027839],[-96.8416099999929,33.09708699969659],[-96.84159499992431,33.097975000006265],[-96.84159199955124,33.09815499993145],[-96.8415820004038,33.09877299967877],[-96.8415820004038,33.09882200019491],[-96.84156999980993,33.09951099966083],[-96.84155399991641,33.10055799967089],[-96.84155200026659,33.10067199972759],[-96.84154999971845,33.10078500027824],[-96.84154800006863,33.10086600018398],[-96.84154700024371,33.10094599990611],[-96.84151999958122,33.10261799985831],[-96.8415039996877,33.10361400024961],[-96.84146100003,33.106195999684054],[-96.84146000020509,33.10628200011115],[-96.84145600000711,33.10654999983494],[-96.84145199980915,33.10673399967744],[-96.84145099998426,33.10681700020413],[-96.84144900033442,33.10693499982979],[-96.84143799956546,33.10761800020616],[-96.84143500009073,33.10780200006961],[-96.84143199971768,33.10798800035786],[-96.84143099989275,33.10807999995035],[-96.84142699969479,33.10829400036376],[-96.84142400022009,33.1084660000369],[-96.84142199967194,33.108620999760134],[-96.8414190001972,33.10879999968286],[-96.84141099980128,33.10925399986925],[-96.8414059997784,33.10958300022884],[-96.84140099975554,33.10984699963559],[-96.84139999993063,33.109912000108864],[-96.84139900010572,33.10995299963026],[-96.84139699955757,33.110120999799925],[-96.84139400008284,33.11032899974399],[-96.84139200043302,33.11039599986354],[-96.84139099970977,33.110461999931296],[-96.84138400003712,33.11087000000213],[-96.84137999983915,33.11114199999992],[-96.84137800018931,33.11128600036603],[-96.84137700036439,33.111429999743656],[-96.84137700036439,33.11156699972149],[-96.84137200034154,33.1116540001457],[-96.84137999983915,33.11298000009893],[-96.84137999983915,33.11300500014754],[-96.84137999983915,33.113027000274734],[-96.8413830002122,33.11315400031982],[-96.84138099966404,33.11322399969741],[-96.84138099966404,33.1132540002735],[-96.8413830002122,33.11371699968908],[-96.84138400003712,33.1138220003189],[-96.841384999862,33.11415300004261],[-96.84138800023506,33.11461000026636],[-96.84139099970977,33.1149909997568],[-96.84139400008284,33.115245999950034],[-96.8414059997784,33.11596199989002],[-96.84140699960332,33.11603599978852],[-96.84140800032654,33.11609000014283],[-96.84141099980128,33.11618999976383],[-96.84141099980128,33.11622100001447],[-96.84141099980128,33.11626899989558],[-96.84141099980128,33.1162870002204],[-96.84141199962619,33.11650799972811],[-96.84140699960332,33.11664100034179],[-96.84138999988488,33.11742400022257],[-96.84138999988488,33.11744699991651],[-96.84138900005996,33.11748599984188],[-96.84138800023506,33.11751900022812],[-96.84137700036439,33.118011000276134],[-96.84136700031866,33.11832799975551],[-96.84134700022717,33.1189340002256],[-96.84134399985413,33.119037999982794],[-96.84133999965617,33.11917699993615],[-96.84133700018143,33.119261999793835],[-96.84132700013569,33.119701000147856],[-96.84132200011281,33.11988600017801],[-96.84131999956467,33.1199719999943],[-96.84130899969404,33.12042100018693],[-96.8413010001964,33.12073700011245],[-96.84129500034864,33.12093500018158],[-96.84128799977763,33.12124200010909],[-96.84128799977763,33.12125500002596],[-96.84128799977763,33.1212679999409],[-96.84128199992983,33.121494999708275],[-96.84125500016566,33.12253999984893],[-96.8412429995718,33.12301300005347],[-96.84123199970114,33.123429000087185],[-96.84122199965539,33.12384399980651],[-96.84121199960965,33.124252000163885],[-96.84120199956389,33.12466099996923],[-96.84118900004343,33.12517999989144],[-96.84117899999767,33.12557000013653],[-96.84116200027924,33.12624000013996],[-96.84115600043147,33.126486000153804],[-96.84112999959389,33.127473000260984],[-96.84110500037785,33.1284590000092],[-96.84105000012624,33.13047000031559],[-96.8410459999283,33.13061500035996],[-96.84102800038497,33.13141099968865],[-96.84102400018698,33.13160299969755],[-96.84079800023117,33.14192000030044],[-96.84078999983525,33.14227400012761],[-96.84064000004742,33.14565700011389],[-96.84064099987233,33.14569499994349],[-96.84064500007031,33.14582000017721],[-96.84064699972012,33.145887000295346],[-96.84066000013893,33.14638200035754],[-96.84045500009952,33.151873999914606],[-96.84045099990153,33.15195000018836],[-96.8404400000309,33.15222000023249],[-96.84042800033531,33.152520000142474],[-96.84042599978719,33.152584999862384],[-96.84042499996227,33.15270099986765],[-96.84042400013735,33.152728999949716],[-96.8404209997643,33.15282700016638],[-96.8404190001145,33.15291499983792],[-96.84040700041894,33.15345199988585],[-96.84038800015236,33.15420399974507],[-96.84038099958134,33.15447999962417],[-96.84033700009871,33.15627600031566],[-96.8402860000451,33.158346999859056],[-96.84028199984716,33.1585039999272],[-96.84025099988501,33.16001499962972],[-96.84012200001357,33.16650899967017],[-96.84009400042449,33.16799400027095],[-96.8401179998156,33.16998599993256],[-96.84012799986134,33.17078200000339],[-96.84014100028014,33.17186799969009],[-96.84017600044025,33.174660000353484],[-96.84017700026513,33.17478099982813],[-96.84017899991498,33.174900999869116],[-96.8401799997399,33.174999000119065],[-96.8401799997399,33.175104999636936]]],[[[-96.94509999997318,33.85277800000155],[-96.94512599991245,33.8469930000151],[-96.94500100023897,33.84315700032299],[-96.94499500039119,33.84296299971415],[-96.94497299975158,33.84229000035682],[-96.944961000056,33.841934000335954],[-96.9449259998959,33.84086600032822],[-96.94491500002525,33.8405110001616],[-96.94489499993377,33.83989400005385],[-96.94487300019246,33.83918300003696],[-96.9448689999945,33.83804600014949],[-96.9448680001696,33.837622999894194],[-96.9448680001696,33.837431999713715],[-96.94486499979655,33.83692599991094],[-96.94486099959857,33.83540900031393],[-96.94485999977367,33.83490400035658],[-96.94485700029892,33.83209199978392],[-96.944848999903,33.83126099981731],[-96.94484100040542,33.829773000270855],[-96.94481499956782,33.82490400011954],[-96.9448139997429,33.82447299971499],[-96.9448139997429,33.8243040001634],[-96.9448139997429,33.82413300025944],[-96.94480700007023,33.81634699983669],[-96.9447850003289,33.81264199984985],[-96.94478600015383,33.812578000342796],[-96.94474500014594,33.80565799987805],[-96.94474299959779,33.805187000011486],[-96.94472300040462,33.801539999877605],[-96.94470300031314,33.79801100021698],[-96.94466999980285,33.79032199986947],[-96.94466700032814,33.78957999969521],[-96.94462700014518,33.78368599985704],[-96.94460100020589,33.77956000033326],[-96.94459600018301,33.778785000373105],[-96.94459000033522,33.77836000013964],[-96.94458899961202,33.77830000032334],[-96.94458399958914,33.777871999767406],[-96.94437900044805,33.761419000140776],[-96.94437699989992,33.76136900036782],[-96.94429099968619,33.75968599995826],[-96.94440100018936,33.75635100027995],[-96.94438299974767,33.756209999977585],[-96.94438199992277,33.75600600027375],[-96.94438100009786,33.75590200012081],[-96.94438199992277,33.755661000372925],[-96.94437299970195,33.75521699992524],[-96.94438299974767,33.75514699965154],[-96.9442789999906,33.75161299975267],[-96.9442630000971,33.751072000021324],[-96.94423399978477,33.75010399966195],[-96.9441860001042,33.74606700003871],[-96.94411800033214,33.74040999977213],[-96.94411699960891,33.740307999861244],[-96.94410999993623,33.73874900003736],[-96.94409300021778,33.73511000017936],[-96.94404200016417,33.72511399990635],[-96.94402100024776,33.72010200029708],[-96.94402000042285,33.72003499969708],[-96.94401399967674,33.71927099967333],[-96.94400799982897,33.71868399968081],[-96.94400500035424,33.71834700009025],[-96.94399799978322,33.717561999814464],[-96.94399199993543,33.71654500017885],[-96.94398799973749,33.7160590001658],[-96.94398199988969,33.715210000115306],[-96.94397699986682,33.71442600009516],[-96.94397600004191,33.71430100011558],[-96.94397299966886,33.713928999984496],[-96.94397299966886,33.71380499983168],[-96.94397100001903,33.71364700016102],[-96.94396699982109,33.71317600033028],[-96.94396599999618,33.71301900006167],[-96.9439609999733,33.71221400022461],[-96.94394599990468,33.70980000012075],[-96.94394199970672,33.70899599985828],[-96.9439400000569,33.708850000131434],[-96.943939000232,33.70875399999152],[-96.94393800040709,33.70865799974435],[-96.94388099960736,33.70340000008545],[-96.94386499971384,33.702134999932],[-96.94386399988892,33.7017750002289],[-96.94382399970594,33.69056399965538],[-96.94381899968309,33.68918999963259],[-96.94379100009398,33.68562000024062],[-96.94376799962946,33.68140700001547],[-96.94375599993388,33.67959400036198],[-96.94375599993388,33.67926299963956],[-96.94375500010898,33.67917400002744],[-96.94375299956083,33.67895900029032],[-96.94375199973594,33.678906999890664],[-96.94375199973594,33.678817999910024],[-96.94375000008611,33.67865099976489],[-96.94374699971306,33.678153000280105],[-96.94374599988815,33.677986999810926],[-96.94373199964444,33.67603700031528],[-96.94369499983452,33.670674000062355],[-96.94369099963656,33.670189000286065],[-96.9436780001161,33.66823999999002],[-96.9436780001161,33.66820099969144],[-96.94367499974302,33.66780799995146],[-96.94367399991813,33.66769000031823],[-96.94367399991813,33.66757199977548],[-96.94366499969728,33.666362000215344],[-96.94362700006245,33.66073099989997],[-96.94361700001672,33.659171999935616],[-96.94361500036688,33.65885399964212],[-96.94361199999383,33.65872900032185],[-96.94360299977302,33.65835500022436],[-96.9436010001232,33.658230999881226],[-96.94359000025253,33.65780099983955],[-96.9435879997044,33.65771600002908],[-96.94358299968152,33.65680399982276],[-96.94357000016105,33.65466599996204],[-96.94356799961292,33.654457999992246],[-96.943566999788,33.654265999976545],[-96.94354400022178,33.65024200000948],[-96.94353199962791,33.648237999809325],[-96.94349200034324,33.64142800023245],[-96.9434880001453,33.640617999698556],[-96.9434820002975,33.63956900007664],[-96.94346399985584,33.63642300002924],[-96.94345800000806,33.63537500012971],[-96.94345100033536,33.6340649998977],[-96.94344100028964,33.63284699968935],[-96.94343600026673,33.63220100008012],[-96.94342799987082,33.63127900015349],[-96.94341700000015,33.62986100011145],[-96.94339899955851,33.6276760001265],[-96.9433919998858,33.625263999814514],[-96.9433919998858,33.62510899998979],[-96.94334199965711,33.622736999708295],[-96.94334199965711,33.622169999684274],[-96.9433409998322,33.621387999702506],[-96.94334000000728,33.62060600010426],[-96.94334000000728,33.62047400036925],[-96.94334000000728,33.62041699982617],[-96.94334000000728,33.61989899998658],[-96.94333900018239,33.61930800003762],[-96.94333900018239,33.619079999790245],[-96.94334000000728,33.61885199968771],[-96.94334599985507,33.60601100009614],[-96.94334900022812,33.600844999814406],[-96.94335000005303,33.59839100034891],[-96.94335000005303,33.597935000085315],[-96.94335000005303,33.59657099996816],[-96.94335000005303,33.59655500001655],[-96.94335099987794,33.59611600023219],[-96.94335000005303,33.59550999988077],[-96.94334699967997,33.593692000218205],[-96.94334699967997,33.59308600004675],[-96.9433480004032,33.59190799998861],[-96.9433480004032,33.5914239999762],[-96.94335199970284,33.586441000074814],[-96.94335400025098,33.58477999976171],[-96.94335400025098,33.58461800032793],[-96.94335400025098,33.583647999970545],[-96.9433559999008,33.58025599999002],[-96.94335699972572,33.57912499984861],[-96.94335699972572,33.57902800026603],[-96.94335699972572,33.578750999877954],[-96.94335699972572,33.57873899986807],[-96.94335800044897,33.57864299972896],[-96.94335699972572,33.57857599969329],[-96.94335699972572,33.57837699978345],[-96.94335699972572,33.57831100017086],[-96.94335800044897,33.576450999929015],[-96.94335900027386,33.57614100035763],[-96.94336000009878,33.57087099972342],[-96.94336099992367,33.56901200007881],[-96.94336099992367,33.568599999954266],[-96.94336099992367,33.56834399971495],[-96.94336099992367,33.56808800021361],[-96.94336099992367,33.56705899980042],[-96.94336199974859,33.564260000226014],[-96.94336400029674,33.56120299989668],[-96.94336500012163,33.55925099976557],[-96.94336500012163,33.55840600012821],[-96.94336599994656,33.55587100027516],[-96.94336699977146,33.555265999685126],[-96.94336699977146,33.555026999912855],[-96.94336699977146,33.55341200032773],[-96.94336900031958,33.548567000104235],[-96.94337000014451,33.546952999792595],[-96.94337000014451,33.54676800007803],[-96.94337000014451,33.54621799982187],[-96.94337099996942,33.54603499979225],[-96.94337099996942,33.54556199997811],[-96.94337099996942,33.54547299997061],[-96.94337199979434,33.54448899996174],[-96.94337199979434,33.54436700028928],[-96.94337299961924,33.54121099974867],[-96.94337400034247,33.53857100019698],[-96.94337400034247,33.53699099988976],[-96.94337500016736,33.536341999968485],[-96.94337500016736,33.536245999869884],[-96.9433769998172,33.53614999966467],[-96.9433769998172,33.53588999985269],[-96.9433769998172,33.53546799970853],[-96.9433769998172,33.53542499995258],[-96.9433769998172,33.53507700035719],[-96.9433769998172,33.534727999723984],[-96.94337799964212,33.53255800029294],[-96.94337900036534,33.529776000169875],[-96.94337799964212,33.529744000214606],[-96.94337900036534,33.52927999990673],[-96.94337900036534,33.52904400000851],[-96.94338000019026,33.52880800021504],[-96.94338000019026,33.52875399963232],[-96.94338199984007,33.528699000058076],[-96.94338199984007,33.5286439997],[-96.94338199984007,33.52857899998057],[-96.94338199984007,33.52851400021227],[-96.9433840003882,33.52761499973074],[-96.94338299966499,33.5211909999807],[-96.94338299966499,33.51972799996564],[-96.94338600003803,33.51533799988775],[-96.94338799968786,33.51387700025222],[-96.94338799968786,33.51252999983615],[-96.94338900041109,33.51093800036952],[-96.943390000236,33.50849000004004],[-96.94339100006091,33.507144000358316],[-96.94339100006091,33.507111000312946],[-96.94339100006091,33.5068690000954],[-96.94339100006091,33.50604400005587],[-96.94339100006091,33.50577000001447],[-96.94339100006091,33.50541199968113],[-96.9433919998858,33.50530599993434],[-96.9433919998858,33.50484200036272],[-96.9433919998858,33.50441500008946],[-96.9433919998858,33.50434500019979],[-96.9433919998858,33.503988999948916],[-96.94339100006091,33.503864000079496],[-96.94339100006091,33.503490000135145],[-96.9433919998858,33.503366000293596],[-96.94338799968786,33.502948000267956],[-96.9433769998172,33.50169900015804],[-96.94337500016736,33.50128499966683],[-96.94337299961924,33.501095000240504],[-96.94336900031958,33.50052800030506],[-96.94336799959639,33.50033900000062],[-96.94336599994656,33.50011100009492],[-96.94336599994656,33.49996899996182],[-96.94337299961924,33.49886200024937],[-96.9433759999923,33.49849299994618],[-96.9433759999923,33.49840999977494],[-96.9433769998172,33.49816100028208],[-96.94337799964212,33.49807899985313],[-96.94337900036534,33.49779999974849],[-96.94338100001518,33.49752100024298],[-96.94338299966499,33.49711800003572],[-96.94338699986294,33.49637900013884],[-96.943390000236,33.49585800025915],[-96.94339899955851,33.49424100013621],[-96.94340000028174,33.49419499979565],[-96.94340299975649,33.49373799987274],[-96.94340399958139,33.49366100030732],[-96.94340600012954,33.49337000031926],[-96.94340600012954,33.493234000316484],[-96.94340799977935,33.49274699990403],[-96.94341899964998,33.490998000161426],[-96.94342200002303,33.49044899970514],[-96.94342200002303,33.49036700021297],[-96.94342399967287,33.49013800011443],[-96.94342399967287,33.49012099977214],[-96.94342500039609,33.49004000012277],[-96.94342799987082,33.489366999920975],[-96.94343200006878,33.488743999923734],[-96.9434399995664,33.487448999992154],[-96.9434399995664,33.48734999976993],[-96.94344200011452,33.48706300030227],[-96.94344399976436,33.486677999833404],[-96.94344999961214,33.485692000252996],[-96.94346200020603,33.485003999802636],[-96.94345600035824,33.484656999878325],[-96.94345999965788,33.48398500002549],[-96.9434610003811,33.483845000117924],[-96.9434610003811,33.48380099995042],[-96.94346499968074,33.48320600013891],[-96.94346899987872,33.482587999727315],[-96.94347200025176,33.48200799977233],[-96.94349200034324,33.47863800011639],[-96.94351400008455,33.47468800023665],[-96.94351800028251,33.47395299986855],[-96.94352300030538,33.473218000009766],[-96.943538000374,33.47066900036188],[-96.94354099984872,33.470183999728995],[-96.94354300039686,33.46979699990363],[-96.94355199971939,33.4682689996607],[-96.94355699974228,33.467286999796315],[-96.94355699974228,33.467198999855945],[-96.94355799956716,33.4671050003148],[-96.9435590002904,33.466938000009634],[-96.94356000011531,33.46685199980774],[-96.94356000011531,33.46674199987821],[-96.94356000011531,33.4664140001044],[-96.94356099994022,33.46630599972447],[-96.94356099994022,33.4660339999477],[-96.94356199976512,33.46521799999218],[-96.94356299959004,33.46517800036991],[-96.94356299959004,33.46494799993554],[-96.94356400031327,33.46474699982182],[-96.94356400031327,33.46454500029314],[-96.9435650001382,33.46378999994592],[-96.94356799961292,33.46185300020534],[-96.94357000016105,33.460318000332634],[-96.94357199981087,33.45916099970804],[-96.94357299963578,33.45900599998158],[-96.94357400035902,33.45879699996477],[-96.94357699983374,33.45863099990801],[-96.9435800002068,33.45780800003433],[-96.94358600005458,33.45698599962864],[-96.94358699987949,33.45677300008762],[-96.94360000029828,33.4547989997245],[-96.94361399964366,33.4528250001422],[-96.94361500036688,33.4526129999594],[-96.94361700001672,33.45240000016948],[-96.94362700006245,33.450858000338656],[-96.94363200008532,33.44952800007111],[-96.94363600028329,33.44951600011339],[-96.94366499969728,33.44523800007417],[-96.94366899989525,33.44460299997914],[-96.94367499974302,33.44363400036718],[-96.94368099959084,33.44261999963852],[-96.94368200031404,33.44239599980421],[-96.94368300013896,33.44222100023397],[-96.9436940000096,33.440261999648705],[-96.9436940000096,33.440129000184264],[-96.94369700038266,33.439780999758604],[-96.94369700038266,33.439731999786865],[-96.94369800020756,33.43960100023146],[-96.94369999985739,33.43925199994692],[-96.9437009996823,33.439120999666734],[-96.94370400005536,33.43864100019469],[-96.94370599970519,33.438248999742974],[-96.94370599970519,33.438204999665864],[-96.94369999985739,33.43785699976916],[-96.94369499983452,33.43780100016375],[-96.94369599965943,33.43763699966584],[-96.94370999990315,33.43758299993682],[-96.94371099972804,33.43735399978259],[-96.94371599975092,33.436670000250615],[-96.94371900012396,33.436441999958085],[-96.94371900012396,33.43639699969143],[-96.94371900012396,33.43626500032399],[-96.94371999994888,33.43622099999049],[-96.94372499997175,33.43546499963435],[-96.94374000004036,33.433198999649896],[-96.94374599988815,33.432444000023374],[-96.94374199969018,33.43242300008383],[-96.94374599988815,33.43237799998213],[-96.94374699971306,33.43236299969315],[-96.94377000017758,33.42917200017918],[-96.94377299965234,33.4288209997138],[-96.9437989995916,33.42495800032247],[-96.94380100013973,33.424712000166394],[-96.94380299978955,33.4244670002233],[-96.94380399961447,33.424345000073295],[-96.94380500033768,33.42422299975189],[-96.94381399966021,33.42295500033327],[-96.94383700012473,33.41959999977222],[-96.94383899977456,33.41927299963101],[-96.94384200014761,33.418835999801225],[-96.94384499962234,33.418338999684494],[-96.94385300001827,33.417256000044176],[-96.94385800004113,33.416670999660894],[-96.94385999969096,33.416409999971926],[-96.94303600023366,33.41638400013523],[-96.94056400006515,33.41630599982847],[-96.93974100043276,33.41627999996059],[-96.93967799978526,33.41627699994649],[-96.93953499967012,33.416272999677645],[-96.93950700008104,33.41627200017271],[-96.93949100018752,33.41627200017271],[-96.93946000022537,33.41627200017271],[-96.93942900026323,33.41627099991799],[-96.93931799993516,33.416266000143864],[-96.93920999998012,33.416261999874514],[-96.93864099989264,33.41624399978465],[-96.93851799986898,33.416240000264054],[-96.93845099992183,33.41623799975387],[-96.93807199980516,33.41621199986562],[-96.93179600002271,33.4157920003042],[-96.91934599966676,33.41496000024568],[-96.91926000035134,33.41496000024568],[-96.91881000008956,33.41492999964411],[-96.91630799978381,33.41486199999167],[-96.91535600028,33.41483899975533],[-96.91312199976286,33.414782000023635],[-96.91195000015101,33.41474799977122],[-96.90865600017503,33.41465100030115],[-96.9081520003849,33.41464200008973],[-96.90769999957494,33.4146139999259],[-96.90726199990702,33.41460199963868],[-96.9071110002943,33.41459900031645],[-96.90613999962558,33.41458899982555],[-96.90369199974651,33.41451299995619],[-96.90188499992496,33.4144840002253],[-96.90088400001734,33.4144449999773],[-96.89590000039564,33.41424999997398],[-96.89432200000462,33.414202000113654],[-96.89348599995346,33.41417600036571],[-96.89325999999764,33.414170000192044],[-96.89159000044343,33.414098999855185],[-96.88808200020718,33.413983999851794],[-96.88627600021054,33.4139160002085],[-96.88499499992045,33.41387699970536],[-96.87656499998681,33.41353100031968],[-96.87592999977709,33.413520000169235],[-96.87588700011938,33.41394800022371],[-96.87576999994351,33.414065000085216],[-96.87557900014781,33.414098999855185],[-96.8750719999846,33.414090999866396],[-96.87467299977642,33.41406099971442],[-96.8722140000267,33.41399499994347],[-96.8682630000997,33.413924999745305],[-96.86526100020174,33.41383799993457],[-96.85368999955467,33.41361299976125],[-96.84292899991783,33.413403999861266],[-96.84109799980683,33.413377000336205],[-96.84109799980683,33.4133539997066],[-96.84109799980683,33.41328800014821],[-96.84109799980683,33.41326599978437],[-96.84110100017988,33.4128720003685],[-96.84111200005052,33.41169499968269],[-96.84111600024852,33.41132400031222],[-96.84111600024852,33.41130299976284],[-96.84117099960176,33.40558900001609],[-96.83477599999364,33.40548899967942],[-96.8346389997263,33.40549099968729],[-96.83410999982178,33.405498000089395],[-96.83400400041486,33.4055040001122],[-96.82865800039494,33.405277000084844],[-96.82864599980105,33.40536299984126],[-96.8279369999715,33.405330000032],[-96.82791199985714,33.40533200004352],[-96.82577299977454,33.40523400017474],[-96.8254449997115,33.405218999695336],[-96.82505200024941,33.40520199994876],[-96.82207000044296,33.40523600018846],[-96.81696399972424,33.40510700033335],[-96.81627699963596,33.405089000181356],[-96.81567499993652,33.40507399967694],[-96.81472799955726,33.40505400025015],[-96.81229800011987,33.40500199976927],[-96.81221000025631,33.40499799973098],[-96.81206600031625,33.40499199967323],[-96.81194800031548,33.40498900001909],[-96.81186100027685,33.40498900001909],[-96.81173400005524,33.40498799963443],[-96.8108150001634,33.40496299976312],[-96.80767900037115,33.404877000360656],[-96.8066340000826,33.40484999968485],[-96.8064640002033,33.40484500000319],[-96.80624099972222,33.404840000321244],[-96.80421899981552,33.40479500017096],[-96.79697599956232,33.40463399997577],[-96.79456200001843,33.40458100035394],[-96.79403599958866,33.4045659997618],[-96.79245800009595,33.40452100021951],[-96.79193300038939,33.40450700000722],[-96.7886600003298,33.40441799972966],[-96.78846199996308,33.40441199963185],[-96.78844400041972,33.40441199963185],[-96.7882169997407,33.40440600028349],[-96.7879770004395,33.40439800015187],[-96.78512899962904,33.40432000032967],[-96.7797969998528,33.40417199987847],[-96.77976699971559,33.40417100023433],[-96.77869999968571,33.40414200005018],[-96.77611100023968,33.404070999765345],[-96.77215600011469,33.40396400015592],[-96.77162399983712,33.40393299985899],[-96.77002899972766,33.40384100004963],[-96.76949800017333,33.403811999755334],[-96.76931200040048,33.40378900034253],[-96.76924399973011,33.40379600013184],[-96.76914499999592,33.40379499973344],[-96.76909599959211,33.40379299968653],[-96.76905299993442,33.40379299968653],[-96.7689890003603,33.40378199980272],[-96.7683270003864,33.40377000026871],[-96.76788700017033,33.40376099967973],[-96.7674839997642,33.403753999887606],[-96.76607899962556,33.4037280000119],[-96.76561800039143,33.40371999981779],[-96.76548199994899,33.403721999866384],[-96.76481300030238,33.403717000119805],[-96.76416200019916,33.403706000226364],[-96.76212100002584,33.40366300028858],[-96.76185200041233,33.40366699963838],[-96.76181700025222,33.403668000038266],[-96.7616459996497,33.40366399993857],[-96.76149300038713,33.40366300028858],[-96.76137899968599,33.40363599998542],[-96.7602659996254,33.40360899967386],[-96.75988900005684,33.40359999981814],[-96.75960600019961,33.40359300001305],[-96.75686200004455,33.40352800018873],[-96.75672300012737,33.403524999734174],[-96.7563930004145,33.40351700027137],[-96.75482900026718,33.40350499995082],[-96.754466000044,33.40349400003054],[-96.75402300035323,33.40348100005478],[-96.75365900030515,33.40347200018575],[-96.75336899987693,33.4034660000226],[-96.75155500038267,33.403427000076874],[-96.75140200022179,33.403424000368716],[-96.75100700021159,33.40341600014668],[-96.7502129999932,33.403399000047294],[-96.74999899973297,33.4033880001136],[-96.74963999970775,33.40337900023499],[-96.74856400035537,33.40334999978647],[-96.74787999974185,33.403332000020384],[-96.74615800030911,33.403286999838954],[-96.74569800000157,33.40327599989108],[-96.7455809998257,33.403273000177755],[-96.74503900040071,33.40326000016888],[-96.74271000034732,33.40320199993265],[-96.7415610003017,33.403173999830614],[-96.74086499999262,33.40317700029729],[-96.74079499967243,33.40317700029729],[-96.74072600007545,33.403184000135916],[-96.74064099968663,33.40319099997401],[-96.73755000010024,33.4031279999112],[-96.73514900007683,33.403081000310756],[-96.73271100024353,33.403031999870585],[-96.73186199977354,33.40301499969607],[-96.73160499985558,33.40300999990881],[-96.7311770002334,33.403000999990994],[-96.7295910003448,33.40296800003449],[-96.72915399960345,33.40295900011238],[-96.72912500018948,33.40295799970434],[-96.72844200029917,33.40294300033181],[-96.72820299992458,33.40293700013212],[-96.72807099968009,33.40293500006547],[-96.72796400044828,33.40293299999877],[-96.72788400008234,33.402930999932025],[-96.72770900018016,33.402928000206735],[-96.72748900007213,33.40292299966453],[-96.72741799992701,33.402922000006015],[-96.72725100042076,33.402917999871974],[-96.72703899981033,33.402911999670565],[-96.72640399960062,33.40290099967521],[-96.72619299971342,33.402897999948884],[-96.7261559999035,33.402897000290096],[-96.72610099965189,33.40289599988134],[-96.72604499957541,33.402895000222514],[-96.72600899959038,33.402895000222514],[-96.72469800006138,33.40287199981703],[-96.7246570000535,33.40286999974888],[-96.7206009996462,33.402796999854566],[-96.7192499999342,33.40277499983335],[-96.71922099962188,33.402774000173075],[-96.71896600025207,33.4027610000896],[-96.71827300031603,33.402728000041954],[-96.71811400030737,33.40271999975577],[-96.71783099955184,33.4027060000032],[-96.71780100031292,33.402703999931234],[-96.71604999966955,33.402664999643406],[-96.71247299983634,33.402586000102886],[-96.71070700002267,33.402546000099264],[-96.70892699996526,33.402506999740574],[-96.70818399980051,33.40249000021329],[-96.70595600002947,33.40243999977569],[-96.70521399968963,33.4024239998996],[-96.70362199995323,33.40238300015668],[-96.70329200024034,33.402374999838784],[-96.70015200025014,33.40229600003451],[-96.69732400042948,33.40224800031775],[-96.69603999976631,33.402219000241665],[-96.69494000012452,33.40219499999035],[-96.69394500006467,33.4021720001495],[-96.68759899996202,33.40203000005169],[-96.68284700014392,33.40192399984855],[-96.68100299961415,33.40188200019922],[-96.67906799974605,33.40183799968773],[-96.67700599965636,33.40179300023242],[-96.67679399994425,33.401788000374836],[-96.67658100040723,33.40178299976703],[-96.67606699967303,33.40177199962868],[-96.67555299983714,33.40175999981712],[-96.66918499999318,33.40161799979594],[-96.6683919995997,33.40160100009471],[-96.66728699993504,33.401576999672685],[-96.66529199979249,33.40153200008219],[-96.66186499974712,33.401456000037555],[-96.65658900004736,33.40133800001423],[-96.65650000035889,33.401333000130464],[-96.6564860001152,33.40133100002689],[-96.65382300015098,33.40127500010773],[-96.65334500030009,33.40126399990513],[-96.65325599971331,33.401261999799964],[-96.65270800044053,33.40124999991791],[-96.64663500014937,33.401114000139195],[-96.64052900024625,33.40097899982849],[-96.63936599995691,33.400952999872345],[-96.63696699958336,33.40089899982313],[-96.62977100008415,33.40073700022421],[-96.62737300043379,33.40068500015925],[-96.62732900005287,33.40068500015925],[-96.62695099976109,33.40067500031629],[-96.6256850004379,33.40064700014987],[-96.62526399959012,33.40063899967206],[-96.62507600016745,33.400640000106804],[-96.62437900003346,33.400642999911085],[-96.62325799957692,33.40064900026919],[-96.62172399956683,33.40065799968061],[-96.62120899990603,33.4006619999187],[-96.62083999983508,33.40066400003768],[-96.62079700017738,33.40066400003768],[-96.62072500020734,33.40066600015666],[-96.61869499990472,33.400630000258666],[-96.61739600007127,33.40060999980892],[-96.61226000011362,33.40052199972527],[-96.61137399983373,33.400506999932205],[-96.61011600000816,33.400485999767604],[-96.60961600041597,33.40048000014822],[-96.60858100017316,33.40046699972145],[-96.60820700007935,33.40046199978756],[-96.60148400040815,33.40037999993071],[-96.59981899997852,33.40035899973542],[-96.59877100021522,33.40034600004051],[-96.59781100031549,33.40033400003202],[-96.59675000013341,33.40032100033336],[-96.59490899997665,33.40029899968516],[-96.59486100029609,33.40029799999646],[-96.59290200013855,33.400273999964504],[-96.59140900013635,33.400256000311145],[-96.5899620001649,33.400239000343454],[-96.5898280002706,33.40023799990409],[-96.58580299982542,33.400266000202386],[-96.58559199993823,33.40028800010897],[-96.585309000081,33.40029799999646],[-96.584359000227,33.40028000034809],[-96.58426299996754,33.400281000037],[-96.58421199991392,33.400281000037],[-96.58360199981855,33.40025900012863],[-96.58340400035014,33.40025100036512],[-96.58284399958518,33.40023000013866],[-96.5826829999267,33.400254000182784],[-96.5826279996751,33.400262999635174],[-96.58259099986519,33.40026900001952],[-96.58256800029896,33.400271999836555],[-96.58250200017673,33.400281000037],[-96.58248000043542,33.40028199972589],[-96.58222099996934,33.40026999970855],[-96.5820770000293,33.400262999635174],[-96.58087000025735,33.40021199972622],[-96.58046799967613,33.40019499974991],[-96.58045400033073,33.400194000060026],[-96.58041199959963,33.40019100024029],[-96.58039900007917,33.40019199993023],[-96.58035600042145,33.40018900011044],[-96.58033700015488,33.40018799967049],[-96.58028899957598,33.40018699998052],[-96.5802750002306,33.40018600029054],[-96.58020300026058,33.40018200003053],[-96.57992799990096,33.40017299981978],[-96.57986599997668,33.40016900030915],[-96.5780159995991,33.40009499995438],[-96.57748000002191,33.400085999734685],[-96.57729099987601,33.400077999955194],[-96.57715699998172,33.400072999998926],[-96.57675799977353,33.40006399977694],[-96.57668099978065,33.40006399977694],[-96.57662499970414,33.40006300008554],[-96.57656199995495,33.40006199964416],[-96.57637399963397,33.40006000026124],[-96.57631199970972,33.40006000026124],[-96.5758050004448,33.40007099986635],[-96.57538100012228,33.399987999948245],[-96.57471499995042,33.39998000015979],[-96.57422299985583,33.39996899979318],[-96.57352800026997,33.39994600011308],[-96.57285000040255,33.39994600011308],[-96.57197099979535,33.3999390000136],[-96.57172499974804,33.39992900008474],[-96.57135099965423,33.3999240001199],[-96.57052299999899,33.39988900035788],[-96.57001699966068,33.39987300001198],[-96.5695949998863,33.39983199981531],[-96.56952100026643,33.39981100023755],[-96.56944599992337,33.39976900031684],[-96.56942500000699,33.399750999808894],[-96.56942300035716,33.399958000175225],[-96.56922400016553,33.39995699973262],[-96.56816399980836,33.399951000076655],[-96.56781099963096,33.399949999633975],[-96.56768699978238,33.39994899994126],[-96.56731500023673,33.39994600011308],[-96.56719200021305,33.39994600011308],[-96.56714299980926,33.399944999670346],[-96.5669960003945,33.399944999670346],[-96.56694699999069,33.399944999670346],[-96.56682700034008,33.39994300028479],[-96.56668500004986,33.39994300028479],[-96.5665179996453,33.39994100014922],[-96.56646699959167,33.39994100014922],[-96.56634699994106,33.39994100014922],[-96.56626199955225,33.39993999970643],[-96.56600700018244,33.3999390000136],[-96.56592299961852,33.3999390000136],[-96.56576699998293,33.3999380003207],[-96.56529900017779,33.39993499974223],[-96.56514299964385,33.39993499974223],[-96.56509999998615,33.399934000049285],[-96.56497299976452,33.399934000049285],[-96.56493099993175,33.399934000049285],[-96.56490099979452,33.399931999913505],[-96.56482999964942,33.399931999913505],[-96.56481100028115,33.39992900008474],[-96.56478199996883,33.399926999948846],[-96.56469800030324,33.39991700001865],[-96.564448000058,33.399887000221064],[-96.56436500021731,33.39987799997981],[-96.56431099979065,33.399872000318375],[-96.56422899977488,33.399861999631895],[-96.5620889998674,33.39985500027555],[-96.56068000042907,33.399850000306465],[-96.56065500031471,33.39984899986263],[-96.56061000010888,33.399870000181174],[-96.56051999969718,33.39988000011683],[-96.56049200010811,33.39988299994729],[-96.55960699965313,33.399843999893186],[-96.55865900034726,33.399821999874185],[-96.55852499955465,33.399819999735826],[-96.55842199962248,33.399818000347395],[-96.5580779996659,33.39980199998843],[-96.55800800024402,33.39979900015516],[-96.55699800011556,33.39977400029059],[-96.55651600006672,33.3997620002031],[-96.55511400030112,33.399683000272994],[-96.5549589995921,33.39967800029401],[-96.55493500020096,33.399676000152276],[-96.55468499995573,33.39968600011026],[-96.55283799995118,33.399634999862705],[-96.55279899959311,33.399634000166316],[-96.55159900039219,33.39977200015113],[-96.54288400005318,33.39957200022136],[-96.54262700013525,33.39956599978888],[-96.54251499998225,33.39956599978888],[-96.5417709999926,33.39956599978888],[-96.54102700000291,33.39956500009175],[-96.54098099997216,33.39956500009175],[-96.53983799977432,33.3995489996862],[-96.53875999987382,33.399543000002105],[-96.53871200019324,33.399542000304706],[-96.53462300017397,33.399495999962326],[-96.53440300006592,33.39949399981647],[-96.53374500028998,33.399485999982545],[-96.53333299966302,33.399481999690316],[-96.53294500022382,33.39947800014782],[-96.52835900008708,33.39942600007946],[-96.52657099963376,33.39940499965361],[-96.52569000027508,33.399394999663286],[-96.52100200003109,33.39934199984556],[-96.52071099977793,33.39933899999637],[-96.52066100044755,33.399338000296616],[-96.51620900020511,33.39927399998954],[-96.51340399995067,33.39923399996117],[-96.513357000095,33.39923300026021],[-96.51312899959105,33.39922899995633],[-96.5130540001463,33.39922800025533],[-96.51270400034193,33.3992230002501],[-96.51268000005248,33.3992230002501],[-96.51230500013376,33.39921699979352],[-96.51203099959903,33.39921300023889],[-96.51186300026788,33.399208999934096],[-96.51136000030263,33.399201999775194],[-96.51119299989806,33.39920000037253],[-96.51046599962682,33.39918600005277],[-96.50828800008449,33.399148999839745],[-96.50756199963816,33.399136999665885],[-96.5069509997179,33.39912599994255],[-96.50600500006188,33.39910899975383],[-96.50511899978198,33.39909300001428],[-96.50450899968662,33.399082000285375],[-96.50403199966064,33.39907099980513],[-96.50260300013085,33.399040000012306],[-96.50239399989348,33.39903700015274],[-96.50212699992977,33.39903299983984],[-96.50178799999608,33.39903299983984],[-96.50077399966966,33.39903299983984],[-96.50043599956086,33.39903299983984],[-96.50039999957583,33.39903299983984],[-96.50029499999386,33.399034000293014],[-96.50025999983376,33.39903599969954],[-96.49813499999487,33.399011000365434],[-96.49176200012806,33.39893600007011],[-96.4896380001141,33.398911999661955],[-96.4895400002048,33.39891099995731],[-96.48924800012676,33.398908000093286],[-96.48915100004238,33.39890699963861],[-96.48915100004238,33.39893999963756],[-96.48912599992802,33.39893899993322],[-96.48895299967566,33.39893300020696],[-96.48889599977424,33.39893300020696],[-96.48883100037523,33.3989300003437],[-96.48872599989492,33.3989300003437],[-96.48863800003139,33.39892699973036],[-96.48857399955897,33.39892699973036],[-96.48833699973252,33.398921999707866],[-96.4882870004021,33.39892100000333],[-96.48800000034691,33.39891500027582],[-96.48798100008035,33.39891500027582],[-96.48762799990294,33.39890699963861],[-96.48739199990139,33.3989030000697],[-96.48448799991273,33.39885900029956],[-96.47577900031985,33.398729000269114],[-96.4752760003546,33.39872200007161],[-96.4728760001561,33.39869400002576],[-96.47279099976728,33.3986930003186],[-96.47253600039748,33.39868999969708],[-96.47245100000866,33.39868999969708],[-96.46996499959644,33.39873200013932],[-96.46946699965406,33.39874099974934],[-96.46250899980625,33.39885900029956],[-96.4600559999043,33.3989009999102],[-96.46002400011724,33.398902000364885],[-96.457654000056,33.3988770002423],[-96.45726099969558,33.39887399962713],[-96.45451800026375,33.39884799979111],[-96.45291300010854,33.39883100029793],[-96.45074800008669,33.39880900002245],[-96.45054700024524,33.39881199988989],[-96.44881599969334,33.39885599968377],[-96.4486790003243,33.39885900029956],[-96.4481789998338,33.39884799979111],[-96.44727199963751,33.39882799968117],[-96.44560999958092,33.39879199977167],[-96.44455400032003,33.39876700036736],[-96.44364799994862,33.398747999945336],[-96.43047399969451,33.39845999998665],[-96.42962599994777,33.398426000095185],[-96.42930000043285,33.3984130001111],[-96.4247059999002,33.39823499972977],[-96.42347700038697,33.39822800024239],[-96.42261799987122,33.39822399989225],[-96.42235199973244,33.39822399989225],[-96.42039299957491,33.39821599994135],[-96.41966000035423,33.39821300005333],[-96.41865699989847,33.398210000165214],[-96.41778300021245,33.39820599981425],[-96.41633100021812,33.39827200033197],[-96.4121059997564,33.398218999829304],[-96.41171999996703,33.39821500022869],[-96.41143899975964,33.39820799998976],[-96.4110410002747,33.39819900032453],[-96.41059199983782,33.39818900019548],[-96.40919900029304,33.39818299966751],[-96.40899199970548,33.39818799973253],[-96.4089220002836,33.39818400013053],[-96.4079020001094,33.39821800011668],[-96.40719599975456,33.398242999678864],[-96.40612700007489,33.39827899981581],[-96.4052280002745,33.39830999988013],[-96.40483800028719,33.3982999997638],[-96.40340700020924,33.39821699965405],[-96.40294899955155,33.39818999990845],[-96.40252599995222,33.39810699969358],[-96.40238000036238,33.39807900019962],[-96.4023529996999,33.398079999913854],[-96.40102700010226,33.39812300036466],[-96.39634399988114,33.398273999756036],[-96.39477300006112,33.39832500005238],[-96.39457100039476,33.398330999820615],[-96.394229000088,33.39834199964455],[-96.39409199982065,33.398415000281844],[-96.39394200003284,33.39841199965071],[-96.39380999978833,33.39840800005902],[-96.39336299989962,33.39839500007225],[-96.39331000019614,33.39839000001914],[-96.3931729999288,33.39837900020125],[-96.39285099971353,33.3983560001003],[-96.39276200002506,33.39835000033383],[-96.3926249997577,33.39834099993334],[-96.3924409996347,33.398327999936576],[-96.39188900016396,33.39828899993451],[-96.39183200026255,33.398286000049005],[-96.39181100034614,33.39823400001727],[-96.39174100002595,33.3982440001412],[-96.39167800027677,33.39825200008947],[-96.39165700036038,33.39825099962724],[-96.39140499956697,33.398242999678864],[-96.3913219997263,33.39824100025416],[-96.39126800019794,33.398238000367],[-96.39110599981623,33.39823199984236],[-96.39105300011279,33.39823100012988],[-96.39013699969564,33.39819900032453],[-96.38738900024094,33.39810500026574],[-96.38681099993262,33.39808599969895],[-96.38647399964874,33.39807499984263],[-96.38632999970869,33.39805500030471],[-96.3859010002616,33.39799800005908],[-96.38575800014647,33.39797999993427],[-96.38564799964331,33.397964999702474],[-96.38531999958025,33.39791999974133],[-96.38521099980031,33.397906999681545],[-96.38484400027751,33.39785800007336],[-96.38460200042815,33.39782600013072],[-96.38458800018445,33.39892699973036],[-96.38454600035166,33.40222499974098],[-96.38453399975779,33.40320300033788],[-96.38453899978064,33.403325000193696],[-96.3845429999786,33.403494999682465],[-96.3845549996742,33.4040040002566],[-96.38455999969705,33.40417500031068],[-96.38456499971991,33.40441099999042],[-96.38458300016158,33.40511899968271],[-96.38458999983428,33.40535499979776],[-96.38457499976566,33.406518000266374],[-96.38453100028303,33.41000600016147],[-96.38451799986426,33.41117000016476],[-96.38451700003937,33.41128000008372],[-96.38449100010008,33.41253999964822],[-96.38440499988634,33.416652000155295],[-96.38438599961978,33.41761700017542],[-96.38437800012218,33.418023000374355],[-96.38437700029726,33.41809799993743],[-96.38437700029726,33.418329000374094],[-96.38437800012218,33.41840600013317],[-96.38437800012218,33.41843900022326],[-96.38436899990133,33.41896800018239],[-96.38434200013715,33.42065899977046],[-96.38433399974124,33.42122299987832],[-96.3843379999392,33.42148999976435],[-96.38434999963476,33.42229099974427],[-96.38435499965763,33.4225580000948],[-96.38435300000782,33.42274900021517],[-96.38434899980986,33.423323999901655],[-96.38434799998494,33.42351600000764],[-96.38434600033511,33.42420800030278],[-96.38434600033511,33.42548700029911],[-96.38434700016005,33.425798000209284],[-96.38434700016005,33.425941999973595],[-96.38433399974124,33.42619499987639],[-96.38435399983273,33.426203999640066],[-96.38434700016005,33.42629500036365],[-96.38432700006854,33.42657800032349],[-96.38430199995419,33.42688199989632],[-96.38428100003779,33.42696900013302],[-96.38427000016713,33.4270749997607],[-96.38426599996917,33.427136000187964],[-96.3842609999463,33.42722200004152],[-96.38424900025076,33.42741899965522],[-96.38418499977833,33.42884799968466],[-96.38416100038718,33.42934900003565],[-96.38415399981619,33.42940200028672],[-96.38413799992266,33.42946399993111],[-96.38412799987692,33.4295190003162],[-96.38410699996052,33.4295620001977],[-96.38408799969395,33.429599000200724],[-96.38408199984616,33.4296249998287],[-96.3840829996711,33.4296640000057],[-96.38408600004412,33.429780999682],[-96.38408699986904,33.42981999978896],[-96.38409000024208,33.429947000227244],[-96.38410100011274,33.4303289997702],[-96.3841050003107,33.43045700030464],[-96.38410899961033,33.430629000093035],[-96.38410600013562,33.430715000234265],[-96.38409299971683,33.431253999684316],[-96.38408600004412,33.43149300023717],[-96.38408000019633,33.43175300023862],[-96.38408000019633,33.43187399964789],[-96.3840829996711,33.432236999862205],[-96.38408500021922,33.432359000165405],[-96.38408100002125,33.43246499995777],[-96.38407199980043,33.43278600025093],[-96.38406900032568,33.43289499971142],[-96.38406500012772,33.43322399963936],[-96.38405500008199,33.43421200023403],[-96.38405500008199,33.434309999637314],[-96.38406900032568,33.43454199971135],[-96.38407400034856,33.43463700011197],[-96.38409000024208,33.43492500005968],[-96.38409600008987,33.43502100007973],[-96.38409799973968,33.435052999812946],[-96.3841039995875,33.43515199980304],[-96.38410600013562,33.435185000274366],[-96.3841050003107,33.43521099972822],[-96.3841039995875,33.43529100036324],[-96.3841050003107,33.435318999855916],[-96.3841050003107,33.43550500021884],[-96.3841050003107,33.43556099980668],[-96.3841050003107,33.4359750002703],[-96.3841039995875,33.436540999862764],[-96.3841039995875,33.437474000367615],[-96.38408799969395,33.43974900026977],[-96.3840829996711,33.440536999991416],[-96.38407199980043,33.440769999880374],[-96.38406799960246,33.44098399971614],[-96.38405599990689,33.441629999654545],[-96.38405300043216,33.44184600028749],[-96.38404000001337,33.442550999985464],[-96.38400099965531,33.44466699986174],[-96.38398899995974,33.44537299979036],[-96.38398499976178,33.4456850003126],[-96.38398300011197,33.44586200021814],[-96.38396600039351,33.44733199964282],[-96.38396100037066,33.44782200016111],[-96.38395999964743,33.447899999881145],[-96.38394999960168,33.44868699988753],[-96.38391899963955,33.451285000075664],[-96.3839089995938,33.45215100033237],[-96.38390100009619,33.45264199969328],[-96.38389799972316,33.45284499980747],[-96.38386699976103,33.45492600032551],[-96.38386199973814,33.455130999953134],[-96.38385699971526,33.45562199967913],[-96.38385500006544,33.455792000197185],[-96.38384900021767,33.45630300029428],[-96.38384800039276,33.45647400001801],[-96.38384500001972,33.45679100001628],[-96.383838000347,33.45774400010564],[-96.38383599979886,33.458061999730575],[-96.38383400014905,33.45829499975947],[-96.38382800030126,33.458993000074116],[-96.38382800030126,33.4590479997269],[-96.3838230002784,33.45922800011813],[-96.38381999990534,33.45933900034796],[-96.3838109996845,33.45967099968082],[-96.38380800020978,33.45978299984617],[-96.38379700033911,33.46027799994815],[-96.38376399982886,33.461764999994],[-96.38375399978312,33.46226099974525],[-96.3837529999582,33.46230800028159],[-96.38374899976023,33.46245200015577],[-96.38374899976023,33.46249399973053],[-96.38371899962301,33.463509999837875],[-96.38370699992744,33.46396200034536],[-96.38365099985094,33.46539300037076],[-96.38362900010964,33.466183000272736],[-96.38361300021612,33.466544999628304],[-96.38357200020822,33.467555999647715],[-96.38355999961435,33.467843999705366],[-96.383542000071,33.468289999914795],[-96.38353000037544,33.46871000018112],[-96.38352199997951,33.46899899979783],[-96.3835200003297,33.46922600029118],[-96.38351699995664,33.46991099974713],[-96.38351699995664,33.46995799988216],[-96.38351199993377,33.470140000116714],[-96.38351100010885,33.470168999982896],[-96.38350799973581,33.470256000272634],[-96.38350799973581,33.47028700011359],[-96.3835069999109,33.470309000259924],[-96.38350400043618,33.470376000296426],[-96.38350400043618,33.470399000050925],[-96.38350199988803,33.47045599997015],[-96.38349699986516,33.47062599987462],[-96.38349600004024,33.47068400002144],[-96.38348799964432,33.470944999826905],[-96.38346599990302,33.471735000077715],[-96.38345900023032,33.47199799968922],[-96.38343400011597,33.47285800000639],[-96.38341499984939,33.474352000135475],[-96.38341300019957,33.47452500013846],[-96.38341099965142,33.47475899970546],[-96.38337100036678,33.47881700000311],[-96.38334100022955,33.47985600006181],[-96.38331100009232,33.48141399988572],[-96.38328099995508,33.48298800017218],[-96.38327099990936,33.483769000223226],[-96.38325199964278,33.485299999725335],[-96.38323800029738,33.48646499983891],[-96.38323400009942,33.4872510001837],[-96.38322400005369,33.48785200025107],[-96.38316399977923,33.48989400008244],[-96.38313100016725,33.49104500009466],[-96.38309900038021,33.49142399980384],[-96.38308599996142,33.4915729999192],[-96.38308099993854,33.49162400008078],[-96.38307099989282,33.49175300017916],[-96.38306699969485,33.492022999867544],[-96.38306599986991,33.49217399995876],[-96.38305800037232,33.49234500007662],[-96.38303499990779,33.49286600011928],[-96.38302800023509,33.49303899985712],[-96.3830070003187,33.49378599992721],[-96.38294700004424,33.49603200009603],[-96.38292699995277,33.496780999965],[-96.38288900031793,33.49817699973554],[-96.38283700043941,33.50010799998373],[-96.38293199997563,33.50236600032167],[-96.38299100042518,33.50376299990934],[-96.38317399982498,33.5076749999702],[-96.38314299986286,33.50860599977065],[-96.38305800037232,33.511647000197605],[-96.3830480003266,33.51202000019416],[-96.3830359997327,33.5124749996816],[-96.38293399962544,33.512470000210556],[-96.38292500030295,33.5126730002242],[-96.38290600003637,33.51328699982752],[-96.38290000018856,33.513493999700955],[-96.382880999922,33.51536300015638],[-96.38282800021857,33.52096999966287],[-96.38281099960183,33.522839000363824],[-96.38280700030217,33.52315600016119],[-96.38279800008132,33.524107999830456],[-96.38279600043153,33.52442500021874],[-96.38279600043153,33.524454999635395],[-96.38279800008132,33.524547000327864],[-96.38279899990624,33.5245780002054],[-96.38281399997486,33.52550300013529],[-96.38281399997486,33.52552600022608],[-96.38287400024932,33.5278399999076],[-96.38287699972403,33.527948999649695],[-96.38288000009709,33.52805800000319],[-96.3828869997698,33.528377000310215],[-96.38292399957972,33.52943699983127],[-96.38296299993777,33.529698000024155],[-96.3829789998313,33.53068100024941],[-96.38299800009787,33.53178800025313],[-96.38299600044805,33.53260099997725],[-96.382993000075,33.53399899998804],[-96.38292199992989,33.53747599994479],[-96.38289199979266,33.53954699980576],[-96.38287000005135,33.541090000253355],[-96.38282900004347,33.542436000316634],[-96.3827600004465,33.54475200017326],[-96.38280700030217,33.54556900030286],[-96.38281599962467,33.54571300022699],[-96.38282999986838,33.5459690001651],[-96.38287500007422,33.546735999674446],[-96.38288900031793,33.54696799971161],[-96.38289000014284,33.54699500030803],[-96.38273399960892,33.549437000307826],[-96.38268599992831,33.55019799998623],[-96.38263200039997,33.556781000278924],[-96.3826120003085,33.55923099997153],[-96.38261099958525,33.55928099982223],[-96.38260999976036,33.559432000048886],[-96.38260999976036,33.55948299988237],[-96.3826039999126,33.5601450001258],[-96.38258899984397,33.562132999741706],[-96.38258399982108,33.562795999944306],[-96.38257999962312,33.56325599974949],[-96.38257499960025,33.56395899997081],[-96.38257499960025,33.56403299970057],[-96.3825699995774,33.56463700022201],[-96.38256700010265,33.5650969999515],[-96.38255799988181,33.56618300029491],[-96.38254600018625,33.568025000219954],[-96.3825369999654,33.56943800025857],[-96.3825350003156,33.56974400002871],[-96.38253000029272,33.57052399989394],[-96.38252699991968,33.571017000065204],[-96.3825069998282,33.5737379998303],[-96.3825069998282,33.57377099989434],[-96.3824859999118,33.57664299973778],[-96.38244499990391,33.58351300031398],[-96.38242700036058,33.58672000004196],[-96.38242200033768,33.58739200023428],[-96.3824089999189,33.58928499975727],[-96.38240499972093,33.58991699984285],[-96.38240399989603,33.58999999972683],[-96.38240300007111,33.590250000139065],[-96.38240300007111,33.590334000192776],[-96.3823949996752,33.59156400011047],[-96.3823870001776,33.59306000010219],[-96.38238600035268,33.59313200015969],[-96.38238600035268,33.593204999865605],[-96.38237299993389,33.595254000142255],[-96.3823660002612,33.59648499991258],[-96.3823660002612,33.59652199968601],[-96.3823660002612,33.5965320001276],[-96.38236399971305,33.596593999846704],[-96.38236000041343,33.596780000233046],[-96.38236000041343,33.596843000188436],[-96.3823520000175,33.59715300021336],[-96.3823300002762,33.59808600004083],[-96.38232400042841,33.59839699973574],[-96.38231299965943,33.59884600005472],[-96.38228099987238,33.60019499970899],[-96.38227099982664,33.60064500001602],[-96.38227000000174,33.600692999830336],[-96.38226599980378,33.600838999849664],[-96.38226599980378,33.600887999923735],[-96.38226300032905,33.60100900018583],[-96.3822540001082,33.601371000339704],[-96.38225199956005,33.60149300028481],[-96.38224900008534,33.601568999979364],[-96.38224200041262,33.601797999766475],[-96.3822409996894,33.601875000296744],[-96.38221999977301,33.602576000270645],[-96.38220100040476,33.603214999631284],[-96.38215700002382,33.60467999999174],[-96.38213600010744,33.60538199992279],[-96.3821339995593,33.60543899993485],[-96.38213000025964,33.605588999904775],[-96.38212900043472,33.60560999974507],[-96.3821279997115,33.60566799991869],[-96.38204999989371,33.60830200029717],[-96.38188900023522,33.613732000185905],[-96.38181499971707,33.61620499977906],[-96.38174299974705,33.61865799999162],[-96.38173799972417,33.618840000019915],[-96.38173100005149,33.61912200037325],[-96.38171099995998,33.619971000075516],[-96.3817050001122,33.62025399986289],[-96.3816840001958,33.62114200032807],[-96.38164400001283,33.62294899971411],[-96.38162399992136,33.623809000230786],[-96.38160399982985,33.624698000055155],[-96.38160200018004,33.62475999971585],[-96.3815999996319,33.624866999628615],[-96.38159799998208,33.624937999965745],[-96.38159700015719,33.62500900024441],[-96.3815929999592,33.62505100018153],[-96.3815920001343,33.62507399994251],[-96.38158700011142,33.625138000253244],[-96.38158299991348,33.625176999870035],[-96.38158000043875,33.62521899972519],[-96.38156299982198,33.6255229997053],[-96.38151099994344,33.626436000012696],[-96.38149500004992,33.626741000254086],[-96.38144499982121,33.62761899985997],[-96.38141899988192,33.62857600020217],[-96.38134699991193,33.631339000285124],[-96.38131699977468,33.63256400012921],[-96.38129000001051,33.633724999886304],[-96.38127900013986,33.634085000296565],[-96.38125800022345,33.63482299987363],[-96.3812260004364,33.63592200003407],[-96.3811839997053,33.637041000092566],[-96.38105700038201,33.64039799977962],[-96.38101600037412,33.64151799990449],[-96.38094400040411,33.64349300018463],[-96.38093600000819,33.64358399981383],[-96.38092799961225,33.64367400022357],[-96.3807109998773,33.64981199968218],[-96.38063800008236,33.65188599990843],[-96.3806280000366,33.65232499977455],[-96.38060000044752,33.65364399965578],[-96.38059100022669,33.65408400002573],[-96.3805219997314,33.65739100011134],[-96.38037699996644,33.66444300004759],[-96.3801979998663,33.67360800012157],[-96.38015000018572,33.67586599977093],[-96.38015100001063,33.676087999965866],[-96.3801700002772,33.67839899973763],[-96.38020999956188,33.68277399996404],[-96.3802470002701,33.68704599977197],[-96.3802470002701,33.68707600021356],[-96.38024600044518,33.68723099983678],[-96.38024499972197,33.68752799981906],[-96.38024499972197,33.687602999735354],[-96.3802330000264,33.688141000136525],[-96.38012300042153,33.693313000362636],[-96.38006300014709,33.69612199963953],[-96.37990999998621,33.703327000354435],[-96.37988700042,33.70438399985446],[-96.37983600036637,33.70692200029839],[-96.37981899974962,33.70770400033008],[-96.37981899974962,33.7077509996321],[-96.37980200003119,33.708579999931494],[-96.37979399963527,33.7089630000185],[-96.37978500031274,33.709345999892015],[-96.37961799990816,33.71766399986481],[-96.37955599998388,33.72078100017146],[-96.37955400033405,33.720883000133156],[-96.37955199978592,33.72098499997366],[-96.37954799958796,33.72105199983226],[-96.37954799958796,33.721096999864024],[-96.37954500011323,33.72121000007231],[-96.3795440002883,33.7212570002011],[-96.37954299956509,33.721326000025634],[-96.37953400024257,33.7217710000413],[-96.37952500002174,33.72221399983413],[-96.37946999977014,33.72487600008201],[-96.3794520002268,33.7257639997747],[-96.37989900011556,33.726153000363205],[-96.38053400032528,33.72696099994794],[-96.3809870000618,33.72750800019494],[-96.38192299967208,33.72842599974817],[-96.38195399963423,33.72844999989773],[-96.38215100017604,33.728620000018054],[-96.38282800021857,33.72926899985919],[-96.38330100004657,33.72963700004168],[-96.38362900010964,33.729912000087744],[-96.38397800008909,33.73012700008042],[-96.38462199962133,33.730593999626585],[-96.38510799986814,33.73088600033746],[-96.3860479996764,33.73155599996825],[-96.38692200026071,33.73222100016019],[-96.38717699963053,33.7323790000109],[-96.38725500034664,33.73242499966691],[-96.38756699961786,33.73265699973231],[-96.38772800017466,33.732779999966596],[-96.38798400026769,33.73295199963409],[-96.38805200003976,33.732981999731926],[-96.38840900041514,33.73323299996491],[-96.38863000034806,33.73337399994636],[-96.38898600000024,33.7335849996977],[-96.38936699976672,33.733904000262605],[-96.38970200040079,33.734206000306386],[-96.39016299963494,33.73458499988879],[-96.39068200039202,33.73495399998879],[-96.39105599958752,33.73527799995248],[-96.39136399955908,33.73550799992655],[-96.3915400001845,33.73565000020031],[-96.39187699957009,33.735922999813866],[-96.39218200006692,33.736165000042064],[-96.39231199976325,33.736267999938306],[-96.39304800025533,33.73682299989068],[-96.39340999975525,33.737075999903844],[-96.3937579999098,33.737344999852354],[-96.3950459998726,33.73840100013495],[-96.39562500000581,33.73890600030834],[-96.39585400033468,33.739118000156424],[-96.39595800009177,33.73921899973419],[-96.39617900002469,33.73943600006669],[-96.39635499975178,33.739595000326794],[-96.39647699995052,33.73969700033846],[-96.39685400041739,33.740049999940744],[-96.39699199961132,33.74022000023616],[-96.39731200017678,33.740572999927224],[-96.3975309995616,33.740834999962836],[-96.39786600019566,33.74118200021804],[-96.39801099996062,33.74136300004381],[-96.39839199972712,33.741747999983616],[-96.39853599966717,33.74192399974339],[-96.39881799969947,33.74225599978413],[-96.39897000003543,33.74243499989842],[-96.39922899960324,33.742717000009165],[-96.3992980000985,33.74279999974596],[-96.39938400031222,33.74290500031487],[-96.39944200003853,33.74296299984128],[-96.39963399965917,33.743193000127135],[-96.39975199965993,33.74332400035203],[-96.39981799978219,33.743396999689196],[-96.39997599996593,33.74355099980617],[-96.40016599993672,33.7437150001699],[-96.40037000015123,33.74391300028238],[-96.40071800030577,33.7441880001367],[-96.40118500028598,33.74455599982275],[-96.40133699972365,33.74471000009959],[-96.40154299958797,33.74490100033528],[-96.4017710000919,33.74511200012067],[-96.40197100010847,33.74531900014914],[-96.40235600007293,33.74566700037005],[-96.40256600013521,33.745907999824276],[-96.40288099977948,33.746160999932926],[-96.40302600044276,33.74629899981342],[-96.40335500033073,33.74656799997052],[-96.40349900027076,33.74672200036936],[-96.40364400003573,33.74684800035412],[-96.40374899961769,33.7469640000105],[-96.40393299974073,33.74713400004758],[-96.40400600043398,33.747228000266155],[-96.40409799959716,33.74732100022206],[-96.40420899992526,33.74739799977994],[-96.40457700017129,33.747716999772756],[-96.40503800030373,33.748068999830025],[-96.40532700000873,33.74838200017824],[-96.40545199968221,33.74849699985454],[-96.40586599995898,33.748771999949035],[-96.40601099972393,33.74881600024084],[-96.40626099996918,33.74884399973574],[-96.4063399996119,33.748865999865984],[-96.40658900003228,33.749041999957896],[-96.40694499968441,33.7493329997376],[-96.4071060002412,33.74947000035461],[-96.40730000040996,33.74963499998937],[-96.40777900008575,33.750108000170485],[-96.40799599982074,33.750294999835106],[-96.40822000012672,33.750541999713676],[-96.40837699958725,33.75081100000587],[-96.40841900031837,33.750901000203946],[-96.40850999965664,33.7512779997416],[-96.40868000043426,33.75148200023864],[-96.40885000031358,33.751684000032874],[-96.4089349998041,33.75178699996663],[-96.40908799996495,33.751971000134944],[-96.40994499993252,33.75299599969958],[-96.41038500014857,33.753706999691936],[-96.4104649996162,33.75383600012068],[-96.41114800040482,33.75471499966381],[-96.41162000040792,33.755297000061354],[-96.41193400022728,33.75564099987064],[-96.4120699997714,33.75578799998051],[-96.41216000018308,33.7558859999137],[-96.4129209998912,33.756910999726294],[-96.41315900044088,33.757304999713185],[-96.41340799996293,33.75771399996011],[-96.41345399999368,33.7578249996685],[-96.41349900019951,33.757937000015886],[-96.41356600014666,33.75810499988915],[-96.41363200026892,33.7592679999762],[-96.41416199999834,33.76029299967982],[-96.41457600027512,33.76119900017478],[-96.41473899958342,33.76178799980377],[-96.41505900014886,33.76263199988523],[-96.41518299999744,33.762925999773984],[-96.41566000002341,33.7644139998057],[-96.41594500042875,33.765225000302934],[-96.41596899981988,33.76553200031926],[-96.41602999991926,33.76572800019725],[-96.41611899960772,33.76601199975846],[-96.41614600027022,33.76609899985906],[-96.41621599969208,33.766252000336834],[-96.41639300014242,33.76664000034799],[-96.41654100028042,33.7669630001587],[-96.4168209997646,33.767333999701414],[-96.41725400030795,33.76819700032828],[-96.41756300010442,33.76903699964978],[-96.41797599965798,33.769691999980935],[-96.41836599964533,33.770227999980115],[-96.41897800028885,33.77163700029846],[-96.41912399987869,33.771824999917506],[-96.41980299957105,33.77270099983682],[-96.41996099975478,33.77303400003945],[-96.42050999975078,33.77377600020409],[-96.42146200015291,33.77493899970064],[-96.42175300040604,33.77521900001165],[-96.42211099970804,33.77544399973175],[-96.42258400043436,33.775649000040794],[-96.42283200013148,33.775926999872866],[-96.4235319997402,33.7764320000533],[-96.42429699964629,33.77672899983373],[-96.42630100000964,33.777260000065304],[-96.42727299960497,33.77752400035592],[-96.42770799979812,33.777703000010916],[-96.42899999995888,33.77813000011779],[-96.42937599970253,33.778297000182086],[-96.43021599995164,33.778653999826716],[-96.4319869997882,33.77910499983367],[-96.43277699980862,33.779027999636355],[-96.43557399966716,33.779298999703904],[-96.43614299975465,33.7794059999408],[-96.43671400039025,33.77932900001408],[-96.43727699973165,33.77950900016125],[-96.43897999979613,33.779964000008064],[-96.4401110002984,33.780108000133765],[-96.44049200006492,33.78018999973427],[-96.44204199996854,33.780487999697264],[-96.44367800008587,33.78063900032505],[-96.4451879998065,33.780889000171044],[-96.44613600001068,33.7810370000466],[-96.44652799964786,33.78106099965926],[-96.44685800025904,33.78106099965926],[-96.4480449999395,33.78103099995568],[-96.44867099992838,33.78090699972562],[-96.44876600036294,33.780889000171044],[-96.44965199974453,33.78082299978084],[-96.449924999556,33.780750000206375],[-96.45051000043532,33.78058800004884],[-96.45132899986976,33.78014299979072],[-96.45197499995012,33.77947199992956],[-96.4527470004272,33.778591000085406],[-96.45343199996732,33.778226000292904],[-96.4541349999491,33.77757999999622],[-96.4549640003276,33.77689199963763],[-96.45586899997573,33.776289000289594],[-96.45625399994019,33.77603499966641],[-96.45711099990777,33.77571400010919],[-96.45758000043614,33.77553900009987],[-96.45770900030757,33.775491999844455],[-96.45915399973087,33.775232000094505],[-96.4592390001197,33.77523100026056],[-96.46030100012669,33.775222000260705],[-96.46191999962728,33.775308999970626],[-96.46284500026523,33.77538099986968],[-96.46379000009634,33.7754360003326],[-96.46465700010967,33.77555600020176],[-96.4656949998272,33.775555000371604],[-96.46626899993755,33.77560299967541],[-96.46706499980574,33.77573100017642],[-96.46787200044294,33.77579500035517],[-96.46827499995075,33.77582600022627],[-96.46936500044514,33.77579200012619],[-96.47014100022184,33.77566100022947],[-96.47074799994417,33.77531899979427],[-96.47109600009873,33.775211999679016],[-96.47115399982503,33.77520500009252],[-96.47170899966882,33.77539999966703],[-96.47214200021217,33.775482000041],[-96.47216999980127,33.77548799977386],[-96.47309200006617,33.775445000309915],[-96.4732500002499,33.775415000132874],[-96.4745950001141,33.77516599982563],[-96.47484899965903,33.77513799996776],[-96.47669400001375,33.77492999967009],[-96.47933000021378,33.77436699969844],[-96.48001300010407,33.77413800000291],[-96.48105599984449,33.77390799984587],[-96.4816419996504,33.77375700004656],[-96.48263500006041,33.77356099986563],[-96.48402000010758,33.773326000371945],[-96.48558099988186,33.77305799965424],[-96.48634099976506,33.77296499998939],[-96.48851800038078,33.77282900019342],[-96.4899069997276,33.77284799981001],[-96.49030500011088,33.772879000000756],[-96.49066199958791,33.772907999711336],[-96.49075500037266,33.772929999639786],[-96.49103400003192,33.77295499989097],[-96.49152000027874,33.772991000090585],[-96.49337499978085,33.773039999943805],[-96.49402000003633,33.77301999976324],[-96.4945609996364,33.77299299981081],[-96.49604199994305,33.7729179998153],[-96.49612899998169,33.77279000033835],[-96.4961309996315,33.77273499967017],[-96.4968970002608,33.772617999923426],[-96.49780600010689,33.772611999989515],[-96.49907399997821,33.772679999713354],[-96.4992620002992,33.77268999984393],[-96.499488000255,33.77266699998998],[-96.50023300006958,33.77258599977337],[-96.50019500043476,33.77263399999392],[-96.50012199974151,33.77276799962728],[-96.50018100019103,33.77279499965064],[-96.50021399980302,33.772823000274336],[-96.50018799986374,33.77297599994704],[-96.50020100028252,33.77303099971377],[-96.50025999983376,33.77309700013404],[-96.50025999983376,33.77321300011583],[-96.50030599986451,33.77325699981033],[-96.50035199989526,33.77325699981033],[-96.50040799997176,33.7732430003173],[-96.500438000109,33.7732349999659],[-96.50054299969098,33.77309700013404],[-96.50059600029275,33.773070000205855],[-96.50075299975326,33.773065000162894],[-96.50079299993622,33.773048000313366],[-96.50082600044651,33.77301499971736],[-96.50082600044651,33.772981999855396],[-96.50080600035503,33.77295499989097],[-96.5007209999662,33.7729220000059],[-96.50068099978324,33.77289400016128],[-96.50066800026276,33.77286700016913],[-96.50067499993546,33.77279499965064],[-96.50074699990549,33.772779000356884],[-96.50087900014996,33.772779000356884],[-96.50098399973193,33.77280100031841],[-96.50123999982499,33.772932999969],[-96.50141100042752,33.773032000320185],[-96.50158899980443,33.77315299968137],[-96.50178600034624,33.7732349999659],[-96.50194399963166,33.77333999985141],[-96.50203599969318,33.773427999834155],[-96.50220700029573,33.77353199962935],[-96.50236499958115,33.773652999777774],[-96.50248500013006,33.77373399973233],[-96.50260200030594,33.77381299990921],[-96.50266099985716,33.773867999885354],[-96.50287799959214,33.774021999780096],[-96.5033320000519,33.774406000329],[-96.50357499972614,33.77454900024916],[-96.50394999964487,33.77496199969136],[-96.50406799964567,33.775072000373186],[-96.5041270000952,33.77511000010067],[-96.50423199967717,33.77516000007022],[-96.50437700034045,33.77526999975109],[-96.50450899968662,33.775406999984305],[-96.5046340002584,33.775505999716685],[-96.50477800019843,33.77565399993295],[-96.50488299978042,33.77573699989183],[-96.50498900008564,33.77579700001],[-96.5051270001779,33.77591300006944],[-96.50529100020943,33.776078000327566],[-96.50544199982218,33.7761989998668],[-96.50600800043492,33.77650100029777],[-96.50631100038362,33.776732000029895],[-96.50653399996638,33.77686999997996],[-96.5067320003331,33.77701300026724],[-96.50715900013037,33.77733700035854],[-96.50732300016188,33.77742499996896],[-96.50739599995683,33.777474000272825],[-96.50755999998835,33.77760600019007],[-96.5077249998448,33.77775500031616],[-96.50807999967203,33.77801300027224],[-96.50822399961207,33.77814000035882],[-96.50848700027613,33.778320999815804],[-96.50865200013257,33.77850199963702],[-96.5088160001641,33.77865600016148],[-96.50886200019484,33.77871100001499],[-96.50895400025635,33.77885400021553],[-96.50900699995981,33.77898099980188],[-96.50908599960252,33.77912299976314],[-96.50922399969478,33.77926100034121],[-96.50932199960407,33.7793819998644],[-96.50946700026736,33.77953000010401],[-96.50955900032885,33.77961300004066],[-96.51004600040058,33.779953999979966],[-96.51022299995257,33.780101999977816],[-96.51055199984054,33.78032700031205],[-96.51063800005426,33.78039899972669],[-96.51085499978926,33.780607999955855],[-96.5109140002388,33.78067900011054],[-96.51103899991227,33.78090500019008],[-96.51136100012754,33.78115800004741],[-96.51155799977104,33.781338999846795],[-96.51191299959828,33.78186099982383],[-96.51196600020003,33.781921000132236],[-96.51203200032228,33.781976000129156],[-96.51208400020082,33.78204199963087],[-96.51222899996577,33.78231200011708],[-96.51224200038456,33.78235499986711],[-96.51224900005727,33.78237800010651],[-96.51225499990504,33.78239600009483],[-96.51228800041532,33.78250399994507],[-96.51229500008802,33.78257500002126],[-96.51232699987506,33.78261399990141],[-96.51238700014952,33.782657999993724],[-96.51241899993657,33.782669000199895],[-96.51260999973226,33.78267500017606],[-96.51270900036478,33.78280100032426],[-96.51279399985532,33.782948999882365],[-96.51280800009899,33.7830150001275],[-96.51305699962101,33.7835150001514],[-96.51321499980477,33.783745999633545],[-96.51333299980556,33.7839659999476],[-96.51381999987727,33.7846639997076],[-96.51392500035757,33.78485100013393],[-96.51404300035836,33.784982999881585],[-96.51410299973448,33.7850709998492],[-96.514194999796,33.78522999984132],[-96.51459900002703,33.785627999879665],[-96.5148579995948,33.78638200013687],[-96.51513399977931,33.786742000270735],[-96.5155899998889,33.787305000282906],[-96.51590999955606,33.78779200022894],[-96.51658099975079,33.788278999644994],[-96.51656900005523,33.78835599973755],[-96.51653200024529,33.78843799965329],[-96.51651700017668,33.78847100028006],[-96.51650999960567,33.78852799990744],[-96.51574499969958,33.791418000082466],[-96.51568899962311,33.79516499977657],[-96.51574200022488,33.795405999648665],[-96.51574200022488,33.79557200002091],[-96.51575499974534,33.79563199968047],[-96.51580099977612,33.79573000032805],[-96.51582699971537,33.79582899971039],[-96.51585299965464,33.79609799968592],[-96.5158789995939,33.79624099996705],[-96.51588199996696,33.79642500023842],[-96.51588600016491,33.796652999733816],[-96.5158989996854,33.79669199992062],[-96.5159120001042,33.79686800033218],[-96.51593800004346,33.79700000021671],[-96.51592700017281,33.79724100014817],[-96.5161670003723,33.798934999964835],[-96.51643299961277,33.800604000208786],[-96.5165599998344,33.80224800010029],[-96.51681000007964,33.80343499966413],[-96.51709200011193,33.8044899998594],[-96.5171449998154,33.80459999993406],[-96.51717099975467,33.80469800001717],[-96.51719099984616,33.80479700022332],[-96.51720400026494,33.80497299964347],[-96.51722400035642,33.80507800017692],[-96.51727600023497,33.80523700033426],[-96.51728899975544,33.805390999801276],[-96.51739400023573,33.80568799991007],[-96.5174209999999,33.805846999680405],[-96.51755900009219,33.80618199982091],[-96.51766399967416,33.806379999670575],[-96.5177299997964,33.806583000133976],[-96.51784799979718,33.80685799967376],[-96.5192649996314,33.80986800006965],[-96.51972800031199,33.81095200032934],[-96.51994500004696,33.81133699963217],[-96.52014900026147,33.811660999711414],[-96.520313000293,33.811957999701264],[-96.52047099957844,33.812266000287856],[-96.5206089996707,33.81262300010613],[-96.52073400024248,33.81278799978219],[-96.52084600039547,33.812957999839284],[-96.52095099997746,33.813090000282834],[-96.52099100016042,33.81318399979602],[-96.52118799980391,33.81350200028945],[-96.52130599980471,33.8137280003017],[-96.52144399989696,33.81395300033507],[-96.5216089997534,33.81415100011378],[-96.52161999962404,33.814166999887384],[-96.52198399967212,33.81472799990074],[-96.52214199985586,33.81493099996221],[-96.52222700024468,33.815063000346655],[-96.52240499962161,33.8152990003455],[-96.52258899974461,33.81552999989083],[-96.52267499995834,33.815613000004866],[-96.52276700001984,33.81572299995992],[-96.52291799963258,33.81594799997025],[-96.52308900023513,33.81614600035546],[-96.5232070002359,33.81630000033823],[-96.52351000018461,33.816766999845896],[-96.52358200015463,33.81684900015788],[-96.52363499985807,33.81693199973837],[-96.52366800036836,33.81700900017632],[-96.52372699991959,33.817097000058865],[-96.52392399956308,33.81734900034119],[-96.52406900022635,33.817502999650635],[-96.52417399980834,33.81768999998534],[-96.52419399989982,33.817762000069074],[-96.52416100028786,33.81790999963621],[-96.52416100028786,33.81796899997211],[-96.52416100028786,33.81805300003868],[-96.52417600035648,33.818103000305676],[-96.52430600005282,33.818536000126365],[-96.5244960000236,33.818949000093106],[-96.52469400039033,33.81925600007002],[-96.52474600026886,33.8193610002395],[-96.52486500009456,33.81952600035199],[-96.52512799986027,33.81976700027899],[-96.52521300024908,33.81983299975031],[-96.52542400013628,33.8199650000329],[-96.52560200041152,33.820041999979196],[-96.52599700042174,33.82023500031546],[-96.52626000018748,33.820393999917265],[-96.52638499986094,33.820448999823334],[-96.52658200040274,33.82055400002072],[-96.52685900041219,33.82064700023719],[-96.5271289998506,33.82075200019153],[-96.5275430001274,33.82100500019869],[-96.52770799998382,33.82107599968566],[-96.5278460000761,33.82115300012435],[-96.52790499962732,33.82119100029586],[-96.52822799966752,33.82145500019663],[-96.52845100014859,33.82158200001972],[-96.52862299967772,33.8216640001931],[-96.52899799959644,33.82177399982896],[-96.52916900019899,33.82183999999034],[-96.5294520000562,33.82201100000193],[-96.52959000014846,33.82208200014626],[-96.5297750000964,33.822154000264035],[-96.53006399980138,33.82223099973203],[-96.5303869998416,33.82233499995023],[-96.53080799979107,33.822532999728935],[-96.53107800012779,33.822610000348284],[-96.53134099989352,33.82266500032172],[-96.53156500019952,33.82266000018995],[-96.53187399999602,33.822664000295404],[-96.53196600005752,33.822702999821416],[-96.53208800025625,33.82282399988334],[-96.53210499997469,33.82284000027339],[-96.53213099991395,33.822852999841885],[-96.5321970000362,33.82288399983817],[-96.53230199961817,33.822862000058635],[-96.5323939996797,33.8228410002977],[-96.53249300031221,33.82284699969687],[-96.53251300040368,33.82285799996243],[-96.53252599992416,33.822879999742995],[-96.53253199977195,33.822939999658594],[-96.53249300031221,33.823028000155134],[-96.53213099991395,33.8235719999932],[-96.53211599984533,33.82356299985118],[-96.53204499970025,33.823521999938485],[-96.53197899957799,33.823521999938485],[-96.53189400008748,33.823456000328974],[-96.53185399990453,33.82340700022413],[-96.53180200002599,33.82341200031228],[-96.53175500017034,33.8234339999503],[-96.53172900023105,33.82346199968501],[-96.53171599981225,33.823528000036184],[-96.53174900032252,33.82356099981949],[-96.53180200002599,33.8235719999932],[-96.53187399999602,33.8235719999932],[-96.53195600001177,33.82362400004893],[-96.53201999958588,33.823700999685876],[-96.53203200017975,33.823714999883805],[-96.53195900038482,33.82384100006935],[-96.53194000011824,33.82393999976504],[-96.53196600005752,33.823989000310746],[-96.53199199999679,33.8239999996831],[-96.53202499960875,33.823994999629335],[-96.53224899991471,33.82367600007303],[-96.53237399958819,33.823528000036184],[-96.53247999989341,33.82336300018221],[-96.53265099959764,33.82314299963288],[-96.5327329996134,33.823066000239784],[-96.5327870000401,33.823027000133],[-96.53288400012445,33.82296900032409],[-96.53294100002586,33.82293500028913],[-96.5330199996686,33.82292900014982],[-96.53307900011812,33.82290699963556],[-96.53321100036261,33.82283000002996],[-96.53329000000532,33.822800000038825],[-96.53336799982314,33.82277000003719],[-96.53350599991539,33.8227579997351],[-96.5339729998956,33.82267599986444],[-96.53448000005884,33.82252900036358],[-96.5348879995895,33.822441000099836],[-96.53534299987417,33.82235799989524],[-96.5359210001825,33.82223799995162],[-96.5362040000397,33.82220499965776],[-96.5366259998141,33.82211699980683],[-96.53689000030306,33.822071999814185],[-96.5372869999631,33.82198199975779],[-96.53784099998197,33.82185499978248],[-96.53791799997485,33.82182100005091],[-96.53815499980132,33.82175499987481],[-96.53830600031237,33.82172200014087],[-96.53841199971929,33.82171099972919],[-96.53862900035256,33.82166100007891],[-96.53891899988247,33.82157899990264],[-96.53948499959691,33.821436000171666],[-96.53975099973567,33.82134800027573],[-96.54003100011818,33.82125500007525],[-96.54030099955659,33.82117799972847],[-96.54045299989257,33.82112300029122],[-96.54085399975057,33.82102999984607],[-96.5409399999643,33.82099699983237],[-96.54124299991298,33.82093099976665],[-96.54138100000526,33.820881999707545],[-96.54167700028125,33.82080499977123],[-96.5418549996582,33.820783000203114],[-96.54217100002568,33.820767000174456],[-96.54228300017866,33.820744999850305],[-96.54241500042315,33.82073400005921],[-96.54254000009661,33.82073400005921],[-96.54270400012814,33.82077199967065],[-96.54286499978663,33.82079800018066],[-96.5430199995973,33.820821999840646],[-96.54313900032133,33.82081600029945],[-96.54319799987256,33.820783000203114],[-96.54319799987256,33.82073900030366],[-96.54317199993328,33.82069499963529],[-96.54316500026059,33.820656999989644],[-96.543250999576,33.820613000025354],[-96.54331000002554,33.820613000025354],[-96.54338199999557,33.82063000013294],[-96.54346099963828,33.820662000238585],[-96.5435600002708,33.8206900001346],[-96.5436720004238,33.82066799979058],[-96.5439619999537,33.8205310003368],[-96.54400899980936,33.82051600031247],[-96.54433000019975,33.82041500027904],[-96.5445539996074,33.82041000001571],[-96.54474500030145,33.82036599992435],[-96.54495600018863,33.820250999697336],[-96.54514000031165,33.82020700027048],[-96.5454170003211,33.82012400013662],[-96.54552199990307,33.82011899985623],[-96.54575899972954,33.82015200020878],[-96.54597600036281,33.82015200020878],[-96.54610299968611,33.82014100034147],[-96.54627900031151,33.82012500019269],[-96.54654899974996,33.820059000200345],[-96.54686500011744,33.820025999811904],[-96.54696999969944,33.820025999811904],[-96.5471089996166,33.820004000043454],[-96.54724000003618,33.8199650000329],[-96.54739800021991,33.81993799995773],[-96.54770799984131,33.81993200035451],[-96.54785299960625,33.819905000268925],[-96.54809000033104,33.81983399980978],[-96.5482540003626,33.81981700029024],[-96.54835999976947,33.819822999901575],[-96.54841900021901,33.81984499971658],[-96.54850399970952,33.819889000075996],[-96.54856300015905,33.81994300024871],[-96.54858999992325,33.81995400014148],[-96.54865600004548,33.819959999743205],[-96.54875399995477,33.81994400030683],[-96.54886600010776,33.819905000268925],[-96.54902400029152,33.81983399980978],[-96.54923500017873,33.81970200007138],[-96.54967600021968,33.81952600035199],[-96.54994599965809,33.81938899981513],[-96.55014999987259,33.81931200002719],[-96.55043299972981,33.81922400018461],[-96.5506570000358,33.81918599988541],[-96.55074900009733,33.81915299990645],[-96.55090700028106,33.81905399989316],[-96.55102600010675,33.818943999744],[-96.5510779999853,33.81886099987708],[-96.55117099987169,33.8187520002981],[-96.5513680004135,33.818630999699],[-96.55149300008698,33.818569999671304],[-96.55161199991267,33.81849900034284],[-96.55170399997417,33.818477000181545],[-96.55177000009643,33.8184819998116],[-96.55180899955614,33.81853199982781],[-96.55184899973912,33.818719000151674],[-96.55184899973912,33.81875699991208],[-96.55184200006644,33.81878499968545],[-96.55180899955614,33.8188340001997],[-96.55161199991267,33.81891600002269],[-96.55151900002626,33.81896599978517],[-96.55130200029129,33.81905399989316],[-96.5510779999853,33.819174999893804],[-96.55105200004601,33.81922999983754],[-96.55106499956649,33.81925199980515],[-96.55112499984095,33.819262999786794],[-96.55140100002548,33.81924600015376],[-96.55160500023997,33.81924600015376],[-96.55171700039296,33.81925199980515],[-96.55178900036299,33.81926800011725],[-96.55198699983139,33.819273999767034],[-96.55222399965785,33.81924099982203],[-96.55263200008686,33.81915299990645],[-96.5527829996996,33.81914199991064],[-96.55292900018779,33.819151999839015],[-96.5531130003108,33.81916399990084],[-96.553396000168,33.81921300019794],[-96.55358000029102,33.81920799986428],[-96.55377699993451,33.81918599988541],[-96.55398199997394,33.819174999893804],[-96.55423800006697,33.819126000321255],[-96.55434400037215,33.81906000030428],[-96.55456699995494,33.81895000016285],[-96.55468599978063,33.81891700009288],[-96.5548039997814,33.81889999964474],[-96.55491000008661,33.81886700030175],[-96.55502800008738,33.81886700030175],[-96.55508800036183,33.81891700009288],[-96.55506800027035,33.818954999765275],[-96.5550349997601,33.81899899983629],[-96.55496899963784,33.81902700027676],[-96.55493000017809,33.81905399989316],[-96.55488999999514,33.81909799991319],[-96.55487699957634,33.81914199991064],[-96.55488300032242,33.81922400018461],[-96.55492299960709,33.81927900009685],[-96.55500799999591,33.81931200002719],[-96.55510099988234,33.819333999973644],[-96.55517299985235,33.81936699988276],[-96.55527199958657,33.81938899981513],[-96.55540300000611,33.81939500020277],[-96.55550199974032,33.81936200030444],[-96.55554799977108,33.81936699988276],[-96.55556799986256,33.81939500020277],[-96.55560800004552,33.81939999977916],[-96.55565400007629,33.81938899981513],[-96.55569300043435,33.819351000335516],[-96.55577899974975,33.81920799986428],[-96.55592400041303,33.81899899983629],[-96.55601599957622,33.81889500003911],[-96.55616100023948,33.818769000029334],[-96.55629199976075,33.81867000031787],[-96.55641700033252,33.81853800027557],[-96.55654899967871,33.81830200025761],[-96.55666099983169,33.818016000046214],[-96.55672699995391,33.817933000025],[-96.55682599968812,33.81784600033889],[-96.55691799974963,33.81778499975132],[-96.55712199996412,33.81756499977898],[-96.55717399984268,33.817520999716635],[-96.55737899988206,33.81741199992261],[-96.55761599970856,33.81731799983117],[-96.55785900028113,33.81719199973715],[-96.5579780001068,33.81715299993701],[-96.55810899962805,33.817131000175834],[-96.55813000044276,33.817138000066535],[-96.558148999811,33.81716400018862],[-96.55814200013832,33.81726300015058],[-96.5580900002598,33.817361999998006],[-96.55807600001606,33.81741199992261],[-96.55806299959728,33.81757599997767],[-96.55800400004607,33.817641999647115],[-96.55795800001532,33.81766999978551],[-96.55774100028032,33.81776899990813],[-96.55708900035218,33.817917000209434],[-96.55699700029065,33.8179830003621],[-96.55693100016842,33.81808200012248],[-96.55675999956588,33.81840600002953],[-96.55660800012824,33.81859800025217],[-96.5564780004319,33.818742000322914],[-96.55636499955568,33.81886800037247],[-96.55625900014877,33.819020999863255],[-96.55621999979071,33.81910899991471],[-96.55621300011802,33.81914199991064],[-96.55624400008016,33.81914600018067],[-96.55639800006594,33.819126000321255],[-96.55650900039404,33.81907599990603],[-96.55680599959663,33.81898799982063],[-96.55698999971966,33.81895000016285],[-96.55744400017943,33.8189769998036],[-96.5577599996486,33.81895599983501],[-96.55803699965803,33.81891700009288],[-96.55827400038281,33.81891199974191],[-96.55847100002629,33.818922999767295],[-96.55876700030231,33.81896699985472],[-96.55901099980146,33.81903800028736],[-96.55914300004596,33.81903800028736],[-96.5592679997194,33.81899999990546],[-96.55941900023045,33.81891700009288],[-96.55951799996467,33.818889999686846],[-96.56024199986282,33.81887899965723],[-96.56042000013808,33.818861999947856],[-96.56074200035336,33.81887899965723],[-96.56082799966877,33.81892800011762],[-96.56088700011834,33.81895000016285],[-96.56095300024054,33.81896100018341],[-96.56101900036279,33.81895599983501],[-96.56111800009698,33.81892800011762],[-96.56121000015851,33.81892800011762],[-96.56146000040374,33.81896699985472],[-96.56162400043527,33.8189779998731],[-96.5618219999037,33.819098999981264],[-96.56188800002592,33.81911500032198],[-96.56206600030117,33.819104000321296],[-96.56219099997462,33.81907100031069],[-96.56233599973959,33.81899999990546],[-96.56244100021988,33.818988999889974],[-96.56261799977189,33.8190160002647],[-96.56271099965831,33.81904399995328],[-96.5628229998113,33.81906000030428],[-96.56297400032236,33.81906599996872],[-96.56305299996507,33.819054999961736],[-96.5632179998215,33.81906000030428],[-96.56326999970007,33.81909300031914],[-96.56331599973082,33.819137000319174],[-96.56335599991378,33.81915399997382],[-96.56351999994531,33.81914800031561],[-96.56359899958804,33.81916499996812],[-96.56384999965819,33.81910999998259],[-96.5638859996432,33.819087999978514],[-96.56456600005876,33.81891399988232],[-96.56508400009263,33.818769000029334],[-96.56556600014147,33.818685999992525],[-96.56629699971236,33.81851199982481],[-96.56666599978328,33.81851099974994],[-96.56782499987466,33.81876300034406],[-96.56819200029578,33.818824000234095],[-96.56857300006227,33.81886700030175],[-96.56887799966081,33.81889999964474],[-96.56978700040523,33.81895900004409],[-96.57015700030108,33.81898300022014],[-96.57040400017328,33.81899899983629],[-96.57111300000287,33.818954999765275],[-96.57115400001074,33.81895200030243],[-96.57163400040976,33.81895900004409],[-96.5717769996266,33.81896100018341],[-96.57293700044117,33.81909799991319],[-96.5731509998031,33.81918200036355],[-96.5791629999949,33.82296600025568],[-96.58422899963236,33.82623800036114],[-96.58706700039708,33.82800800021271],[-96.58987400030136,33.8294500000965],[-96.592926000428,33.830915000165625],[-96.59700399967831,33.83270100023331],[-96.59709200044017,33.832739999658486],[-96.60125599990421,33.8343289999271],[-96.61233100025872,33.838156000347354],[-96.61501599996426,33.83882900017771],[-96.61802200006017,33.83958599973591],[-96.62235299992876,33.84118199973407],[-96.62314700014716,33.84149599985151],[-96.62622900041104,33.84355699984176],[-96.62659799958367,33.84380899973368],[-96.62674900009472,33.84389100022509],[-96.62747600036595,33.844260000343624],[-96.62784399971366,33.844467000258305],[-96.62805899979881,33.84460000032814],[-96.6283669997704,33.844899000346345],[-96.6289509999265,33.84527699993728],[-96.62927399996668,33.84550000025189],[-96.62954199975528,33.84609600015327],[-96.62984700025213,33.846561000069485],[-96.62995400038226,33.84714099971514],[-96.63001700013142,33.847530999642636],[-96.63001799995635,33.84800499976323],[-96.63001999960616,33.84853900009193],[-96.62996000023003,33.84902800008899],[-96.6299150000242,33.84947999972058],[-96.6298100004422,33.84993900013422],[-96.62975000016775,33.850428000324044],[-96.62975099999265,33.850862999948184],[-96.62960299985465,33.85100400030285],[-96.62950599977027,33.8513080002386],[-96.62930599975373,33.851749999898686],[-96.6291629996386,33.852049000258894],[-96.6290220000716,33.85240799969296],[-96.62897000019308,33.85240799969296],[-96.62889800022305,33.852488999714026],[-96.62539900020765,33.85654200019548],[-96.62488000034887,33.856831999823925],[-96.61713599978026,33.86386200002282],[-96.6142309999667,33.86649999986678],[-96.6129630000954,33.86765099969194],[-96.61268799973577,33.86798600008941],[-96.61222900015147,33.868696000326835],[-96.61196999968539,33.86901599989007],[-96.61163400012472,33.869253000331746],[-96.6053170003344,33.87140399996251],[-96.60168600007452,33.872823000140606],[-96.59886300027672,33.87431900011803],[-96.59734799963489,33.875101000145875],[-96.59181099981924,33.879195999970264],[-96.5901119999527,33.88066499982354],[-96.58907599988501,33.882211000348924],[-96.58749400019434,33.88425099963643],[-96.58732500013994,33.88457399993529],[-96.5865750003025,33.886007000061774],[-96.58598100010065,33.887239999945024],[-96.58536000013461,33.888948000187845],[-96.58522799989015,33.89007399971134],[-96.58545200019613,33.891280999786076],[-96.5863800003088,33.89291199982084],[-96.58718100019989,33.89400499980673],[-96.58793400041039,33.89478400007916],[-96.58850199977464,33.89498299965095],[-96.58888699973912,33.89503800000902],[-96.59216999984444,33.89551300026954],[-96.59983400004712,33.89531199985429],[-96.6042329996878,33.89481300021805],[-96.60635599987685,33.89475899964302],[-96.60824499971417,33.894712000026004],[-96.61013399955151,33.89466499963749],[-96.61484400043511,33.89454599977544],[-96.62067699962846,33.89485300029056],[-96.62409299980318,33.895140999662225],[-96.62527299981095,33.89487600010005],[-96.62621699981716,33.89447099972693],[-96.62640400031323,33.8943919998829],[-96.62711700034076,33.89433400005463],[-96.62829399997545,33.89447700006133],[-96.63011699969056,33.895422000110564],[-96.63139200013286,33.89646400021802],[-96.63386000010343,33.89847900005911],[-96.63939899956888,33.902577999973744],[-96.64405000000295,33.90596200035938],[-96.64607299973459,33.90706599993592],[-96.64773499979121,33.90797300030886],[-96.65221299997289,33.91132599980586],[-96.65223499971422,33.911345999698625],[-96.65327199960684,33.91226699985181],[-96.65430799967457,33.91318799974366],[-96.65498399989217,33.91378899971841],[-96.65820699972303,33.91584100022234],[-96.65986899977965,33.916651999948336],[-96.65989600044213,33.91666599981883],[-96.66440999971056,33.91726699986532],[-96.6656449999699,33.9171919996767],[-96.6671870003759,33.91694000022935],[-96.66843000013286,33.9162059999944],[-96.67061799972093,33.914914000287034],[-96.67184899978233,33.91376799994829],[-96.67344899991465,33.9122779997838],[-96.67530599996493,33.90911399999993],[-96.67560200024094,33.90834699963993],[-96.67640099958388,33.906280999786546],[-96.67663999995847,33.9053400000089],[-96.67798099962472,33.90222799984074],[-96.6784450001302,33.90115000015585],[-96.6785720003518,33.90085700017308],[-96.68002699982087,33.89800499980569],[-96.68056099974827,33.89696000018007],[-96.68064000028927,33.89680500026885],[-96.68071899993201,33.89665000007585],[-96.68094700043596,33.896203999849085],[-96.6812110000266,33.89546499965699],[-96.6814939998838,33.89467499967473],[-96.68163000032625,33.89395300008655],[-96.68208800008564,33.89151800028685],[-96.68224399972127,33.8906859998148],[-96.68254599984506,33.889082000324876],[-96.68291900011396,33.887096999736315],[-96.68307200027482,33.88628499994584],[-96.68346399991198,33.884217000122575],[-96.68350099972191,33.883549000257965],[-96.68299799975667,33.88213499981909],[-96.68248200027094,33.87905600003966],[-96.68230499982064,33.8779299997776],[-96.68210300015427,33.87664499976524],[-96.68211499984984,33.875101000145875],[-96.68220899956115,33.873876000002696],[-96.68246899985218,33.87176300007539],[-96.68304799998539,33.86922199999982],[-96.68308800016837,33.86907300029242],[-96.68356699984415,33.86733799974239],[-96.68410099977156,33.8651940002782],[-96.6841469998023,33.864918999649625],[-96.68420299987878,33.86472399969793],[-96.68472699976043,33.86290500035724],[-96.68535299974931,33.861288000368035],[-96.68603900001268,33.859701999666356],[-96.68683300023106,33.85756600010105],[-96.68819099961573,33.85461299987479],[-96.68913700017006,33.8529120002342],[-96.68960199960217,33.8519900003156],[-96.68986899956586,33.85146200029874],[-96.6907079999901,33.84995900024569],[-96.691806999807,33.84838799990718],[-96.69264600023122,33.8473500003319],[-96.69302799982265,33.84695099966029],[-96.6935459998565,33.84641200036224],[-96.69391300027762,33.845801000362435],[-96.69522499963155,33.844175999910775],[-96.69669000004464,33.84252100010506],[-96.6978829995729,33.84101400019546],[-96.69826099986469,33.84053699989177],[-96.69957399994183,33.83904899990863],[-96.70077900006395,33.83789699977099],[-96.70191300004095,33.83696499964691],[-96.70198500001098,33.83690499987353],[-96.70213200032408,33.836797999887175],[-96.70326600030106,33.835974999865854],[-96.70445700017949,33.83502100004041],[-96.70660799995763,33.83382299966266],[-96.7081339995718,33.8330599996272],[-96.71020900008028,33.832342999991155],[-96.71080400010705,33.83212200024581],[-96.71242199978272,33.831632999761226],[-96.71373400003496,33.831328000043044],[-96.71448100039767,33.83121400030699],[-96.71599199994323,33.83098499970352],[-96.7168770003982,33.83097700027089],[-96.71745700035633,33.83080900007407],[-96.71775699993198,33.83076300024691],[-96.71892199987114,33.83058800009411],[-96.71936799993499,33.830562000322274],[-96.72117999977942,33.83045799966344],[-96.72305699992116,33.83039699986386],[-96.72510200029241,33.830312999983036],[-96.72540799971588,33.830232999771084],[-96.72647599957064,33.829955000187326],[-96.72830699968164,33.82942799976766],[-96.72951199980376,33.829022000076485],[-96.72998499963178,33.82886400005413],[-96.73161800027438,33.828474999963746],[-96.73308299978916,33.828199999771975],[-96.73343400031679,33.82811599997118],[-96.73566200008781,33.82759100009287],[-96.73718600005216,33.82732099990223],[-96.73837799975549,33.82711000035103],[-96.74052900043196,33.826720999742676],[-96.74208400035845,33.82644699986135],[-96.7425739999049,33.826361999847755],[-96.74377900002702,33.82606499987418],[-96.74416099961844,33.82617899975991],[-96.74498499997405,33.825873999986825],[-96.7460379997602,33.82569900027425],[-96.74623399957878,33.825675999735324],[-96.74628700018052,33.82566899979717],[-96.74644500036428,33.825649999962174],[-96.74649899989264,33.82564400001344],[-96.74713599975219,33.825567999879716],[-96.74725700012601,33.82554900002233],[-96.7482349995691,33.82540000024787],[-96.74943999969123,33.82526300016598],[-96.74952900027799,33.82524300024462],[-96.7502759997424,33.82507899996672],[-96.75349899957328,33.82471799988941],[-96.75404000007165,33.824657999728856],[-96.75743699997983,33.82450999989907],[-96.7601879998076,33.824455000365965],[-96.76158700009846,33.82440700009327],[-96.76318200020792,33.82478300001584],[-96.76341499983641,33.8248380000842],[-96.76459999986706,33.8249340001188],[-96.76623400033458,33.82545899989408],[-96.76631299997727,33.82552100022473],[-96.76697999997405,33.826044000153566],[-96.76766600023741,33.826454999717846],[-96.76793800022398,33.826618000361435],[-96.7693769997995,33.82747799982112],[-96.76989800020644,33.82834400009123],[-96.77067499980802,33.82962099981409],[-96.77085899993104,33.83002599970527],[-96.77154199982134,33.83152699981375],[-96.77205099963439,33.83264799981889],[-96.77244700036782,33.83352000009517],[-96.77256000034572,33.83376800015094],[-96.77453100019882,33.838109000151285],[-96.77529600010487,33.83943199990682],[-96.77639200044706,33.84132800018407],[-96.77676599964255,33.84197600017249],[-96.77710399975135,33.84379199975839],[-96.77715700035311,33.845138000102466],[-96.77714099956128,33.84668599966348],[-96.77714300010942,33.84673799983468],[-96.77720199966063,33.848161999739666],[-96.77780599990824,33.85032600011729],[-96.77827600026151,33.85244100026345],[-96.77878300042472,33.85473400027261],[-96.77937599990332,33.85611600009781],[-96.77958799961544,33.85793900003189],[-96.779719000035,33.858227000171915],[-96.78056900032989,33.86009800019831],[-96.78159799982659,33.86136999974643],[-96.7823169997019,33.86219499969967],[-96.7834850000141,33.863533999674495],[-96.78574999959505,33.864707999689806],[-96.78684099991438,33.86524300029449],[-96.78744000013909,33.86553699980175],[-96.7880400001887,33.865830999788386],[-96.78888000043784,33.86624100018517],[-96.78903199987548,33.86631599968998],[-96.7890820001042,33.866339999994956],[-96.79002299973736,33.866802000075744],[-96.79427599978817,33.86888599974597],[-96.79594299986765,33.869223999708794],[-96.79735200020428,33.86951100034782],[-96.79787000023813,33.86961700016307],[-96.79838900009688,33.86972200037103],[-96.8055069997783,33.87116799973063],[-96.81277799962056,33.872645999986965],[-96.82323700003194,33.873838000136615],[-96.82416299959648,33.8739439997994],[-96.82703899999603,33.87441700008885],[-96.8281629999273,33.8746030002872],[-96.8311909997645,33.87485400015684],[-96.83215700041035,33.8748350000707],[-96.83287899976038,33.87402500027622],[-96.83344200000008,33.873729999992946],[-96.83378599995667,33.87352499975186],[-96.83543999961736,33.87253299962951],[-96.83709500000128,33.871539999711324],[-96.83741300001859,33.87134900003001],[-96.83977499968395,33.86839800030757],[-96.84026000010584,33.86616500035124],[-96.84050699997805,33.8650219998613],[-96.84081900014759,33.863645000169974],[-96.84109600015701,33.86101799996613],[-96.84133899983125,33.858898999705474],[-96.84148100012148,33.857238999807535],[-96.84152100030445,33.85520700031852],[-96.84159199955124,33.8528940001595],[-96.84244199984612,33.85179400024942],[-96.84370899989253,33.850575000341884],[-96.84589599965567,33.848975000100964],[-96.84824999982341,33.84808999989083],[-96.85059300012051,33.8472110001393],[-96.85355400001056,33.84727499983742],[-96.85608999975318,33.84749000003431],[-96.86024700044283,33.849688999837646],[-96.86395999982015,33.85191000025158],[-96.86624600021584,33.85305300019077],[-96.86643799983646,33.85314899986924],[-96.87068000001662,33.856548999843106],[-96.87271500034213,33.85829899968221],[-96.87528100022199,33.86050500028189],[-96.87665799987322,33.861762999804135],[-96.87926200028622,33.86429500002675],[-96.88300999982364,33.86801899986149],[-96.88320999984018,33.868432000157064],[-96.88568700003157,33.8735429999528],[-96.88601500009464,33.8751020003044],[-96.88633300011195,33.87591500002016],[-96.88683500025228,33.87694800001812],[-96.88723000026249,33.877729999822485],[-96.88755800032555,33.87848699993419],[-96.88790499975688,33.87902699976424],[-96.88800299966616,33.87915800023552],[-96.8884839998901,33.87980099982612],[-96.8891109997039,33.88076899977191],[-96.8894970003916,33.88161599975878],[-96.88982399973143,33.88268799984224],[-96.89000799985445,33.88356699983612],[-96.8901519997945,33.88437399989208],[-96.89049900012412,33.885648000209734],[-96.89094299963983,33.88676099975754],[-96.8915889997202,33.88790599997537],[-96.89225499989206,33.889058999698605],[-96.8925050001373,33.88947200033834],[-96.8925600003889,33.88956300013459],[-96.89261499974218,33.88965499982177],[-96.89278600034471,33.88993799967204],[-96.89310400036204,33.89073700006018],[-96.89327699971608,33.89151900025293],[-96.89333500034073,33.89228499992902],[-96.89367299955121,33.893115999769385],[-96.89382099968921,33.8934309997623],[-96.89404900019315,33.8939140002756],[-96.89469500027352,33.89488199966029],[-96.89555399989092,33.89608300007238],[-96.8957279999682,33.89641400032335],[-96.89587199990824,33.89706700009879],[-96.89599800030493,33.897946000307094],[-96.89603599993976,33.898615999783054],[-96.89618099970473,33.899082999735306],[-96.89667299979932,33.900365999822526],[-96.8970300001747,33.90161599980258],[-96.89719400020621,33.902954000271016],[-96.89722299962023,33.90457500035826],[-96.89721699977243,33.904681999667815],[-96.89715499984817,33.905832999642094],[-96.89701000008321,33.90737399988707],[-96.89683699983085,33.908668000109444],[-96.89681699973936,33.90881700000484],[-96.89664000018735,33.909644999761724],[-96.8964889996763,33.91035799998242],[-96.89642099990425,33.911930000163586],[-96.89644400036877,33.91261999967135],[-96.89646899958483,33.91331800022269],[-96.89651299996575,33.91361500018893],[-96.89659099978356,33.91415100023175],[-96.89673999974646,33.91515599989176],[-96.89681699973936,33.91575999994252],[-96.89688600023466,33.916298000008865],[-96.89694700033401,33.916773000350624],[-96.89695200035688,33.91681000005739],[-96.89725100010764,33.91816400025493],[-96.89725500030558,33.9181799999293],[-96.89738199962889,33.91864299996853],[-96.8974030004436,33.91871999966507],[-96.8974660001928,33.918950999828006],[-96.89748799993409,33.9190289996351],[-96.89752700029216,33.91917199996567],[-96.8975659997519,33.91931500005625],[-96.89767500043016,33.919712999758865],[-96.8978679998757,33.920817000118554],[-96.89789999966276,33.921186000156254],[-96.89808999963354,33.92334900027619],[-96.89827399975658,33.92580000003952],[-96.89852499982672,33.92696999994361],[-96.89863000030702,33.92773900022211],[-96.89873800026207,33.92852600004343],[-96.89892099966184,33.92992099991137],[-96.89944200006876,33.93372799988022],[-96.89985799999536,33.93500400022871],[-96.9002329999141,33.936154999812274],[-96.9006770003281,33.93759500017112],[-96.90082200009306,33.93806699976729],[-96.90099600017032,33.93878399976713],[-96.90243399992094,33.94201800008827],[-96.9040270003806,33.94481599989395],[-96.90461599966125,33.946001999773515],[-96.9052530004191,33.94721899982955],[-96.90655399990237,33.948930000306106],[-96.90720800037867,33.94979000006523],[-96.9073869995805,33.950025000263935],[-96.90920199979799,33.9520010003112],[-96.91001399955971,33.95278300021483],[-96.9113359998577,33.953960000295524],[-96.91266900002634,33.95510500012037],[-96.913701999721,33.95587099977165],[-96.91432100003719,33.95635600021297],[-96.91512199992826,33.95698400029805],[-96.91630000028621,33.957797999971945],[-96.91730399966855,33.958353999919154],[-96.91765199982311,33.958580000247395],[-96.91861799957061,33.9589260001736],[-96.92073300026208,33.959522999631965],[-96.92211400011129,33.959578999969],[-96.92356299973255,33.95937700025623],[-96.92426800026246,33.959158999895266],[-96.92517499956047,33.958707000224386],[-96.92593799981671,33.95835200006523],[-96.92694200009736,33.95798100026994],[-96.92832299994659,33.957375000231885],[-96.92957800029741,33.956810000342415],[-96.9297320002832,33.95673499995631],[-96.93089100037457,33.95617300014538],[-96.9322520001323,33.95568800015115],[-96.9330120000155,33.95533200009985],[-96.9337679997007,33.95497799998257],[-96.93483999975344,33.954453000235354],[-96.93554399956014,33.95405799963135],[-96.93624900009006,33.95364599973214],[-96.93660200026748,33.953420999695545],[-96.93709900038493,33.95310600013511],[-96.93794799995659,33.9526209997977],[-96.93913600036028,33.951927000159685],[-96.94069999960927,33.95114399982988],[-96.941995999968,33.950524000014795],[-96.94218599993879,33.95043399975035],[-96.943827000079,33.94961899964594],[-96.9439829997146,33.949538000190245],[-96.9444539998928,33.949296999937104],[-96.94461100025163,33.949217000209266],[-96.94461100025163,33.94901100034046],[-96.94461100025163,33.948804999973],[-96.94461200007656,33.947732000364255],[-96.94461200007656,33.94758099986412],[-96.94461200007656,33.94742999984132],[-96.94461200007656,33.94740800011177],[-96.94461299990147,33.94722999971946],[-96.94461299990147,33.94717400019732],[-96.94461399972637,33.94711799989306],[-96.94461600027451,33.94558099967603],[-96.94462700014518,33.93855100015402],[-96.94463299999295,33.9384039996638],[-96.94465399990935,33.93749100022409],[-96.94468999989436,33.93623600007826],[-96.94468700041962,33.93102900015377],[-96.9446859996964,33.92894400017965],[-96.94468400004656,33.92605200011535],[-96.94468200039674,33.92027500025221],[-96.94468200039674,33.92019500008993],[-96.94468200039674,33.92011499985255],[-96.94468200039674,33.92000500014889],[-96.94468200039674,33.91989399992454],[-96.94468099967352,33.917757000118975],[-96.94468099967352,33.91593700009538],[-96.94468099967352,33.9146100002718],[-96.94468099967352,33.91441999980473],[-96.94468099967352,33.914229999659554],[-96.94468099967352,33.9128809996431],[-96.94468200039674,33.91088900019481],[-96.94468099967352,33.910402999686454],[-96.9447280004275,33.902830000134145],[-96.94473000007734,33.90268500029852],[-96.9447350001002,33.90177000006984],[-96.94473699975,33.90137700007634],[-96.94475699984152,33.897452999804635],[-96.94476400041252,33.89614499985],[-96.94482899981152,33.88514000034306],[-96.94483100035964,33.884848999881676],[-96.94483100035964,33.88474899986818],[-96.94483300000948,33.884541999900215],[-96.9448339998344,33.884319000114985],[-96.94488700043615,33.8751020003044],[-96.94502700017824,33.86954599997765],[-96.94504899991956,33.8644199997762],[-96.94506599963799,33.860291000353314],[-96.94506700036122,33.86018399981495],[-96.94506700036122,33.860078000222984],[-96.94506599963799,33.859905000353024],[-96.94506700036122,33.85985100006314],[-96.94506900001102,33.85979699973908],[-96.94506900001102,33.859743000126876],[-96.94506900001102,33.85968899973452],[-96.94508499990457,33.85604800027432],[-96.94509999997318,33.85282699968236],[-96.94509999997318,33.85277800000155]]],[[[-96.29717200024902,32.897961000142644],[-96.29719999983809,32.900137999878666],[-96.29720200038622,32.900325999822684],[-96.29722400012754,32.901977999821845],[-96.29721999992958,32.907994000137485],[-96.29721999992958,32.9083470002197],[-96.29726799961016,32.90988299974247],[-96.29726900033337,32.90990800011581],[-96.29728299967877,32.91394100033018],[-96.29728299967877,32.915869999900025],[-96.29728199985385,32.923287999707824],[-96.2972850002269,32.92440100003151],[-96.29727699983097,32.926180999765194],[-96.29724199967087,32.934176999726],[-96.29725599991458,32.941059000337454],[-96.29725400026476,32.941158000068256],[-96.29725699973949,32.941644999811054],[-96.29725799956442,32.94175399995895],[-96.29725799956442,32.941862000318764],[-96.29725799956442,32.94226799976538],[-96.29725799956442,32.942348999953644],[-96.29725799956442,32.94243000006777],[-96.29727000015829,32.948031000146436],[-96.29726799961016,32.952030000085216],[-96.29726500013541,32.95766499970931],[-96.29726299958729,32.9602499999819],[-96.29725599991458,32.96332700023602],[-96.29725400026476,32.96474999999979],[-96.29725400026476,32.964857000003086],[-96.29725300043985,32.96496399987678],[-96.29725099989172,32.96551799996079],[-96.2972490002419,32.96671000036136],[-96.29724500004393,32.96885400033147],[-96.29724500004393,32.96901800034223],[-96.29724500004393,32.969179999851725],[-96.29724099984598,32.970686000304475],[-96.29724000002106,32.97129300011993],[-96.29723300034836,32.97344299993407],[-96.29722400012754,32.975975000143535],[-96.29722400012754,32.97603199984136],[-96.29722199957939,32.97691400023281],[-96.29722099975449,32.97708899969374],[-96.29721599973162,32.97805999993163],[-96.29720300021114,32.98077299989814],[-96.29720400003605,32.98101499990009],[-96.29720400003605,32.98119799997487],[-96.29720300021114,32.981233000156024],[-96.2971939999903,32.981420000371806],[-96.29718800014253,32.9815500003247],[-96.29722699960227,32.98175199996451],[-96.29750899963457,32.98175199996451],[-96.29792100026154,32.98175499983254],[-96.29876800018337,32.981760000365945],[-96.30132099964442,32.98177199983655],[-96.30276299959301,32.98159399998719],[-96.30321500040293,32.98155200024134],[-96.30378199994229,32.9815599999074],[-96.30409800030976,32.981549000366336],[-96.30906699986284,32.98159699986059],[-96.31376400032767,32.981599999733945],[-96.31888900041467,32.98167299963441],[-96.31894999961574,32.98167400034487],[-96.32099599981188,32.9816450000823],[-96.32214900005546,32.9816669998926],[-96.32219500008623,32.98166899980659],[-96.32227000042928,32.98167299963441],[-96.32241600001917,32.98171000029381],[-96.32253200037012,32.98175699974452],[-96.32270300007436,32.98184199972977],[-96.32285899970994,32.98170199988778],[-96.32307700016817,32.981489999790604],[-96.32320400038975,32.981578999864915],[-96.32333200043628,32.981628000053895],[-96.32341100007899,32.98164999986838],[-96.32351300018625,32.98166799984958],[-96.32360600007266,32.98167600025868],[-96.32376400025642,32.98168999965416],[-96.32459299973658,32.98170199988778],[-96.32525399988556,32.98171200020681],[-96.32589400011815,32.98172099981474],[-96.32659000042725,32.98173200008792],[-96.32769599991684,32.98174900009631],[-96.32799899986557,32.98175100000843],[-96.32832199990575,32.98175199996451],[-96.32848199973932,32.9817529999205],[-96.32888500014543,32.98175499983254],[-96.3289169999325,32.98175499983254],[-96.32913299984257,32.98175799970052],[-96.3293040004451,32.98175799970052],[-96.3297339997171,32.98176400018965],[-96.33118800025957,32.9817820001476],[-96.33229899977204,32.98179199970402],[-96.33249899978857,32.98179900014642],[-96.33279500006458,32.981802000012856],[-96.33363000029085,32.981802000012856],[-96.33388800003372,32.98181100036523],[-96.33398900031605,32.98181700009724],[-96.33420900042408,32.981819999963065],[-96.33531999993654,32.981822999828836],[-96.33649099972347,32.98181900000782],[-96.33662299996796,32.98180499987925],[-96.33766599970836,32.98193999978847],[-96.34187299972844,32.9819600003715],[-96.35105099984968,32.98200000001683],[-96.3516709999908,32.982002999876435],[-96.35193700012957,32.98195199998812],[-96.35236899994969,32.981860999626605],[-96.35303500012158,32.981905999841935],[-96.35343599997958,32.981929000294826],[-96.35401900031077,32.98195599980312],[-96.35434700037382,32.98201600002054],[-96.35463400042899,32.98197900024294],[-96.35502500024123,32.981929000294826],[-96.35584100020093,32.981929000294826],[-96.35693400017007,32.98198799982371],[-96.35737600003594,32.98196100032514],[-96.35747700031828,32.98189099977272],[-96.3615980001246,32.981878000363764],[-96.36569999966436,32.98206699987195],[-96.37072799966698,32.98208399981583],[-96.37208599994997,32.98209200018724],[-96.37212299975988,32.98209200018724],[-96.37542199975876,32.982111999982266],[-96.37596499990697,32.982114999838075],[-96.37871400008493,32.98212500011033],[-96.37941200004384,32.98212799996569],[-96.37969599972597,32.982128999917485],[-96.38280599957893,32.98214399994625],[-96.38330299969638,32.982145999849436],[-96.38508799977666,32.98215400021523],[-96.38546799971824,32.98215600011818],[-96.38555099955892,32.98215600011818],[-96.38603699980573,32.98215800002108],[-96.38740900033243,32.982164999680904],[-96.38784899965017,32.98216700033716],[-96.38877699976285,32.982172000093676],[-96.38904200007674,32.98217300004497],[-96.38955500008771,32.98217499994749],[-96.3902639999173,32.98217899975239],[-96.39151699971995,32.982185000212894],[-96.39201399983743,32.98218800006627],[-96.39251199977979,32.982189999968455],[-96.39261800008502,32.982189999968455],[-96.39272400039022,32.982190999919496],[-96.39361800016772,32.982195999674715],[-96.39451199994521,32.98220000023222],[-96.39490100010764,32.98220200013411],[-96.39529000027007,32.98220400003597],[-96.39534799999639,32.98220400003597],[-96.39561099976213,32.982204999986855],[-96.39587400042618,32.982204999986855],[-96.39642800044504,32.98220799983956],[-96.3969819995656,32.98221099969209],[-96.3969819995656,32.98191600013785],[-96.39807899973268,32.9819150001837],[-96.3987340000339,32.98191400022947],[-96.40603099981544,32.98190999965901],[-96.40837099973946,32.98193200015684],[-96.40848700009042,32.98193200015684],[-96.40861799961168,32.98193200015684],[-96.40863100003045,32.98193200015684],[-96.40884500029071,32.981935000018815],[-96.40889200014637,32.981935000018815],[-96.40947399975434,32.98194099974241],[-96.40983699997749,32.98194600026528],[-96.41137799966027,32.98195899966428],[-96.41225499971932,32.98195699975687],[-96.4128079999133,32.981954999849414],[-96.41321899981703,32.981953999895644],[-96.41334100001578,32.981954999849414],[-96.41334199984067,32.98220599993778],[-96.4165189996408,32.98223100021373],[-96.41664699968732,32.9822320001643],[-96.41911399983296,32.98225199992762],[-96.41911499965785,32.982238999818264],[-96.4191449997951,32.981994000297256],[-96.41928200006245,32.98199600020382],[-96.42007499955761,32.981999000063574],[-96.42111099962531,32.98200000001683],[-96.42180799975932,32.98200799964229],[-96.42737100041256,32.982111999982266],[-96.428149999664,32.98212600006211],[-96.42897599966943,32.982131999772776],[-96.43022400034758,32.982114999838075],[-96.43143600014238,32.98211899964569],[-96.43196699969673,32.98212100030298],[-96.43221299974404,32.98212000035109],[-96.43228200023931,32.98211899964569],[-96.4324589997913,32.98211799969383],[-96.43272099973214,32.98211799969383],[-96.43304999962012,32.98211799969383],[-96.43335699976676,32.98211799969383],[-96.43411599982505,32.982114999838075],[-96.43440399970513,32.982114999838075],[-96.43539600029024,32.982111999982266],[-96.43733500035627,32.98210400036623],[-96.43798800010934,32.98210400036623],[-96.43800400000289,32.982259000333556],[-96.43798700028444,32.98234399983549],[-96.44297299955595,32.98235799987854],[-96.44394900024751,32.98235999977687],[-96.44868799964682,32.98237299986845],[-96.44926199975718,32.98237599971539],[-96.4631189999016,32.98243599964744],[-96.4637099997304,32.98243900024579],[-96.46380099996699,32.98244200009048],[-96.46593800039977,32.982458999962205],[-96.46673900029084,32.98246700029964],[-96.47161499995748,32.98250900036372],[-96.47726300010122,32.98255999993028],[-96.47905400002925,32.98257599983257],[-96.48087900029248,32.982591999731945],[-96.48300099975832,32.982611000220935],[-96.48733199962693,32.98264799973368],[-96.48874799963625,32.98266199972858],[-96.4896730002742,32.98268499998447],[-96.4913989999049,32.98269200035606],[-96.49357300014758,32.982704999645165],[-96.49598500004163,32.982726999944894],[-96.49906499975738,32.9827539999627],[-96.50316600037054,32.98279400000186],[-96.50604400041993,32.98281600027935],[-96.5071199997723,32.98282599971865],[-96.50849499977373,32.98284300026999],[-96.5105340002972,32.98289199975738],[-96.51089199959917,32.98290199994163],[-96.5136109996399,32.9829809999255],[-96.51377499967143,32.98298599963598],[-96.51377700021956,32.98285199976264],[-96.51448600004912,32.98285199976264],[-96.51588699998982,32.98285800017746],[-96.5159690000056,32.9828629998949],[-96.51648100019167,32.982861000007965],[-96.5168789996766,32.982861000007965],[-96.5170109999211,32.98286199995142],[-96.51701599994395,32.982324000093016],[-96.51687000035409,32.97905599970992],[-96.5168850004227,32.9784309998622],[-96.51689600029337,32.977973000075714],[-96.51691899985958,32.977006999683745],[-96.51694300014903,32.9760299997997],[-96.51696599971523,32.97504900028285],[-96.51697199956303,32.97481299996363],[-96.51697800030914,32.97457200033433],[-96.51697900013404,32.97452800018721],[-96.51698199960877,32.974400999810776],[-96.516983000332,32.974375000292746],[-96.51698699963165,32.97421799996781],[-96.51699400020266,32.9738590002162],[-96.5169969996774,32.973752999859336],[-96.51699900022552,32.973668999671055],[-96.51701299957091,32.97311899967576],[-96.51706799982252,32.97082300003885],[-96.51707399967029,32.97057300008313],[-96.51707399967029,32.970538000198694],[-96.51708600026416,32.97032599967617],[-96.51708700008908,32.97030199988355],[-96.51704199988323,32.96756099979427],[-96.51703100001257,32.96688900018964],[-96.51703100001257,32.966868999961555],[-96.51702799963954,32.9666759998267],[-96.5169849999818,32.964075999803484],[-96.51697699958589,32.96393199980607],[-96.5169980004006,32.96287399985131],[-96.5170040002484,32.96250000037555],[-96.51701799959378,32.96186399970771],[-96.5170390004085,32.960707999717066],[-96.51707700004333,32.95883599978041],[-96.51708000041639,32.95859800017851],[-96.51716499990687,32.95416700012101],[-96.51717400012772,32.953753999888356],[-96.51720400026494,32.952064999763714],[-96.51726799983904,32.94888700019725],[-96.51729200012849,32.94743000013725],[-96.51731999971759,32.945925000181475],[-96.51733899998416,32.945112000221485],[-96.51735099967973,32.944273999866724],[-96.51735900007563,32.944069000070364],[-96.51741799962689,32.941021999990774],[-96.5174550003351,32.938999999743],[-96.5174700004037,32.93829800022077],[-96.5174700004037,32.938273000328344],[-96.51747100022864,32.93824100030496],[-96.51747799990132,32.937931000185564],[-96.51752399993207,32.93540799977156],[-96.51753999982562,32.93467500031599],[-96.51755499989424,32.933910999724475],[-96.517568000313,32.933162000125165],[-96.51758400020654,32.93241199970073],[-96.51759699972702,32.9316749997148],[-96.51761199979562,32.93092399972272],[-96.51761799964342,32.930533999747674],[-96.51763899955981,32.92946200027261],[-96.51766299984924,32.92828099984079],[-96.5176519999786,32.92804200035522],[-96.51765500035164,32.927667999782614],[-96.51767200007009,32.92705300035901],[-96.51767500044312,32.92695200027546],[-96.51768200011583,32.92665600037441],[-96.51771399990288,32.9254100000766],[-96.5177499998879,32.92419100014569],[-96.51775400008584,32.92390299966411],[-96.51776900015447,32.92347600026208],[-96.5177919997207,32.922867000318796],[-96.51780099994151,32.922461999911846],[-96.51780000011661,32.92242900032764],[-96.5177919997207,32.92211100007059],[-96.51780400031456,32.92156200033062],[-96.51781900038318,32.92082600033791],[-96.51783399955349,32.92009900010801],[-96.51784399959922,32.919606999845726],[-96.51786700006375,32.918525999931596],[-96.5179049996986,32.917426000213815],[-96.5179120002696,32.917230000170015],[-96.51792399996516,32.9162210003629],[-96.51792399996516,32.916197000208015],[-96.51792399996516,32.91618300024034],[-96.51792800016312,32.915604999857344],[-96.51792800016312,32.9155439998433],[-96.51792800016312,32.91492200015622],[-96.51793200036109,32.91483300006542],[-96.51797199964577,32.914113000150174],[-96.51797199964577,32.91402000012675],[-96.51797199964577,32.913995000160575],[-96.51797199964577,32.91397500003175],[-96.51797199964577,32.91387400010382],[-96.51797199964577,32.91292700007936],[-96.51797199964577,32.91282699969161],[-96.51797199964577,32.91281699987288],[-96.51797199964577,32.91246000032473],[-96.51797199964577,32.912367000072955],[-96.51797199964577,32.912283000369776],[-96.51797800039184,32.911936000095785],[-96.51798500006454,32.91144999969006],[-96.51798599988943,32.91137999984626],[-96.51799299956214,32.91093300029278],[-96.51799400028536,32.91082899989757],[-96.51799500011028,32.91072500013436],[-96.51799799958499,32.910454999729126],[-96.51799900030824,32.91037599976763],[-96.51800799963075,32.909408000358354],[-96.51801000017888,32.909253000071374],[-96.51801100000378,32.90913300034398],[-96.51801600002668,32.90872799968617],[-96.51803100009529,32.90791800035446],[-96.5180469999888,32.90705800032758],[-96.51805799985947,32.90614300012504],[-96.5180600004076,32.90598499997838],[-96.5180610002325,32.90585100025364],[-96.51807100027827,32.90506599972285],[-96.51809200019466,32.90388999995517],[-96.51809800004244,32.90355400016981],[-96.51810800008818,32.90294300023367],[-96.51811399993595,32.9026619999242],[-96.51811599958579,32.9025630001074],[-96.51812900000458,32.90205099986739],[-96.51812900000458,32.9019950000858],[-96.51813300020254,32.90170900000261],[-96.51813300020254,32.90167700033139],[-96.51813800022542,32.90080999996058],[-96.51813800022542,32.9006100003614],[-96.51807999960077,32.90045300026914],[-96.51817099983737,32.89982100037324],[-96.51817099983737,32.89953899983097],[-96.51817300038552,32.898726999882435],[-96.51817400021042,32.89863300014886],[-96.51817500003533,32.89826899970981],[-96.51818500008106,32.8975509996594],[-96.51819299957867,32.89692599979673],[-96.51819500012681,32.8967530003673],[-96.51820299962442,32.89635399991088],[-96.51822500026404,32.8953489997458],[-96.51822899956369,32.89495799971456],[-96.51823199993675,32.89470300004331],[-96.51823399958656,32.89455199966126],[-96.5182150002183,32.894348000254915],[-96.51819000010394,32.89408000008418],[-96.51818000005821,32.89390200015314],[-96.51816900018756,32.893699999645605],[-96.51822899956369,32.89369800000427],[-96.51823600013469,32.893366000073804],[-96.51823600013469,32.89329399986111],[-96.51823600013469,32.89323700037412],[-96.51823600013469,32.892583999637715],[-96.51824399963228,32.89234999987274],[-96.51826899974665,32.89166000027474],[-96.51827299994461,32.89153400026637],[-96.51827299994461,32.89147699964699],[-96.51827299994461,32.89140399993821],[-96.51827299994461,32.89128599985819],[-96.51827299994461,32.89122499968485],[-96.51823799978452,32.89106899978013],[-96.51821900041625,32.89098100008017],[-96.51823899960944,32.8907000002903],[-96.51825200002821,32.89051800017633],[-96.51825399967804,32.89048699971346],[-96.5182570000511,32.89033699992424],[-96.51825600022619,32.89030900010648],[-96.51825600022619,32.89028499971681],[-96.51825299985313,32.89003400037509],[-96.5182500003784,32.889712999946305],[-96.51824899965517,32.88959199989883],[-96.5182500003784,32.88950199975008],[-96.5182500003784,32.88949100006928],[-96.51826000042415,32.8885670001305],[-96.51826100024905,32.8884670001438],[-96.518265000447,32.88818199963796],[-96.518265000447,32.88816799976685],[-96.51826600027192,32.888074999650776],[-96.51826799992175,32.88796899979682],[-96.51826999957157,32.8878489998946],[-96.51827100029479,32.88781399970393],[-96.51827399976953,32.88745699968483],[-96.51827399976953,32.88733300027351],[-96.51827499959442,32.88727199964167],[-96.51827600031768,32.88724100030611],[-96.51825899970092,32.887221000169376],[-96.518265000447,32.88704600010048],[-96.51826899974665,32.88686599981985],[-96.51827700014258,32.88656299971611],[-96.51827899979239,32.88636399991331],[-96.51828200016546,32.886052000062115],[-96.51828299999036,32.886021000299756],[-96.51828800001323,32.885778999762614],[-96.51829300003612,32.88550900024744],[-96.51828800001323,32.884592000116506],[-96.51828399981527,32.884145999937445],[-96.5182799996173,32.883559999919875],[-96.5182799996173,32.883481999666486],[-96.51828200016546,32.88279499986663],[-96.51828299999036,32.88267200028913],[-96.51828399981527,32.88261699989539],[-96.51828999966304,32.88201700024055],[-96.51829100038628,32.881948000095235],[-96.51830100043202,32.88119300007973],[-96.51830399990676,32.8810090001254],[-96.5183070002798,32.88084600020351],[-96.51830999975456,32.880614999897944],[-96.51832399999824,32.87953400000007],[-96.51832399999824,32.87942999970062],[-96.51832399999824,32.87941700031473],[-96.51833800024194,32.87790699976988],[-96.51832300017334,32.87745699988333],[-96.51831399995251,32.87715299966623],[-96.51831999980028,32.87699499986633],[-96.51832499982316,32.87683699978481],[-96.51832599964807,32.87680900022802],[-96.51833200039415,32.87678099990793],[-96.5183909999454,32.876515999835796],[-96.51840199981605,32.87646799987747],[-96.51841299968672,32.876421999924474],[-96.51844799984681,32.876164999682196],[-96.51845799989255,32.87609400022372],[-96.5184839998318,32.876029000074496],[-96.51851300014413,32.875957000108976],[-96.51852200036495,32.8756720001116],[-96.51852800021274,32.87549600022205],[-96.51852999986258,32.87540199998361],[-96.518554000152,32.87451899990877],[-96.51857199969535,32.87387599974665],[-96.51858000009128,32.87358699965896],[-96.51858599993906,32.8733889998173],[-96.5185819997411,32.87315799969466],[-96.51856900022062,32.87243600037581],[-96.51855599980183,32.87169199969791],[-96.5185120003192,32.869170000326726],[-96.51850100044858,32.86849200032986],[-96.51853599971035,32.86752699967818],[-96.51853700043358,32.86749199976212],[-96.518546999581,32.86722399986086],[-96.51854999995405,32.867156000016095],[-96.51856099982471,32.86682799998812],[-96.51856800039572,32.86662599963872],[-96.51865600025928,32.85668599974703],[-96.51869999974188,32.85167499979001],[-96.51886100029868,32.83352500034826],[-96.51886899979627,32.83272800002546],[-96.51896400023084,32.813716000375734],[-96.51896699970558,32.81370099973022],[-96.51897000007862,32.81361599979951],[-96.50541199968494,32.81360400017577],[-96.5053609996313,32.81360400017577],[-96.49489799992028,32.813406000110525],[-96.49084599971094,32.81327700036832],[-96.4904349998072,32.813268000238835],[-96.4900120002079,32.8132579997584],[-96.48998000042086,32.81325700016329],[-96.48932799959437,32.813242000195295],[-96.48924899995168,32.81324000024971],[-96.48864200022935,32.81322900017064],[-96.48858399960471,32.81322900017064],[-96.48840500040288,32.81323199971187],[-96.48718699986199,32.81326199964871],[-96.48700699993692,32.81326600029384],[-96.48367000030322,32.81329499986953],[-96.48320499997281,32.813298999758224],[-96.48290600022209,32.813300999702484],[-96.48258999985455,32.8133029996467],[-96.48167299961254,32.81331199977258],[-96.481660999917,32.81331199977258],[-96.48159999981762,32.813313000122065],[-96.48157499970328,32.813313000122065],[-96.4813730000369,32.813313999716605],[-96.48121700040129,32.813315000066005],[-96.48004400006621,32.81332099989762],[-96.47948900022244,32.81332400019075],[-96.47875199990547,32.81332800007809],[-96.47650300021803,32.8133390001449],[-96.47422799969299,32.81335099980441],[-96.46979499971712,32.81337299993093],[-96.46868300037974,32.81337800016488],[-96.46765200033491,32.813382999643494],[-96.46700000040674,32.81338700028317],[-96.46653400025141,32.81338900022544],[-96.4645540001775,32.81337699981612],[-96.4644410001996,32.81337699981612],[-96.46359400027777,32.81340299982018],[-96.45348999969364,32.81349900000165],[-96.45039099971132,32.81352699990922],[-96.44853799985898,32.81354300017601],[-96.44274800032335,32.813661999852066],[-96.44019300031415,32.81368900011804],[-96.43997900005392,32.81369199964374],[-96.43976899999164,32.813694000334145],[-96.43808600001863,32.81371199975087],[-96.43643999985557,32.81370999981586],[-96.43603300014978,32.81370999981586],[-96.43547699958279,32.81370999981586],[-96.43465999979817,32.81370999981586],[-96.43285700017458,32.81372600004969],[-96.42778800016407,32.81376800017796],[-96.42534600013279,32.81378600033468],[-96.41866199992133,32.81385400030667],[-96.40990999977244,32.81393799966733],[-96.39938400031222,32.8140139999911],[-96.39315600021035,32.814085999641875],[-96.38508500030191,32.81418300018014],[-96.38083300007604,32.81374400021494],[-96.37968099965735,32.813724000114995],[-96.37896599998,32.813724000114995],[-96.3752429996586,32.81386200003351],[-96.37358499979997,32.81388999982665],[-96.3698549998059,32.813904999685256],[-96.36976299974437,32.813904999685256],[-96.35901899982598,32.813948999658585],[-96.35644299990038,32.813964999849375],[-96.35633099974739,32.813966000191506],[-96.3560710003547,32.81396800012076],[-96.35579500017018,32.81398499989506],[-96.3536140002548,32.814008999792996],[-96.35328000034396,32.81401000013462],[-96.35278599970123,32.81401200006289],[-96.35073000035763,32.81400800020633],[-96.35057399982372,32.81401200006289],[-96.35054200003667,32.81401200006289],[-96.34700799986116,32.814039999808806],[-96.343899999658,32.81405400005596],[-96.34314099959974,32.81405799991044],[-96.34058399994072,32.814063999691825],[-96.34022999993839,32.81406500003284],[-96.33803999980219,32.8140779999352],[-96.3358510003892,32.814090000249905],[-96.33462700000052,32.81409600002913],[-96.33433699957229,32.81409799995544],[-96.3340439996693,32.814099000296075],[-96.32776000038928,32.81412700001459],[-96.32403000039518,32.814134999716856],[-96.323699999784,32.81413699964231],[-96.32204600012331,32.814134999716856],[-96.32007000024734,32.814141000248036],[-96.31861300023014,32.814145999683774],[-96.31206399973792,32.81416899995331],[-96.30815299999387,32.81416899995331],[-96.3078380003496,32.81416899995331],[-96.30338399955902,32.81416800036845],[-96.2973759995652,32.814185000104494],[-96.29735600037202,32.81886500029889],[-96.29733700010544,32.82323800008532],[-96.29733499955731,32.82486099968443],[-96.2973279998846,32.83095900001394],[-96.29733100025767,32.83266500006231],[-96.29732100021192,32.83671100012264],[-96.29732200003683,32.84172299977687],[-96.29732299986175,32.84846400017823],[-96.29732299986175,32.85010200033093],[-96.2972359998231,32.85728700014743],[-96.29723499999818,32.85733099975565],[-96.29723900019616,32.85766400019882],[-96.29724300039412,32.85800700011665],[-96.29724400021902,32.858095000106154],[-96.29724500004393,32.858182000164376],[-96.2973139996409,32.864829000369404],[-96.29731600018906,32.86492800009409],[-96.29733899975527,32.866699000139306],[-96.29734399977816,32.867055000272494],[-96.29729799974737,32.872361999632716],[-96.29729699992247,32.872425000085705],[-96.29728000020404,32.874318999806604],[-96.29727299963302,32.8750870003039],[-96.29727000015829,32.87532400009536],[-96.29729199989958,32.87682899969678],[-96.29731100016618,32.877341000102206],[-96.29730699996821,32.8775350001581],[-96.29715499963226,32.88362600013863],[-96.2971220000203,32.884972999934526],[-96.29712700004316,32.887873000189764],[-96.29714799995955,32.89168799966554],[-96.29716100037835,32.89372900009781],[-96.29715999965512,32.895332999894165],[-96.29717200024902,32.897961000142644]]],[[[-95.85771999996231,33.46271800011658],[-95.85771900013741,33.462763999936854],[-95.85771800031247,33.462835000181784],[-95.85771599976435,33.46290499990187],[-95.85771599976435,33.46295299980575],[-95.85771400011453,33.463026000077036],[-95.85770900009166,33.46324699994852],[-95.85770800026674,33.46332099968461],[-95.85770700044182,33.46333700032814],[-95.85770700044182,33.46338599970452],[-95.85770700044182,33.46340300004758],[-95.85770400006878,33.46353500008505],[-95.85769599967287,33.463934000355884],[-95.85769400002303,33.46406700003803],[-95.85767499975645,33.465040999875136],[-95.85761899967996,33.46796699979742],[-95.85760100013663,33.468943000066666],[-95.85759500028884,33.46923100001151],[-95.85757900039532,33.47009500009841],[-95.85757400037245,33.47038400034204],[-95.8575729996492,33.47041599976784],[-95.85757199982432,33.47046600001784],[-95.8575709999994,33.470514999860164],[-95.8575709999994,33.47054800036542],[-95.85756900034957,33.470587000128795],[-95.85756699980143,33.47070600006698],[-95.85756699980143,33.47074600013544],[-95.85754400023522,33.47191099964968],[-95.85747800011296,33.47540600013123],[-95.85745600037164,33.476572000244836],[-95.85743299990713,33.477781000356956],[-95.85736500013506,33.48141099987598],[-95.85734300039378,33.482621000129875],[-95.8573400000207,33.48270799990486],[-95.85733499999785,33.48296999968988],[-95.85733300034802,33.483058000097564],[-95.85731200043162,33.48442300007304],[-95.85724999960902,33.48851799979221],[-95.85723000041587,33.489885000184756],[-95.85712400011064,33.49590000012263],[-95.85727200024866,33.500071000102096],[-95.85726999970052,33.50033199975947],[-95.85723500043872,33.503429000235286],[-95.85714000000416,33.51175400031891],[-95.8571359998062,33.51208199992932],[-95.85712499993556,33.51306899995001],[-95.85712199956251,33.513397999701816],[-95.85710999986696,33.51429300017194],[-95.85707499970684,33.516978999797345],[-95.8570639998362,33.51787600033247],[-95.85706100036145,33.51794099985789],[-95.85705799998841,33.51803899971829],[-95.85705299996553,33.51813599963894],[-95.8570510003157,33.5182009997179],[-95.85705299996553,33.51844199987251],[-95.85706200018637,33.5191669996862],[-95.85706499966109,33.519408999959296],[-95.85706100036145,33.51982900022488],[-95.85705200014061,33.52109299994668],[-95.85704899976758,33.521514000063206],[-95.85704100026997,33.52187499978527],[-95.85701899963034,33.52296200023653],[-95.85701199995763,33.52332399967485],[-95.85701100013273,33.52334800011363],[-95.85701000030782,33.52342399971184],[-95.85701000030782,33.523448999890284],[-95.8569940004143,33.524785000020806],[-95.85698299964533,33.52576599970142],[-95.85695000003338,33.52879300013976],[-95.85693599978968,33.53012999977419],[-95.8569170004214,33.53140699973282],[-95.85686100034494,33.535238000260236],[-95.85684299990324,33.536516000015844],[-95.85682899965956,33.537562999994144],[-95.85679100002471,33.54070499977918],[-95.85677900032915,33.541753000235815],[-95.85677400030629,33.542147000238515],[-95.8567619997124,33.54332899995161],[-95.85675800041275,33.5437250000712],[-95.856748000367,33.544681999981606],[-95.85671900005468,33.5475550002381],[-95.85670999983385,33.548512999885496],[-95.85669599959016,33.54943799977466],[-95.85665700013041,33.552214000100115],[-95.85664399971162,33.55314000021656],[-95.85663000036624,33.55453899981532],[-95.85658900035834,33.55873899998719],[-95.85657599993955,33.560139000325044],[-95.85655800039622,33.56167600016462],[-95.85650499979445,33.56628900027367],[-95.85648800007601,33.56782699994062],[-95.85646799998452,33.569445000145556],[-95.85641100008314,33.57430199973517],[-95.85639199981654,33.57592199965373],[-95.85639000016673,33.57606400005731],[-95.85638500014385,33.57649099976845],[-95.85638400031894,33.576633999884905],[-95.85638500014385,33.57677400006771],[-95.85639000016673,33.57719400000203],[-95.85639199981654,33.57733400002494],[-95.85640100003738,33.57824800015337],[-95.85643000034968,33.580991999789596],[-95.85644000039542,33.58190699993428],[-95.85644100022034,33.58201600032723],[-95.85644399969507,33.58234299993157],[-95.8564460002432,33.58245199977374],[-95.8564460002432,33.58249900015075],[-95.85644700006812,33.58257000020986],[-95.85644700006812,33.58263999963127],[-95.85644799989304,33.58268699990582],[-95.8564589997637,33.58389199968429],[-95.85649399992379,33.5875099999016],[-95.85650599961937,33.58871600018465],[-95.85650999981733,33.58901799993198],[-95.8565220004112,33.58992700030195],[-95.85652599971084,33.590230000042936],[-95.85653199955863,33.59101300030575],[-95.8565500000003,33.59336500022483],[-95.85655699967297,33.59414900016415],[-95.85656500006891,33.59481600016029],[-95.85659199983309,33.59681699987986],[-95.85660199987882,33.59748400019502],[-95.85660199987882,33.59749599984268],[-95.85660199987882,33.597532000272246],[-95.85660299970372,33.59754500031976],[-95.85660199987882,33.59756399981009],[-95.85660199987882,33.597624999878214],[-95.85660199987882,33.59764499975628],[-95.85660199987882,33.5976770000004],[-95.85660400042697,33.59777400031715],[-95.85660500025189,33.59780700016864],[-95.85660500025189,33.597822000233045],[-95.85660500025189,33.59786800006494],[-95.85660600007678,33.59788399977301],[-95.8566139995744,33.59863399987381],[-95.85663799986384,33.600887999923735],[-95.85664600025976,33.60163899969783],[-95.85665899978024,33.60287899972179],[-95.8566980001383,33.60659899979086],[-95.85671099965877,33.60783999984697],[-95.85672400007756,33.60909500007009],[-95.85674400016904,33.61097899981624],[-95.85676400026054,33.6128620000526],[-95.85677799960592,33.6141179999435],[-95.85678400035202,33.61471799994515],[-95.85679299967454,33.615619000167705],[-95.85680199989538,33.616519999948224],[-95.85680799974315,33.61712099986524],[-95.85681600013908,33.61788900027748],[-95.85682799983462,33.61904199981503],[-95.8568400004285,33.620194000239394],[-95.85684799992613,33.62096300032966],[-95.85685600032204,33.621791000213044],[-95.85686999966744,33.623033000080255],[-95.85688300008623,33.62427499999698],[-95.85689200030706,33.625103000217756],[-95.85668800009255,33.625103000217756],[-95.85607700017228,33.625103000217756],[-95.85587399978269,33.625103000217756],[-95.85586499956185,33.62639999968487],[-95.85584000034581,33.63029299990771],[-95.8558329997748,33.63159099978303],[-95.8558319999499,33.631758000026515],[-95.85582899957683,33.63226200032104],[-95.85582899957683,33.63243100001476],[-95.85582699992702,33.63260000012489],[-95.85582600010211,33.632835999723795],[-95.85582399955399,33.6331099999428],[-95.85582299972906,33.63328000020825],[-95.85582299972906,33.63333199976488],[-95.85582299972906,33.633411999769365],[-95.85582299972906,33.63349099971029],[-95.85582299972906,33.63354399987617],[-95.85580799966044,33.635811999755404],[-95.85578599991915,33.63921600036226],[-95.85576400017783,33.64261899964519],[-95.85574999993413,33.64488799968143],[-95.85574900010921,33.64501299966135],[-95.8557480002843,33.645202999672065],[-95.85574699956108,33.64539100030902],[-95.85574699956108,33.645518000005765],[-95.85573599969044,33.647318999821394],[-95.8557059995532,33.652721999762605],[-95.8557059995532,33.65282900008083],[-95.85569700023068,33.65452399964166],[-95.8556920002078,33.65506100014224],[-95.8556779999641,33.65667200023181],[-95.85567399976614,33.65720999975387],[-95.85567299994123,33.65731099995487],[-95.85566799991835,33.65798300015422],[-95.85565399967466,33.66030200006647],[-95.85565000037502,33.66107600002337],[-95.8556350003064,33.66322499969749],[-95.85559000010055,33.669674999811704],[-95.85557599985685,33.67182500027642],[-95.85557099983397,33.673512999752674],[-95.85555800031351,33.67857699972671],[-95.85555400011553,33.680265999918916],[-95.8555519995674,33.68066700030478],[-95.85554800026776,33.681871000132716],[-95.85554800026776,33.68227299993016],[-95.85554499989472,33.68253399982422],[-95.85553900004695,33.683316999984584],[-95.85553800022203,33.68357899985393],[-95.85553099965101,33.68422199987187],[-95.85550999973461,33.68615399984706],[-95.85550399988682,33.68679800015545],[-95.85550399988682,33.686820999863656],[-95.85550399988682,33.686857000337035],[-95.85550300006192,33.686890999815205],[-95.85550300006192,33.68691500036204],[-95.855502000237,33.686955999879295],[-95.85550100041208,33.68708100003696],[-95.85550100041208,33.687123000336186],[-95.85549999968887,33.68760600005954],[-95.85549999968887,33.68905799966201],[-95.85549999968887,33.68954199980886],[-95.85549899986397,33.6896029997714],[-95.85549899986397,33.689696000133374],[-95.85549700021414,33.68978800031207],[-95.85549700021414,33.68985000018195],[-95.855494999666,33.69019299994384],[-95.8554879999933,33.69122199998536],[-95.85548700016838,33.691566000312996],[-95.85547799994757,33.69266700019009],[-95.85545399965812,33.695970999651614],[-95.85544699998542,33.69707299988918],[-95.85543699993968,33.69835400031936],[-95.85540599997753,33.70219699986148],[-95.8553969997567,33.70347800011851],[-95.85538900025911,33.70445999991751],[-95.85536699961949,33.7074069998369],[-95.85536099977168,33.708254000330285],[-95.85535099972596,33.708389000301544],[-95.85533900003038,33.70854699993193],[-95.85530300004535,33.709023999644444],[-95.85529200017471,33.709184000062244],[-95.8552839997788,33.70932900011332],[-95.85526000038767,33.7097650001424],[-95.85525299981668,33.70991099980828],[-95.85525199999175,33.70992700037076],[-95.85525199999175,33.70994099973961],[-95.85525199999175,33.70998399992177],[-95.85525199999175,33.70999899987595],[-95.85525600018971,33.714412999759055],[-95.85530700024333,33.71503400010868],[-95.8552620000375,33.715140000070974],[-95.85529399982454,33.724655999757914],[-95.85529399982454,33.724981000173806],[-95.85529600037268,33.72706300003718],[-95.85530800006826,33.72970700021849],[-95.85530800006826,33.729727999662735],[-95.85530800006826,33.72976099973954],[-95.85530800006826,33.72979300018684],[-95.85530899989317,33.72981499997373],[-95.85530899989317,33.729846000037504],[-95.85530899989317,33.729892999920004],[-95.85530899989317,33.72993900016157],[-95.85530899989317,33.72997099979533],[-95.85530300004535,33.73082800011672],[-95.85528899980169,33.733401999999835],[-95.8552839997788,33.73426100029641],[-95.85526600023546,33.734277000055975],[-95.85522600005248,33.73435099993239],[-95.85521199980877,33.734458000256616],[-95.85521000015896,33.73470700004081],[-95.85518000002173,33.7352099996926],[-95.85518300039477,33.735627000119294],[-95.85512499977015,33.736920000299875],[-95.85515300025756,33.73761699977583],[-95.85517800037192,33.73917799976457],[-95.85517300034904,33.74166799990551],[-95.8551420003869,33.74238100013699],[-95.85513700036404,33.74317500012054],[-95.85512599959506,33.743330000095234],[-95.85511200024966,33.743831999782316],[-95.85510399985375,33.74414300026165],[-95.85508899978514,33.74513300027626],[-95.85508499958718,33.74534000025399],[-95.8550369999066,33.74631900025396],[-95.85502299966289,33.746610999731395],[-95.85501400034036,33.74698499971255],[-95.85499199970076,33.747485000099374],[-95.85498699967789,33.74785399998376],[-95.8549940002489,33.74807299968659],[-95.85500599994447,33.74816799977257],[-95.8550510001503,33.74835799962883],[-95.85505699999808,33.748383999725775],[-95.85506899969366,33.74856600018386],[-95.85506000037113,33.74864499965916],[-95.85506100019605,33.74869899995835],[-95.85504799977724,33.748989000014895],[-95.85505699999808,33.74907500007496],[-95.85505699999808,33.75010499978911],[-95.85506299984586,33.75035100009071],[-95.85505699999808,33.75047900021749],[-95.85506799986874,33.750712000126974],[-95.85506200002096,33.750944000032874],[-95.85506299984586,33.75218800032126],[-95.8550720000667,33.75242400036855],[-95.85506000037113,33.75254599979651],[-95.85506000037113,33.75258299970505],[-95.85506000037113,33.75266099986361],[-95.85507700008958,33.75276699965898],[-95.85506000037113,33.75341799999552],[-95.85506100019605,33.754494999670285],[-95.8550720000667,33.75514699965154],[-95.85506899969366,33.75527500008736],[-95.8550720000667,33.75565800018587],[-95.85506299984586,33.755780000240115],[-95.8550720000667,33.75676199994939],[-95.85506799986874,33.75687300014364],[-95.85506700004385,33.75782799977977],[-95.85504899960216,33.758490000099435],[-95.85505899964791,33.75943400019168],[-95.85506200002096,33.75973699998092],[-95.85505500034826,33.760146999836735],[-95.85506600021893,33.76100799964794],[-95.8550710002418,33.76200399979836],[-95.85509800000598,33.76352999979013],[-95.85509600035614,33.76385500005402],[-95.85508299993734,33.76394699993249],[-95.85508999961006,33.7640280001009],[-95.85510899987663,33.76423000020579],[-95.85508299993734,33.766565999954075],[-95.85504299975437,33.770395999657474],[-95.85503199988372,33.77138100031275],[-95.85502100001307,33.77253599979503],[-95.85487399969996,33.78631100023043],[-95.8548469999358,33.78889400026506],[-95.85478199963846,33.795059999771816],[-95.85477699961561,33.79519499975421],[-95.8547699999429,33.79539399998704],[-95.85477099976782,33.795603000198646],[-95.85477300031596,33.795738999665836],[-95.85475099967633,33.79772300021494],[-95.85471999971419,33.800699000286265],[-95.85468799992714,33.80367399964084],[-95.85466700001076,33.8056590001032],[-95.85465899961483,33.80620400015861],[-95.8546489995691,33.80702199980915],[-95.85463799969843,33.807838000197336],[-95.85463100002573,33.80838400000266],[-95.85462299962981,33.809003000234874],[-95.85461099993425,33.8099339997152],[-95.8545990002387,33.81086299993178],[-95.85459099984276,33.81148399970964],[-95.85459000001785,33.811540000276885],[-95.85458900019295,33.811623999939464],[-95.8545869996448,33.811708000266016],[-95.8545869996448,33.81176500009406],[-95.85458499999497,33.81191399974014],[-95.85457800032229,33.81236299965413],[-95.85457699959906,33.81251299989654],[-95.8545649999035,33.81343699979884],[-95.85455700040588,33.81398800033685],[-95.85455200038301,33.81444999991361],[-95.85452800009357,33.816210000178394],[-95.854516000398,33.81713499979357],[-95.85450600035226,33.81776500032004],[-95.85447700003996,33.81965800036202],[-95.85446799981911,33.8202890002697],[-95.8544739996669,33.821993000134604],[-95.85447799986486,33.82324300015629],[-95.85447899968977,33.823731000107145],[-95.85448000041298,33.82390800013976],[-95.85448000041298,33.82408499980595],[-95.85427899967323,33.82434499970109],[-95.85409000042566,33.82467199977004],[-95.85399400016618,33.82511199989774],[-95.85402299958018,33.82542100012659],[-95.85411399981679,33.82561300027146],[-95.85434700034362,33.825814999880706],[-95.85475300022446,33.82599999997603],[-95.85494300019528,33.82622699978413],[-95.85509899983089,33.82722600028194],[-95.85511899992237,33.82735800034637],[-95.85505000032539,33.827938999694446],[-95.85501299961714,33.8279920000434],[-95.85490499966212,33.82822299963194],[-95.85477900016375,33.82840100002626],[-95.85419300035782,33.82896499980924],[-95.85394800013542,33.829170000304835],[-95.85379499997455,33.82932200007102],[-95.853382000421,33.82977099963819],[-95.85326100004717,33.82991700017938],[-95.85316700033584,33.83008200007174],[-95.85307500027436,33.83027899988343],[-95.85289500034929,33.830736999782054],[-95.85286500021205,33.83082700032419],[-95.85269600015764,33.831494000120024],[-95.85262699966235,33.83187699964765],[-95.85253999962372,33.83223199985956],[-95.85250500036196,33.83258099988151],[-95.85249199994315,33.83300199990828],[-95.85242099979804,33.83336100027662],[-95.85236700026967,33.83340999990021],[-95.85234100033041,33.83351100025411],[-95.85233600030753,33.83359799967276],[-95.85235200020108,33.83387500019957],[-95.85221699958355,33.834456999917506],[-95.85213000044321,33.834675999823745],[-95.85199400000077,33.83491900009542],[-95.85186400030443,33.8352169997833],[-95.85158800011992,33.83573499997831],[-95.85143400013412,33.8359370002954],[-95.85122200042201,33.83629899987623],[-95.85094899971224,33.83663099980116],[-95.85071600008372,33.83687299987771],[-95.85056799994572,33.83706799999281],[-95.85040899993707,33.83723300025929],[-95.8501439996232,33.83744800035465],[-95.84994299978175,33.83763000034583],[-95.8496380001832,33.8378169999413],[-95.84929699970137,33.838003000026845],[-95.84907099974556,33.838169999670534],[-95.84876100012416,33.838438000235115],[-95.8484680002212,33.83866200032948],[-95.84790699963132,33.83913700023932],[-95.84704600036412,33.839644000210086],[-95.84692300034044,33.83972200016821],[-95.84656199976712,33.839844999670504],[-95.84653599982784,33.83985500016216],[-95.84676000013384,33.83998799994912],[-95.84799899969282,33.84099299967032],[-95.8484399997338,33.841349999688546],[-95.84892099995774,33.84178400021843],[-95.84910500008074,33.84199199996266],[-95.84930900029524,33.84228300028688],[-95.84982999980384,33.842958999812346],[-95.85013899960032,33.84323899994792],[-95.85054100018155,33.84367800023199],[-95.85072600012948,33.84390299979908],[-95.85163499997556,33.844820000123846],[-95.8518779996498,33.84509499981797],[-95.85206099994792,33.845279000207],[-95.85229299975153,33.84551200034601],[-95.85265599997467,33.84594599988107],[-95.85297800018996,33.846396999656264],[-95.85391399980024,33.84745099987915],[-95.85421699974896,33.847862999949484],[-95.85453999978914,33.84822499974409],[-95.85489600033962,33.848587999966085],[-95.85552099960528,33.84925799981083],[-95.85575199958393,33.84945000012943],[-95.85598900030872,33.849603000097694],[-95.85635099980867,33.84986099980389],[-95.85683200003258,33.85014099970213],[-95.85715500007278,33.85027899990057],[-95.8576289997257,33.85045400002081],[-95.85848499986837,33.85068500007817],[-95.85862999963332,33.850690000062805],[-95.85880799990855,33.85066799997896],[-95.85944599959302,33.8504860001532],[-95.85974199986904,33.850376000160715],[-95.86002499972625,33.850250000293606],[-95.86020300000148,33.850150999734836],[-95.86024300018445,33.8500790000702],[-95.860295000063,33.8499089999582],[-95.86038100027672,33.8498049997141],[-95.8604990002775,33.849765999869696],[-95.86066400013394,33.84976099983093],[-95.86082200031768,33.849788000185825],[-95.86104599972536,33.84979899996873],[-95.86133500032865,33.8498370000896],[-95.86190799971578,33.85000200032033],[-95.86235600032776,33.85009499983515],[-95.86333100029611,33.85033100012294],[-95.86368000027556,33.85044600017233],[-95.86385699982759,33.85045699987052],[-95.86401500001132,33.85041800032376],[-95.86406799971476,33.85041800032376],[-95.86481199970444,33.85060500028402],[-95.86503600001042,33.8507040003167],[-95.86520099986686,33.85076400009977],[-95.8654569999599,33.850774999757],[-95.86569499961128,33.85080800021239],[-95.86595099970432,33.85081800016695],[-95.8661750000103,33.8508790003123],[-95.86647799995903,33.850982999994926],[-95.86681400041799,33.85111499992625],[-95.86718900033671,33.85128999982591],[-95.86867800014095,33.85212999987441],[-95.86900700002892,33.85235500030987],[-95.86933699974182,33.85255799980962],[-95.86944200022211,33.85261299991073],[-95.87004800011952,33.85295899974821],[-95.87044999980242,33.85322200034522],[-95.87112799966984,33.85361200011416],[-95.8713989998315,33.85384799963746],[-95.87169500010751,33.85403399988967],[-95.87235999955614,33.854369000000084],[-95.87266300040316,33.854593999759786],[-95.87384900025872,33.85539400023872],[-95.87418499981936,33.855621000309796],[-95.8744619998288,33.85583500000506],[-95.87500199960398,33.856218999738296],[-95.87559800035397,33.856669000107644],[-95.87605899958808,33.85694399970491],[-95.87632200025215,33.85711999996715],[-95.87669700017084,33.85743300007568],[-95.87718400024258,33.85777899978313],[-95.87730200024336,33.8578730001428],[-95.87740099997757,33.85792799980529],[-95.87750599955956,33.857966000039674],[-95.87774300028433,33.85813700013925],[-95.87802000029376,33.85828499992725],[-95.8783819997937,33.858433000204705],[-95.8786579999782,33.85858199983176],[-95.87916500014141,33.85881799979555],[-95.87943499957984,33.858960999649106],[-95.87956000015164,33.85907600001488],[-95.88006700031484,33.85954399967247],[-95.88028400004981,33.859785999751814],[-95.88096899958992,33.86034599995047],[-95.88107400007023,33.86047800033095],[-95.88115299971294,33.8605550003343],[-95.88125200034546,33.8606209996426],[-95.88133699983597,33.86066499989902],[-95.88143599957016,33.86067599977312],[-95.88157399966244,33.86072500014442],[-95.88177799987692,33.86083500023606],[-95.88216700003936,33.861104999724716],[-95.88253500028542,33.861336000068285],[-95.88346300039807,33.86200599987442],[-95.88356899980498,33.86210000005688],[-95.88373799985936,33.86218999964259],[-95.88410199990744,33.86238500015999],[-95.88455600036718,33.862666000332815],[-95.88486500016366,33.86282500007398],[-95.88518800020387,33.86301199972382],[-95.88538499984736,33.86321500000094],[-95.88542500003034,33.86328100023698],[-95.88543800044911,33.863324999868674],[-95.88541800035765,33.863352999961585],[-95.88537899999957,33.863352999961585],[-95.88521400014315,33.86320399970803],[-95.88511500040894,33.86313800015841],[-95.88501699960135,33.86302300004146],[-95.88486500016366,33.86297900025415],[-95.88449699991764,33.86276499981235],[-95.88396999966297,33.86251200033403],[-95.88377300001947,33.86240700020953],[-95.88343699956047,33.86225299974367],[-95.88302200035712,33.86201700032172],[-95.88297600032634,33.86200599987442],[-95.88295000038708,33.86201099994227],[-95.8829300002956,33.86203300008822],[-95.8829229997246,33.8620659999235],[-95.88293600014339,33.86209899974596],[-95.8832330002443,33.86243400029654],[-95.88332500030583,33.86252800000778],[-95.88354200004079,33.86271500030806],[-95.88364099977498,33.862786000207116],[-95.88475999968338,33.86341799979549],[-95.88514200017312,33.86359400014169],[-95.88530000035686,33.86369900029833],[-95.88538499984736,33.86376500016019],[-95.88572700015412,33.86411600026382],[-95.8860700002858,33.864396999961336],[-95.88633300005152,33.864556000208665],[-95.88652399984723,33.86461100004236],[-95.886641999848,33.86471500015996],[-95.88668799987876,33.8648140002474],[-95.8867409995822,33.864879999993285],[-95.88683299964372,33.86493500036419],[-95.88739900025647,33.86514399995852],[-95.88770899987787,33.86528199978501],[-95.88795199955212,33.86540799985335],[-95.88822199988887,33.865447000014434],[-95.88857800043932,33.865436000009026],[-95.88880799969479,33.86542500000226],[-95.88897400027444,33.865436000009026],[-95.88922299979647,33.865451999880776],[-95.88989499981612,33.86547500015732],[-95.89040899965204,33.86556300012044],[-95.89078399957073,33.86573800025219],[-95.89092199966301,33.865836999899386],[-95.89109300026554,33.86591400029149],[-95.89127800021348,33.865953000221424],[-95.89151500003994,33.8660239996656],[-95.89200799995945,33.86619500003862],[-95.89222600041764,33.86630499979655],[-95.89241700021336,33.86643099984694],[-95.89256799982608,33.86646400022011],[-95.89289099986628,33.866579999690224],[-95.89310099992856,33.866695000237534],[-95.89351000018247,33.86689300018113],[-95.89416799995841,33.8671460001039],[-95.89433299981484,33.86722300006129],[-95.89445099981563,33.867332999986495],[-95.89455600029594,33.86740999977522],[-95.8946879996421,33.86746999975618],[-95.89511600016257,33.86753599968657],[-95.89521499989678,33.86758000010903],[-95.89556399987626,33.86782199978966],[-95.89589299976421,33.86801400014548],[-95.8960049999172,33.86810199972913],[-95.89612999959068,33.868161999969644],[-95.89638700040693,33.868310999775375],[-95.89657999985248,33.868441000049174],[-95.8968280004479,33.86860799986369],[-95.89707799979485,33.86872299991677],[-95.89732800004012,33.868821999831844],[-95.89768399969226,33.86903600000943],[-95.8981449998247,33.86929500016202],[-95.89828299991697,33.86938800029863],[-95.8984410001007,33.86953599997836],[-95.89881600001944,33.869799999717344],[-95.89893499984512,33.86986600008396],[-95.89932300018263,33.87004199981755],[-95.89953999991762,33.87007500028662],[-95.89967200016211,33.870119000146296],[-95.89982399959975,33.87021200013107],[-95.89992200040736,33.87025100033513],[-95.90012599972354,33.87031099981106],[-95.90023799987652,33.87038300031989],[-95.90033699961072,33.87046000034103],[-95.900586999856,33.87060300008949],[-95.9009819998662,33.87088299985766],[-95.90121899969266,33.8710150003568],[-95.90147599961062,33.87114100016821],[-95.90186499977303,33.871365999741734],[-95.90204200022336,33.87148200000946],[-95.90239100020283,33.87174000000124],[-95.90316199995667,33.87221800004129],[-95.90338899973739,33.87236700022583],[-95.90399800000785,33.87276799963073],[-95.90427400019236,33.872937999736095],[-95.90466900020257,33.87314100027824],[-95.90517100034292,33.87353600020661],[-95.90582800029395,33.874052999843094],[-95.90601300024186,33.87417400028967],[-95.9061639998546,33.87425099987429],[-95.90622300030417,33.87430600017432],[-95.90660499989556,33.87457500015491],[-95.9073029998545,33.87499599984233],[-95.90806699993563,33.87550700015386],[-95.90932399993629,33.87627100011601],[-95.90969300000724,33.87648000029752],[-95.90990399989442,33.87663899966815],[-95.91037099987466,33.87689400006658],[-95.91077900030366,33.877116999866566],[-95.91231999998644,33.87801899970393],[-95.91303100036416,33.878403000349536],[-95.91330800037356,33.87854100036927],[-95.91353199978124,33.87867200009507],[-95.91390699969999,33.878854000257],[-95.91429599986242,33.87900199993042],[-95.91518499961704,33.87942500036848],[-95.91567199968875,33.879644999950784],[-95.916330000363,33.879898000111616],[-95.91735300001194,33.880326000323656],[-95.91826000020822,33.880705999911534],[-95.91845799967663,33.88077699976268],[-95.9185830002484,33.88083800013387],[-95.91902400028938,33.88114500001935],[-95.91963000018677,33.88161799992315],[-95.92027500044226,33.88205200017382],[-95.92103899962511,33.882600999706675],[-95.92128899987036,33.88273899964904],[-95.92161199991054,33.88288099963773],[-95.92284299997192,33.88354600007931],[-95.92309400004208,33.88372199994103],[-95.92341600025736,33.88402999994406],[-95.9234689999608,33.88410100001224],[-95.92395000018475,33.88443099973219],[-95.92420000043,33.884584999711535],[-95.92447700043942,33.884715999852865],[-95.92478000038815,33.884843000361464],[-95.92508900018461,33.884935999962195],[-95.92555699998977,33.88504099996688],[-95.92598499961191,33.88511199993944],[-95.92660399992813,33.885151000046264],[-95.92683400008191,33.885151000046264],[-95.92708500015206,33.88517799965092],[-95.9274600000708,33.88518900009498],[-95.92780300020247,33.88517799965092],[-95.92805300044773,33.88519500033663],[-95.92809899958017,33.88524400005702],[-95.92815200018192,33.88533800000489],[-95.9281849997939,33.88535399987467],[-95.92825000009123,33.88535399987467],[-95.92832999955885,33.885288000299354],[-95.92845500013063,33.88521100023323],[-95.92869199995708,33.88512899989261],[-95.92893499963134,33.88507399985643],[-95.92923099990736,33.88503000024944],[-95.92941599985528,33.88500299985225],[-95.92958800028272,33.88499700034286],[-95.92972600037497,33.88502500003846],[-95.93004900041518,33.88500800006456],[-95.9302130004467,33.88496999993523],[-95.93052899991588,33.884838000139524],[-95.93063100002314,33.884808000293006],[-95.93107600026207,33.884678000339235],[-95.93124100011849,33.884640000062966],[-95.93148399979275,33.884540999852334],[-95.93164299980141,33.88439300009161],[-95.93189300004666,33.88421199986389],[-95.93197199968938,33.88412399973806],[-95.93203100013893,33.88402999994406],[-95.93220900041416,33.88388200004267],[-95.93231399999614,33.883767000279576],[-95.9325840003329,33.883349000049165],[-95.9326770002193,33.88317300016371],[-95.93278900037228,33.882822000117486],[-95.93286100034231,33.88242599984247],[-95.93286100034231,33.88220100034197],[-95.93280799974055,33.88194299990604],[-95.93280199989277,33.88182200003411],[-95.93280799974055,33.881651999726934],[-95.93286800001502,33.88137200023732],[-95.932980000168,33.88095999999955],[-95.9330720002295,33.880751000349264],[-95.93311099968926,33.880673999917306],[-95.93316400029103,33.88061899999235],[-95.93328899996449,33.880449000271454],[-95.933381000026,33.88030599986669],[-95.93340799979018,33.880206999847644],[-95.93346700023972,33.880114000312666],[-95.93349999985168,33.88003100019307],[-95.93351300027047,33.87994400033146],[-95.93351300027047,33.87977899978448],[-95.93347999976021,33.879526000016604],[-95.93351999994319,33.879195999970264],[-95.93351300027047,33.879092000342084],[-95.93345399982093,33.878872000079845],[-95.93344100030046,33.87873000013141],[-95.93347399991242,33.87861400001926],[-95.93363200009618,33.87838900016213],[-95.93383600031066,33.87815299985358],[-95.93398100007562,33.8779500000457],[-95.9341130003201,33.87766400031611],[-95.93430999996359,33.877383999673256],[-95.93456699988154,33.87707100036021],[-95.93465899994305,33.87691100016548],[-95.93468599970723,33.87682400010623],[-95.93498199998324,33.87631800019785],[-95.935140000167,33.876082000128505],[-95.9354780002758,33.87534199997761],[-95.93563399991139,33.87499999973547],[-95.93567999994214,33.87441800025538],[-95.93589099982935,33.8734230002816],[-95.93600299998234,33.873006000280064],[-95.93619399977804,33.872153999641846],[-95.93640399984032,33.871424000268235],[-95.93680600042157,33.87066599994955],[-95.93735299986942,33.86978699983126],[-95.93755000041122,33.869401999724964],[-95.93774100020694,33.868995999766035],[-95.93820800018717,33.868057000080505],[-95.9386170004411,33.86728699968242],[-95.93885400026754,33.866940999714096],[-95.93893299991028,33.866776999644536],[-95.93914299997255,33.86645300034579],[-95.9394860001042,33.86614500030518],[-95.93955200022647,33.866072999951406],[-95.93964400028796,33.865919999650686],[-95.93972299993067,33.865825999944235],[-95.93983500008366,33.865721999688176],[-95.93995300008446,33.86564499986884],[-95.94031499958437,33.865254999852745],[-95.94065799971605,33.864935999895906],[-95.94076300019636,33.86482099996292],[-95.9412240003288,33.86415099986778],[-95.94132200023807,33.8639420000804],[-95.94133599958349,33.86383200026166],[-95.94120400023733,33.863717000333494],[-95.94116400005436,33.8636339999324],[-95.94115099963557,33.863430999905496],[-95.94125000026808,33.86261299985599],[-95.94129600029883,33.862475000191246],[-95.94179599989103,33.86165100027567],[-95.94190200019624,33.86150799970512],[-95.94227000044228,33.86120100004993],[-95.94249399984996,33.86096499995826],[-95.94298799959435,33.86064599963848],[-95.94328399987036,33.86048099982859],[-95.9436529999413,33.86031599969989],[-95.94400199992076,33.86010200004363],[-95.94414000001302,33.85999800027495],[-95.94430499986947,33.85992599995922],[-95.94444299996172,33.859887999851026],[-95.94482499955315,33.85975000025812],[-95.94552300041036,33.859458999753144],[-95.94577299975732,33.85937100021265],[-95.94588499991029,33.8593659999902],[-95.94602999967525,33.85933800008184],[-95.94627300024783,33.859217000239084],[-95.94655600010503,33.85910200006314],[-95.94672099996149,33.85902500024151],[-95.94702399991019,33.85883800006591],[-95.94722800012468,33.858727999639726],[-95.94867599992105,33.858041000099355],[-95.94947900036028,33.8577720002363],[-95.95032899975682,33.85754099994943],[-95.95082199967632,33.85746400021232],[-95.95098700043108,33.857431000090536],[-95.95115200028752,33.85738200006712],[-95.9513820004413,33.85733199964883],[-95.9518889997062,33.85726600003656],[-95.95230999965565,33.85723299983833],[-95.95234999983862,33.85725000012289],[-95.95237599977791,33.85727700034849],[-95.9523830003489,33.85730999978377],[-95.95237599977791,33.85734299995225],[-95.95232399989935,33.85735400025426],[-95.9522910002874,33.85737600010796],[-95.9522779998686,33.85741999979851],[-95.9522779998686,33.85747000016522],[-95.95226399962489,33.85749700032129],[-95.95222500016516,33.857529999671556],[-95.9521719995634,33.85755200022593],[-95.95175099961394,33.857585000300894],[-95.95158599975747,33.85762899988375],[-95.9513820004413,33.85766199992896],[-95.95135599960372,33.85769499996142],[-95.95126400044053,33.85775500005561],[-95.95121800040975,33.85775500005561],[-95.95111200010456,33.85768999964084],[-95.95106000022602,33.85768399970339],[-95.95091499956276,33.85772299966254],[-95.95082900024734,33.85769499996142],[-95.95022300034992,33.857745000167185],[-95.95004599989961,33.85778299973705],[-95.94996700025689,33.857811000155266],[-95.94993399974663,33.857842999769424],[-95.94993499957152,33.85786100029306],[-95.95002599980812,33.85791500034941],[-95.95004599989961,33.857952999843626],[-95.95003900022692,33.85797500028903],[-95.94995999968587,33.85802500033087],[-95.94990100013464,33.85803599979904],[-95.94976899989018,33.85802500033087],[-95.94970299976794,33.85802999988583],[-95.94927500014576,33.85809100010249],[-95.94921599969622,33.85811299976641],[-95.9491370000535,33.858179000216076],[-95.94897899986977,33.85825000015677],[-95.94895899977828,33.858294000142934],[-95.94895899977828,33.85838799993576],[-95.94894000041,33.858452999819264],[-95.94892000031852,33.858475000135904],[-95.9487420000433,33.858519000006154],[-95.94834000036037,33.858547000183044],[-95.94830799967502,33.858568999729435],[-95.94835999955355,33.85862899995557],[-95.94840599958432,33.85866200036035],[-95.948419999828,33.85868999974442],[-95.948419999828,33.85872300012563],[-95.94839999973652,33.858745000372664],[-95.94836700012455,33.85875599974809],[-95.94829400032962,33.85873899976335],[-95.9482290000323,33.858668000229144],[-95.94818300000153,33.85865100022688],[-95.94811000020661,33.858640000091924],[-95.9480249998178,33.858640000091924],[-95.94790599999212,33.858672999746474],[-95.9478340000221,33.85871700026069],[-95.94773500028789,33.858811000333894],[-95.94762899998267,33.85886600013826],[-95.94754399959388,33.85887700024406],[-95.94736600021696,33.858881999749194],[-95.94732699985887,33.85889299985292],[-95.94732699985887,33.85891500005621],[-95.94734000027768,33.85893200000593],[-95.94739200015619,33.858948000350466],[-95.94811699987932,33.85900800031031],[-95.94824800029888,33.85899700022135],[-95.94849199979804,33.85895899969976],[-95.94912399963471,33.858920000305055],[-95.94954600030742,33.85890900020476],[-95.9503549996961,33.85884900017536],[-95.95059200042087,33.858843000319325],[-95.95080999998076,33.858809999984445],[-95.95106000022602,33.85878799975415],[-95.95140199963448,33.85879400036003],[-95.95175800018494,33.85882600035184],[-95.95196200039943,33.85883200020912],[-95.95210700016439,33.85881500023943],[-95.95225199992935,33.85878199989377],[-95.95264000026687,33.85866200036035],[-95.95292999979678,33.85861199994552],[-95.95325200001204,33.85856800012319],[-95.95348899983851,33.858524000278194],[-95.95364700002226,33.85851300012689],[-95.95381799972648,33.858501999974166],[-95.9542200003077,33.858452000211656],[-95.95444700008844,33.85841099987724],[-95.95460899957182,33.85838099969286],[-95.95488499975635,33.85837000026913],[-95.95497699981784,33.858353000207536],[-95.95565499968528,33.858336999751515],[-95.95609699955116,33.8583150001453],[-95.95693500015047,33.858238999970226],[-95.95772900036884,33.85816600005241],[-95.95830900032699,33.85807299962733],[-95.95897999962341,33.85790200014554],[-95.95920399992939,33.85786399988268],[-95.95935600026536,33.857846999720365],[-95.9594940003576,33.85781399974659],[-95.95976399979604,33.85770400023934],[-95.96017200022504,33.85759399984441],[-95.96085000009248,33.85745699989368],[-95.96171899975562,33.857340999965004],[-95.96196300015308,33.857297000233814],[-95.96230499956152,33.85709899967089],[-95.96241699971452,33.857082999725925],[-95.96252899986752,33.857094000061416],[-95.96321400030595,33.85706099979672],[-95.96335200039822,33.85707000014146],[-95.96352300010244,33.85708200010228],[-95.96363500025544,33.85708200010228],[-95.9638519999904,33.85705499981503],[-95.96394400005192,33.85703299987862],[-95.96437199967409,33.85701600029683],[-95.96454300027663,33.85699400035032],[-95.9653860000005,33.85684599981707],[-95.96564999959114,33.85681799982842],[-95.96574199965264,33.856795999830965],[-95.96615000008165,33.856659000092066],[-95.96635400029612,33.856604000358274],[-95.96672300036711,33.85654299982549],[-95.96689999991911,33.85648300037176],[-95.96699299980553,33.856465999934535],[-95.96705200025508,33.856465999934535],[-95.96722899980708,33.85642199975255],[-95.96729499992931,33.85639500000264],[-95.96766400000025,33.856356000183],[-95.96789400015402,33.85634499975251],[-95.96821700019424,33.85630100025414],[-95.96897399970436,33.85624000025089],[-95.9697639997248,33.85615199963139],[-95.97020499976576,33.85608599985325],[-95.97053399965371,33.85601800000586],[-95.97089699987689,33.85594299966162],[-95.97106799958111,33.855898999956146],[-95.97136399985712,33.85586599997567],[-95.97151500036817,33.85586100029402],[-95.97184500008105,33.855799999976504],[-95.97212799993827,33.85577199964498],[-95.97216700029632,33.85575600019742],[-95.97272700016298,33.85566199974562],[-95.972911000286,33.85565099997169],[-95.97306299972364,33.85561799989544],[-95.97321300040977,33.85559699997585],[-95.97337900009114,33.85557400002254],[-95.97354999979537,33.855530000127025],[-95.97383299965259,33.85552499967969],[-95.97422799966279,33.855519000336095],[-95.97436599975505,33.85550799979773],[-95.97462900041909,33.85546399986821],[-95.97494499988828,33.85539200020589],[-95.9752419999892,33.85534800021656],[-95.97557699972496,33.855254999706816],[-95.97597900030618,33.85522200022351],[-95.9762360002241,33.8551670003104],[-95.97660399957184,33.85502899980275],[-95.97676199975558,33.85497999989319],[-95.97738100007179,33.85473800036916],[-95.9778749998162,33.85457800009155],[-95.97836799973568,33.8543640002308],[-95.97952699982706,33.8539569999748],[-95.980184999603,33.85378599971203],[-95.98065300030646,33.85361600026321],[-95.98092199991997,33.853550000017435],[-95.9811989999294,33.85347299966618],[-95.98207400033864,33.85327499993632],[-95.98223900019507,33.85320299992078],[-95.98249600011304,33.85314800019957],[-95.98317999982825,33.85292300036087],[-95.98368000031874,33.85280199963556],[-95.98425299970587,33.852663999782955],[-95.9844510000726,33.85260899971467],[-95.98460900025636,33.85255400035701],[-95.98485600012856,33.85249200023835],[-95.98496200043375,33.85289200006807],[-95.98506799984067,33.85329299993072],[-95.98517400014588,33.85369000000346],[-95.98527899972785,33.854088000127675],[-95.98571599957086,33.855721999776115],[-95.9857320003627,33.855781999764424],[-95.98574800025622,33.85584199971062],[-95.98604000033428,33.856931000099244],[-95.98405900043545,33.8601180001689],[-95.98467799985332,33.86417199992161],[-95.98482299961827,33.86512499994872],[-95.98492700027366,33.86580500029719],[-95.98524299974284,33.86601700004871],[-95.98554499986663,33.866218999631734],[-95.98665600027742,33.86696300008152],[-95.9878360002852,33.867949000081126],[-95.98919100019513,33.86859000011379],[-95.99020299997339,33.868657999646366],[-95.99132000023198,33.86865299996778],[-95.99191899955837,33.868801000175914],[-95.9921110000773,33.86884900012783],[-95.99251600013326,33.86902400023673],[-95.99337300010083,33.86939400015963],[-95.99637699964859,33.87123099991956],[-95.99861700001352,33.872230000110804],[-96.00025499978067,33.87254000020387],[-96.00187300035465,33.87374400019882],[-96.0029250003159,33.873590000045304],[-96.00366900030558,33.8725259998005],[-96.00457300012881,33.87071199992459],[-96.00444000005942,33.86974200032497],[-96.00398200030001,33.86840499972924],[-96.0028750000872,33.86666999977499],[-96.00095699993756,33.86440499999491],[-96.00025499978067,33.86295700035198],[-95.99969400008911,33.862551999885724],[-95.99772499988585,33.86225500036184],[-95.99486899957776,33.86182400033807],[-95.99521699973232,33.859532999652544],[-95.99559000000122,33.85790699970777],[-95.99616900013444,33.855946000064556],[-95.99683299975817,33.85389799985736],[-95.9977080001674,33.85218300014308],[-95.99827200023202,33.851185999771],[-95.99835099987473,33.85104999968035],[-95.99908800019172,33.850413000323215],[-96.00025700032882,33.84940300017681],[-96.00114100006056,33.84928300014873],[-96.00274700004067,33.848531999787895],[-96.00299599956271,33.84822799967213],[-96.00309199982217,33.8481039998247],[-96.00354999958158,33.84788799994959],[-96.00358200026695,33.84785199991729],[-96.00447299967138,33.84683600012862],[-96.00448699991507,33.846809000332904],[-96.00452700009805,33.84674900001029],[-96.0047410003583,33.846402999640546],[-96.00487000022974,33.84619500018864],[-96.00499800027626,33.84598700023033],[-96.00429600011935,33.846005000268235],[-96.0035949997874,33.846027999813785],[-96.00401200043727,33.84581799993797],[-96.00423699966983,33.845544000091316],[-96.00405000007208,33.84523699975573],[-96.0051999999426,33.84540799997181],[-96.00554600044734,33.84542399986547],[-96.00570399973277,33.845435000210266],[-96.00587699998515,33.84539200007517],[-96.00808200018996,33.844899000346345],[-96.00872800027034,33.84474000006016],[-96.00884000042333,33.84472400003843],[-96.00940600013777,33.84460299963729],[-96.00978799972918,33.844477000209],[-96.01009700042398,33.84440600001113],[-96.0102680001282,33.84437799967522],[-96.01061100025987,33.84435099984886],[-96.01090699963757,33.84429599965111],[-96.01112400027087,33.844214000294436],[-96.01146700040255,33.844049000076666],[-96.01224400000417,33.84363199986954],[-96.01270500013662,33.843363000141146],[-96.01288400023675,33.84324800025681],[-96.01289500010742,33.8432410002653],[-96.0130209996058,33.8431599996828],[-96.01333699997329,33.84299099976771],[-96.01359399989127,33.84285299973482],[-96.01380399995354,33.84275999979778],[-96.01384599978633,33.842747000271885],[-96.0139429998707,33.84271600001697],[-96.014048000351,33.842694000118044],[-96.01419300011595,33.84269899982422],[-96.01425699969006,33.8427120001036],[-96.01617800021275,33.84178700037258],[-96.01630500043436,33.841762999882484],[-96.01667600015512,33.84169499982524],[-96.01678199956201,33.841738000328576],[-96.0170550002718,33.84145399977907],[-96.01809200016444,33.841298999777266],[-96.01951700039459,33.84104799975567],[-96.0206239997091,33.840626999814994],[-96.02190800037224,33.840844999766716],[-96.02273600002749,33.84109199964921],[-96.02324099964258,33.84247899979034],[-96.0230950000527,33.844128000265904],[-96.02250800042187,33.846129999929644],[-96.02178299980048,33.84692699987458],[-96.02032599978327,33.84957900031097],[-96.01954199961062,33.85349699985093],[-96.02008300010903,33.85504599977999],[-96.02031400008771,33.85512799993001],[-96.02240799996444,33.857042000226244],[-96.02390699981443,33.85706699977795],[-96.02522599973936,33.85748800002155],[-96.0269680001619,33.857474000133635],[-96.02753399987635,33.857214999928274],[-96.02943799978229,33.85634800014133],[-96.03028300005428,33.85531799970224],[-96.03050099961419,33.85526099981497],[-96.03061100011735,33.855053999943685],[-96.03069700033109,33.854785000370455],[-96.03072400009526,33.85462500018082],[-96.03078299964648,33.85443899972362],[-96.03080899958577,33.85423000003805],[-96.03079000021751,33.854064999768],[-96.03072400009526,33.85376799982153],[-96.03072400009526,33.85363699992383],[-96.03070400000378,33.85355400016943],[-96.03066499964571,33.85324700026903],[-96.03067200021673,33.8529010001061],[-96.03071099967649,33.852686000098764],[-96.03071099967649,33.85260899971467],[-96.03065899979794,33.85252700013039],[-96.03062600018596,33.852395000142934],[-96.03063200003376,33.85233500001333],[-96.03062600018596,33.85227999973327],[-96.03059299967572,33.85220800037104],[-96.03051400003298,33.85207099998706],[-96.03051400003298,33.85197200004662],[-96.03052699955346,33.851939000040964],[-96.03056699973642,33.85190600002258],[-96.03057299958421,33.85178500009474],[-96.03053400012446,33.85145599992377],[-96.03048800009371,33.851286000313934],[-96.03048800009371,33.85106000035264],[-96.03067300004163,33.85013799984133],[-96.03073900016388,33.849742000128714],[-96.03079900043832,33.84861100030844],[-96.03086499966227,33.848363000053396],[-96.03104899978528,33.84804500014103],[-96.03109499981602,33.84792999984375],[-96.03118100002975,33.84777000024304],[-96.03122000038782,33.84763300020232],[-96.03137199982547,33.847248999919216],[-96.03210999996736,33.84593600010224],[-96.03254500016052,33.84526600031823],[-96.03270300034428,33.84506800021817],[-96.03296000026222,33.8447170001679],[-96.03344700033394,33.84421199999983],[-96.03358500042621,33.84405200015127],[-96.03386200043566,33.84379400006288],[-96.0341979999963,33.84350899984918],[-96.03447400018084,33.843234000273284],[-96.03498800001674,33.84264599964062],[-96.03508000007822,33.842564000192745],[-96.0357260001586,33.842085999788566],[-96.03727299968918,33.84120800000623],[-96.03750299984294,33.84106500027682],[-96.03759599972938,33.84102100036933],[-96.03827399959681,33.840597999916426],[-96.0389780003018,33.840280000202796],[-96.03977499999492,33.840028000349484],[-96.04014300024096,33.839895999703444],[-96.04030800009738,33.8398189997298],[-96.04074300029058,33.83969299996248],[-96.0412169999435,33.839533999688996],[-96.04142700000578,33.83945099966331],[-96.04164399974076,33.83939600004243],[-96.04197400035196,33.83939100014294],[-96.04261899970912,33.83921499991402],[-96.04282299992362,33.83913800007301],[-96.04327099963729,33.83899599969963],[-96.04356000024059,33.838875000141186],[-96.04380399973975,33.83875399966522],[-96.04393500015931,33.83869900034188],[-96.04448800035327,33.83850199978902],[-96.04462700027045,33.83846899980348],[-96.04502300010557,33.83808299968243],[-96.04638800006124,33.83756000028032],[-96.04720300019603,33.83715000023743],[-96.04746599996176,33.83711699972985],[-96.04766099995544,33.83709200030912],[-96.04775200019202,33.83708099963647],[-96.04780599972038,33.83692199972655],[-96.04802699965333,33.836829000050386],[-96.04808299972983,33.83682700032904],[-96.0488340002905,33.83646800034076],[-96.04940800040086,33.836727000024474],[-96.05062199984548,33.83728000019099],[-96.05160799968449,33.83728500021392],[-96.05356000016933,33.83820299977147],[-96.05535799977007,33.83826200028203],[-96.05915600043453,33.83985000028958],[-96.05973899986739,33.84010900017022],[-96.06018400010632,33.840265999733006],[-96.06046899961336,33.84033999984516],[-96.0607819996078,33.840420000297584],[-96.06109600032548,33.840500999746766],[-96.06236500002169,33.8408180003163],[-96.06393400019188,33.8415280003547],[-96.06622700026028,33.8421089996429],[-96.06829000017485,33.84269000020364],[-96.07071100028973,33.842830999871175],[-96.0707570003205,33.842833000198155],[-96.07122599995056,33.84285500006125],[-96.07210399983451,33.84290599979],[-96.07265799985338,33.84293699997598],[-96.07318400028318,33.84313600032446],[-96.07387399984617,33.843407000334906],[-96.0746370001024,33.84374000003257],[-96.07496599999038,33.84388400028633],[-96.07529499987834,33.84402800029735],[-96.07744200035685,33.844973000176815],[-96.08462600016048,33.84665599983729],[-96.08922900001566,33.84669000013691],[-96.0901660003492,33.8468160000321],[-96.09168299974253,33.8468730003322],[-96.092223000416,33.84703399986187],[-96.09276200036624,33.847194999834215],[-96.09349399976205,33.847248999919216],[-96.09375800025101,33.84726800017587],[-96.09402100001672,33.847285999943885],[-96.09453900005057,33.847323999690445],[-96.09488200018227,33.8473500003319],[-96.09587899989192,33.847422999795036],[-96.09752599987993,33.84754399993285],[-96.09829599980885,33.847848000244355],[-96.09911199976854,33.84758599999613],[-96.1000950001328,33.84797099998695],[-96.1002130001336,33.84791899982018],[-96.10074600023606,33.84768300032975],[-96.10122800028489,33.847036999831715],[-96.10133200004198,33.84689799987591],[-96.10143499997415,33.846760000184496],[-96.10147299960897,33.84671000026297],[-96.10145699971545,33.846585999704494],[-96.10144199964684,33.84646600019604],[-96.1014390001721,33.84635000026231],[-96.10134899976043,33.84572099972514],[-96.1007849996958,33.844228999891506],[-96.09915299977642,33.842408999965954],[-96.09807200040116,33.83916000014127],[-96.09763800003292,33.837935999809986],[-96.09767099964488,33.83692599991094],[-96.09767800021588,33.83656200027349],[-96.09768400006365,33.836197999832],[-96.09768999991144,33.835841999803115],[-96.09769699958414,33.83548599978376],[-96.09744899988702,33.832728999918075],[-96.09794699982939,33.83214100013493],[-96.09936000036399,33.83046999963109],[-96.10022999985202,33.830464000020584],[-96.10192700006874,33.83045299998732],[-96.10407799984688,33.83073000025827],[-96.10552900001628,33.83128800004824],[-96.10576800039088,33.83135199973248],[-96.10584899968345,33.831372999641744],[-96.10592900004939,33.831394000292065],[-96.10643600021258,33.83152899965909],[-96.1099939997792,33.83239599984852],[-96.11174799989732,33.83346899998845],[-96.11213500040994,33.8336629997638],[-96.1122800001749,33.83374000006029],[-96.11241599971902,33.83380699983547],[-96.11260300021509,33.83390200035106],[-96.11272000039095,33.833959000311204],[-96.11286000013303,33.83403000023463],[-96.112900000316,33.83405300001851],[-96.11299900005021,33.834099000313905],[-96.1144369998008,33.83505599962771],[-96.11497699957599,33.83541999970946],[-96.11648100034716,33.83658199978547],[-96.11660400037081,33.83667800006384],[-96.11672800021938,33.836772999626966],[-96.11687200015942,33.83688499969101],[-96.1169569996499,33.83695700002777],[-96.11816699979491,33.83788299965698],[-96.12294899975022,33.83996399969997],[-96.12428100009396,33.84004299993521],[-96.1252560000623,33.84004299993521],[-96.12630700019864,33.83978600025286],[-96.1278179997442,33.839895999703444],[-96.12901899966833,33.83927699996819],[-96.1291009996841,33.839235000297464],[-96.12980700003894,33.838871999884766],[-96.13028200041508,33.838306999961134],[-96.1302330000113,33.83831400035675],[-96.1302129999198,33.83828600026304],[-96.1302129999198,33.838230999892374],[-96.1302129999198,33.838182000047894],[-96.13023800003415,33.8381739997965],[-96.13026300014852,33.838169999670534],[-96.13028499988984,33.838164999699316],[-96.13023899985907,33.83814399996635],[-96.13021100026998,33.83798499979557],[-96.13034900036224,33.837823999630956],[-96.13045399994422,33.83781000025114],[-96.13105800019183,33.8374380003275],[-96.13171699979266,33.83761399973898],[-96.13182200027296,33.83764100020171],[-96.1319799995584,33.837682999909624],[-96.13207300034313,33.83770700005324],[-96.13216700005447,33.83773100019017],[-96.13305400015926,33.83796200032357],[-96.1341489997782,33.83825499988209],[-96.13424199966464,33.83828299998601],[-96.13429400044149,33.83833800032317],[-96.1343529999927,33.838382000119736],[-96.13441300026716,33.838409000339844],[-96.13462300032946,33.838420000095454],[-96.1347949998586,33.83844200034855],[-96.13492600027816,33.838469999644964],[-96.13506400037042,33.83852499986185],[-96.1351890000439,33.83860200025518],[-96.13526199983883,33.838607000200824],[-96.13536700031912,33.83858000004328],[-96.13543300044137,33.83858599983029],[-96.13549600019054,33.83860499977491],[-96.13555800011484,33.838623999715246],[-96.13890499979428,33.83915900030784],[-96.14241499968033,33.83874799988999],[-96.14383300023778,33.83858300030994],[-96.14400800013995,33.838562999773934],[-96.14458200025032,33.838544999660584],[-96.14601800035109,33.83836700024253],[-96.14653499966174,33.83830299984139],[-96.14732300003236,33.83804399971045],[-96.14740199967507,33.83801799996798],[-96.14748000039116,33.837993000064635],[-96.14807000039505,33.83779899967086],[-96.14899400030976,33.83723300025929],[-96.14922699993829,33.837090999705374],[-96.15014699965504,33.83585499963325],[-96.15085399983478,33.83394999977022],[-96.15113900024012,33.83318099995616],[-96.1516299996115,33.83194599997246],[-96.15137400041678,33.83051099994325],[-96.15128200035527,33.829987999728885],[-96.15056799960453,33.826889999740956],[-96.14969399991851,33.8231060003499],[-96.1496710003523,33.823017999933626],[-96.1496570001086,33.82294399975095],[-96.14920199982392,33.82096499985206],[-96.14919400032632,33.82094300032517],[-96.14918500010548,33.82089600036701],[-96.14917099986178,33.82083699981134],[-96.14903199994463,33.82023300020593],[-96.1487919997451,33.81919699987556],[-96.14904199999035,33.81891600002269],[-96.14954699960542,33.818351000302236],[-96.1498699996456,33.81799599992255],[-96.1501919998609,33.817641999647115],[-96.15076500014634,33.81698699963175],[-96.15118400044598,33.81706799964109],[-96.15184600041988,33.817204000073964],[-96.15250900021869,33.817340000290585],[-96.15310400024545,33.81746500007943],[-96.15415899968143,33.8176730000397],[-96.15473899963959,33.81779200033483],[-96.15633299992412,33.81811399968877],[-96.15729399964876,33.81836399980677],[-96.15821799956348,33.81845999964594],[-96.15929499963907,33.81859900032608],[-96.16061299973912,33.8180200003689],[-96.16145499963807,33.81764000022325],[-96.16188200033363,33.81764800015732],[-96.16221500041956,33.81765500000569],[-96.16315000020495,33.81770599984337],[-96.16480800006359,33.817797000004944],[-96.16650299973217,33.817866999833754],[-96.1704319999179,33.815840999876585],[-96.17045899968205,33.81530799986449],[-96.1704970002152,33.8151320000595],[-96.17135300035787,33.814725000289606],[-96.17240600014402,33.81447800035055],[-96.1736299996344,33.81447999984833],[-96.17530699975961,33.81473199963082],[-96.1753489995924,33.8147360001071],[-96.1758900000908,33.81462599962916],[-96.17630699984232,33.81437499965764],[-96.17638100036046,33.81433000006956],[-96.176910000265,33.81393500026465],[-96.17713200002285,33.81356999963598],[-96.17896599960858,33.81055000017178],[-96.17912200014251,33.81022400001977],[-96.17890600023244,33.80951200013096],[-96.17786900033981,33.80681299986383],[-96.17754200010167,33.80577200009313],[-96.17733899971208,33.80511400030882],[-96.17686500005917,33.804318999903735],[-96.17655399971453,33.80371500011006],[-96.17627099985732,33.80317499965608],[-96.17596899973351,33.80266400035864],[-96.17572600005927,33.80232100000839],[-96.17515100012402,33.80195099999572],[-96.17363300000744,33.80152800032943],[-96.17285700023072,33.80110199997667],[-96.16959199966874,33.800943999881476],[-96.16962799965376,33.80103199986654],[-96.16964899957014,33.801081999631116],[-96.1696879999282,33.80125799997343],[-96.16971399986747,33.80158800029285],[-96.169701000347,33.80181300015435],[-96.16968200008041,33.802106999937884],[-96.1694069997208,33.803967999749084],[-96.16943699985804,33.8040760000074],[-96.16945699994953,33.80410899983108],[-96.1694829998888,33.80411499979766],[-96.16956900010251,33.80387300031456],[-96.16966799983672,33.80370300012043],[-96.16986500037852,33.80354899985496],[-96.16995700044002,33.80344399968472],[-96.169990000052,33.80338900004176],[-96.17003600008276,33.80334599965846],[-96.17002299966397,33.80325199978672],[-96.17004500030357,33.80324899977322],[-96.17008899978619,33.80330199974724],[-96.17014800023574,33.80330199974724],[-96.17019400026649,33.803324000078916],[-96.17022699987847,33.80338400027606],[-96.17026000038875,33.80368099988618],[-96.17027999958191,33.80370799986749],[-96.17032599961266,33.80370300012043],[-96.17034499987923,33.803637000147205],[-96.17036499997072,33.8034610002187],[-96.17043100009296,33.80336799997877],[-96.17059599994941,33.80324099998556],[-96.17072099962289,33.803192000243435],[-96.17072099962289,33.80322499966154],[-96.17061500021599,33.80334599965846],[-96.17043100009296,33.80373600008789],[-96.170286000328,33.803971999982224],[-96.17026000038875,33.80415300007383],[-96.170174000175,33.80442799995864],[-96.17010800005278,33.80473499979847],[-96.16994999986905,33.805130999764565],[-96.16983799971604,33.8052959997072],[-96.16972599956304,33.80541600027991],[-96.16961500013326,33.80555899992159],[-96.16951600039908,33.805789999641824],[-96.16945699994953,33.80585600019373],[-96.16933200027606,33.80593799976809],[-96.16915400000084,33.80601499965189],[-96.16912100038887,33.80604800022066],[-96.16907500035812,33.806157999785434],[-96.1688569998999,33.8068059998747],[-96.1687589999906,33.80700900007387],[-96.16869899971616,33.80709699979363],[-96.16869299986838,33.80717400012728],[-96.16858800028639,33.80740499996612],[-96.16822500006323,33.80802600021192],[-96.1680409999402,33.80828900024591],[-96.16783699972571,33.808520000060135],[-96.16764599993,33.80870699987948],[-96.16744900028652,33.80894799968651],[-96.16733700013351,33.809112999732754],[-96.16714600033781,33.80936000023418],[-96.16689600009255,33.809601999873735],[-96.16668500020536,33.80972299981005],[-96.1665400004404,33.80979399970533],[-96.16622400007292,33.80988799985451],[-96.16586199967466,33.81009100020542],[-96.16570400038921,33.81020599991108],[-96.16519700022602,33.810755000029516],[-96.16497899976783,33.81093999986182],[-96.16487699966056,33.81122800016824],[-96.16376600014809,33.81305100010513],[-96.16291300037848,33.813166000310105],[-96.16193199966403,33.81327900008835],[-96.16035099979828,33.81360999970931],[-96.15877199958234,33.81394100028852],[-96.15756999983329,33.81404000024906],[-96.15636899990913,33.81413900009496],[-96.15601999992967,33.81411000016705],[-96.15576100036189,33.81408700024299],[-96.15561499987372,33.8140810002293],[-96.15553799988083,33.81404000024906],[-96.15561499987372,33.81398800033685],[-96.15576100036189,33.81394100028852],[-96.15594299993678,33.813883000288605],[-96.15612500040997,33.81380200024863],[-96.15626400032714,33.81367999997917],[-96.1563549996654,33.81334899988275],[-96.15671600023876,33.813319000297746],[-96.15850600034189,33.81270899973727],[-96.15927299989778,33.812327999733945],[-96.15982199989378,33.81155000034768],[-96.1601829995688,33.80955199986245],[-96.16071700039448,33.80739200028903],[-96.16111400005452,33.805766999720205],[-96.16108700029034,33.80471700002793],[-96.16138500021617,33.80315400028705],[-96.16112099972723,33.80269200017417],[-96.16195400030367,33.79971299984248],[-96.1616460003321,33.79873200002128],[-96.16130200037551,33.797639000342805],[-96.16095800041892,33.796546000144474],[-96.16093300030457,33.79647000028514],[-96.16091400003799,33.796414999893],[-96.16088999974853,33.796333999739794],[-96.16086499963419,33.79625300025647],[-96.16075599985422,33.795910000341465],[-96.16226300010014,33.79311400016236],[-96.16230099973497,33.79307400021279],[-96.162745000149,33.792612999818466],[-96.16290199960952,33.79197400024844],[-96.16283999968523,33.7915540002257],[-96.16252400021605,33.79058299975427],[-96.1624830002082,33.789904000026894],[-96.16275699984456,33.78876899979867],[-96.16303999970177,33.78844800018389],[-96.16345800017653,33.788113000063234],[-96.16371300044464,33.787728000055345],[-96.16370800042178,33.78732399967504],[-96.1635970000937,33.78693600001399],[-96.16323300004562,33.78678700018105],[-96.16303999970177,33.7867150001639],[-96.16284899990606,33.78663899978976],[-96.16277500028622,33.7864209997765],[-96.16289599976172,33.78589699980342],[-96.16347400007004,33.7850709998492],[-96.16410000005894,33.78426100027931],[-96.16431900034206,33.78368899980952],[-96.16429599987752,33.78320499964421],[-96.1644840001985,33.782755000066466],[-96.16484599969843,33.78227399985127],[-96.16511400038536,33.78163800005128],[-96.16527599986874,33.78097799963245],[-96.165229999838,33.78046199963154],[-96.16519899987586,33.780129999706496],[-96.16542400000675,33.779777000110855],[-96.16592899962181,33.779175999740936],[-96.16613000036156,33.77871700026837],[-96.16630100006581,33.778089000088],[-96.16654499956495,33.777749999799944],[-96.16659499979367,33.77768000000948],[-96.16662999995376,33.77756000012887],[-96.1666940004262,33.77735499991285],[-96.16722699963033,33.77555899969236],[-96.16753799997498,33.77448499988622],[-96.16781199961136,33.774483000200824],[-96.16811200008532,33.774474999965214],[-96.16814700024543,33.77422599991269],[-96.16818200040552,33.77397699988312],[-96.16826699989602,33.773773999755356],[-96.16831999959946,33.77340600003364],[-96.1682739995687,33.77299399967092],[-96.16828100013971,33.77279100020085],[-96.16833300001827,33.77253800027261],[-96.16845199984395,33.77212000024787],[-96.16854399990547,33.77193400027433],[-96.16854399990547,33.77179599984035],[-96.16859699960891,33.771532999696454],[-96.1689120001515,33.77079700032957],[-96.16909000042672,33.77041700034076],[-96.16935999986515,33.76998399975535],[-96.16979400023342,33.76915399980605],[-96.17002500021209,33.76893999972462],[-96.17008399976332,33.76879199985818],[-96.17036699962055,33.768539000069744],[-96.17045200000935,33.76840700037055],[-96.17053800022308,33.768324999945925],[-96.1707290000188,33.76800100012319],[-96.17093900008108,33.76769799967834],[-96.17118900032632,33.76727500030424],[-96.17204499957067,33.76622599968431],[-96.1722350004398,33.76601199975846],[-96.17257100000046,33.76566100012937],[-96.1729330003987,33.76522099975299],[-96.17352500005242,33.7645999996734],[-96.17491900032041,33.76336999987389],[-96.17536700003409,33.763035000248685],[-96.17556399967756,33.762914000042144],[-96.17635299987309,33.7622389997239],[-96.17672399959385,33.76197100017669],[-96.17734000043531,33.761525000309845],[-96.17772200002672,33.761184000207436],[-96.17814299997623,33.76078800012065],[-96.17860300028374,33.76042599993428],[-96.17965600006993,33.75972799984733],[-96.1798460000407,33.7596179996319],[-96.18170800011383,33.758750999891],[-96.18178699975655,33.758707000216454],[-96.18335799957657,33.75805300035473],[-96.1840560004338,33.757723000305155],[-96.18513400033432,33.757190999944825],[-96.1857329996607,33.75690999967858],[-96.18629199970245,33.75666300022006],[-96.1877320000012,33.75609700030414],[-96.18771899958242,33.756070000247725],[-96.18763999993969,33.75601500005129],[-96.18748199975595,33.75593800001564],[-96.18742300020473,33.75589399964416],[-96.18729799963293,33.75567399968864],[-96.18702200034672,33.75538900016292],[-96.18670000013145,33.755173999998576],[-96.18661399991772,33.7550980000234],[-96.18660800006994,33.75505399996768],[-96.18662700033651,33.75502099991109],[-96.18668699971266,33.75501500023892],[-96.1867660002537,33.755042999950206],[-96.1868380002237,33.75508100034407],[-96.18692299971421,33.75515199999307],[-96.18730500020395,33.75541599968692],[-96.18742999987741,33.755564000246025],[-96.18748199975595,33.75567399968864],[-96.18763400009192,33.7558560003576],[-96.18787000009348,33.75599300026155],[-96.18801499985844,33.756020000342204],[-96.18818599956266,33.75596500011363],[-96.1883439997464,33.75588299973453],[-96.18862699960363,33.75579000010218],[-96.18917700032284,33.755687999811265],[-96.18931100021715,33.75566299975072],[-96.18962599986142,33.75561899998498],[-96.18994200022891,33.75559700009361],[-96.19016599963656,33.75556999987978],[-96.19037599969886,33.75550400015108],[-96.19080400021934,33.75532300029488],[-96.1912510001081,33.755118999974144],[-96.19148799993457,33.75503199993138],[-96.1921390000378,33.754849999753766],[-96.19248700019236,33.75473499963523],[-96.19274400011028,33.75463000010671],[-96.19287499963156,33.75453699986203],[-96.19357900033656,33.75430600004666],[-96.19377599998006,33.75425100021223],[-96.19426899989956,33.754140999690726],[-96.19471699961322,33.75399900015323],[-96.1948480000328,33.753910999638016],[-96.19496000018577,33.75386099996708],[-96.19517000024807,33.75380599984724],[-96.19545999977798,33.753657999987766],[-96.19599899972822,33.7534819996608],[-96.19638799989066,33.75326399967157],[-96.1964399997692,33.753235000035545],[-96.19657100018875,33.753180000260976],[-96.1969329996887,33.75296599987907],[-96.19736000038428,33.752773000235315],[-96.19776799991496,33.7526410001553],[-96.19798499964993,33.75255399983862],[-96.19811699989444,33.752531999907724],[-96.19827500007816,33.752547999993816],[-96.1983539997209,33.75254300024731],[-96.19848500014045,33.75244899987975],[-96.19865599984468,33.752400000203544],[-96.19895200012068,33.75239400034796],[-96.19930699994792,33.752416000314305],[-96.19956399986587,33.75237800023308],[-96.19965599992737,33.75234499989334],[-96.19975399983666,33.75229000029478],[-96.2002209998169,33.75218000024494],[-96.20046500021435,33.75204799999886],[-96.20058300021515,33.75199900009348],[-96.20074700024668,33.75199300020983],[-96.20088500033894,33.75200899964963],[-96.20097099965434,33.75198199979964],[-96.20108299980735,33.7519109997662],[-96.20114800010467,33.751839000314014],[-96.20131899980888,33.751795000079554],[-96.20141800044141,33.751800999977064],[-96.20153600044219,33.751839000314014],[-96.20174700032938,33.75184500020844],[-96.20181900029941,33.751904999876395],[-96.20183199981987,33.751931999750646],[-96.20186500033016,33.75195999972192],[-96.20208899973781,33.75202000005637],[-96.20214200033958,33.75201500027908],[-96.2022069997386,33.75198700032576],[-96.2022989998001,33.75186600020904],[-96.20273999984107,33.75157500006248],[-96.20299599993412,33.75144900030097],[-96.20326600027084,33.75133899991914],[-96.20407600038276,33.75112299994017],[-96.20436400026284,33.75106399984094],[-96.20438799965399,33.7510699997896],[-96.20488499977145,33.75097999976882],[-96.20504899980297,33.75100200009799],[-96.20527300010897,33.75095100010722],[-96.20869900032945,33.75016399980129],[-96.2089939998822,33.750096000138186],[-96.21022400011869,33.74994500021008],[-96.21046000012024,33.74992300035665],[-96.21122900022425,33.749796000277605],[-96.21140699960118,33.74979100037064],[-96.2114929998149,33.74977999967795],[-96.21168299978571,33.749703000018094],[-96.211780999695,33.749653000134046],[-96.21186699990872,33.74962600028911],[-96.21253100043076,33.749581999666006],[-96.21273999976982,33.74954499995632],[-96.21314900002373,33.74947199987678],[-96.21323500023746,33.74947199987678],[-96.21366200003472,33.749368000014144],[-96.21418799956619,33.74932400000558],[-96.21435300032094,33.74931799993477],[-96.21465500044472,33.74932899993979],[-96.21476800042262,33.74934499987666],[-96.21497500011188,33.74936900014989],[-96.2154200003508,33.74927299976368],[-96.21585100034602,33.749179000292884],[-96.21615299957149,33.74901700020025],[-96.21649999990113,33.74883100013143],[-96.21678699995633,33.7487489996517],[-96.21712199969205,33.748745999969685],[-96.21716799972282,33.74874100000149],[-96.21745700032612,33.748641999973565],[-96.21752400027329,33.748629000338624],[-96.21824499979842,33.74818899992674],[-96.21840200015725,33.748122000341624],[-96.21846200043171,33.7480979997194],[-96.21908000002468,33.74783899992228],[-96.21999899991653,33.7475679997037],[-96.22052199997329,33.7473900000037],[-96.22113100024372,33.74739100016251],[-96.22199700043213,33.74757000001712],[-96.2231570003484,33.74796200005036],[-96.22364400042011,33.74811100018177],[-96.224599000297,33.74832700027855],[-96.22492200033717,33.748337999663754],[-96.2250729999499,33.748332999671774],[-96.22515199959261,33.74830500001003],[-96.22521100004217,33.7482720003436],[-96.22525000040022,33.74826100020299],[-96.22530300010366,33.74826100020299],[-96.22535599980712,33.74826100020299],[-96.2255459997779,33.74822799977268],[-96.22623000039144,33.74823299977078],[-96.22640799976836,33.74820600022564],[-96.22653300034015,33.74820600022564],[-96.2267760000144,33.74822200037212],[-96.22687300009876,33.74824000006638],[-96.22692699962712,33.748250000060956],[-96.22701299984085,33.748250000060956],[-96.22706600044262,33.74824399991499],[-96.22726300008611,33.74818399992608],[-96.22734199972882,33.74818399992608],[-96.22748599966889,33.74821100022508],[-96.22757199988258,33.748217000373316],[-96.22764399985262,33.74821100022508],[-96.22777600009708,33.74815600021567],[-96.22786099958759,33.74813399990328],[-96.22824300007733,33.748162000367806],[-96.22835600005523,33.74815200036302],[-96.2284609996372,33.7480829997006],[-96.22865999982885,33.748041000082075],[-96.22871799955516,33.748028999760514],[-96.229023000052,33.74802100004313],[-96.22933000019867,33.74811000003135],[-96.22985599973013,33.748319999989995],[-96.23035200002269,33.74852400005496],[-96.23088599995006,33.74890199972745],[-96.23132399961796,33.749188000040064],[-96.23139899996106,33.749237000058024],[-96.23208799969913,33.749750000226086],[-96.23251500039471,33.75010200015452],[-96.23309899965248,33.7504910001962],[-96.2341830002991,33.75121500003924],[-96.23481799961051,33.751639000356526],[-96.23514099965068,33.75194799994875],[-96.23534099966724,33.75228900019315],[-96.23567999960095,33.75258800019612],[-96.23663299982799,33.75286999978553],[-96.23692599973094,33.75325899996682],[-96.2379919999359,33.75350999987276],[-96.23872400023002,33.75369299999272],[-96.24061499971715,33.75473100008941],[-96.24823200006415,33.75898699979663],[-96.2482429999348,33.759106000274855],[-96.24871699958773,33.75932400034577],[-96.24896900038112,33.759414999841376],[-96.24940100020126,33.75957100035228],[-96.2500020000758,33.75980700024087],[-96.25146900013874,33.760358000194955],[-96.25246800039653,33.76080900017117],[-96.25370399958247,33.76120500016099],[-96.25477599963519,33.76148499979646],[-96.25509200000269,33.76163400032578],[-96.25556499983072,33.76207899963802],[-96.2558939997187,33.76262899994216],[-96.25649200011848,33.763293999696984],[-96.25655200039293,33.76336799992904],[-96.25672200027226,33.7635789998261],[-96.25689299997646,33.763727999702404],[-96.2570700004268,33.763815999848454],[-96.25732700034476,33.763854000087306],[-96.25751099956943,33.763947999898186],[-96.2590630000212,33.765013999977505],[-96.2599440002782,33.76549300013003],[-96.26176500034347,33.766668999929955],[-96.26198899975115,33.76676299964033],[-96.26206099972116,33.766872999647134],[-96.2621329996912,33.76692200001206],[-96.26240300002792,33.766998999888834],[-96.26310000016194,33.76729600025888],[-96.26332799976755,33.76737499965093],[-96.26359300008143,33.76746700023125],[-96.26379700029595,33.76752199980049],[-96.26429699988815,33.767566000177226],[-96.26496800008287,33.76760400024681],[-96.26599400010484,33.76773100008194],[-96.26649399969703,33.76778099987715],[-96.26787600026948,33.767769999999395],[-96.26892800023072,33.76795799988871],[-96.26915099981348,33.7680730001897],[-96.26941500030244,33.768188000336295],[-96.27000000028345,33.76840800028419],[-96.27103299997812,33.76870500025136],[-96.27167700040867,33.76884299968964],[-96.27201899981712,33.76887599965227],[-96.27361099955353,33.76920600007313],[-96.27469600002505,33.76940400031299],[-96.27483400011731,33.76949800001028],[-96.274952999943,33.769640999908034],[-96.2750580004233,33.76970099981495],[-96.27595899987348,33.76999799978094],[-96.27691899977322,33.770206999997264],[-96.27784699988588,33.770476999704236],[-96.27830100034566,33.77059799968686],[-96.27879400026517,33.770663999741096],[-96.27966899977608,33.77072999974449],[-96.28207700037049,33.7708240002273],[-96.28345800021972,33.77094000029962],[-96.28604300036613,33.77113800026624],[-96.28708299973349,33.77124299973482],[-96.28825400041873,33.77122100011994],[-96.2891680002877,33.77109500011249],[-96.29035900016613,33.77083100017174],[-96.29058900031988,33.770709999771455],[-96.29216099996482,33.76980999988682],[-96.29289200043402,33.76960700034038],[-96.2937080003937,33.76940899982283],[-96.2939770000072,33.769254999850766],[-96.29453600004896,33.76886499991509],[-96.2947999996396,33.76866699992324],[-96.29519399982489,33.76833800032808],[-96.29562200034538,33.76788699964534],[-96.2958979996316,33.767662000241856],[-96.29641200036582,33.76683300013624],[-96.29645800039657,33.766645999953305],[-96.2964399999549,33.766500999666356],[-96.296398999947,33.76616800021086],[-96.29642499988628,33.765965000251036],[-96.29653000036659,33.76578899980106],[-96.29668799965202,33.76470700034592],[-96.2970309997837,33.763233999784894],[-96.29749100009123,33.762415999979694],[-96.29807000022444,33.761613999723465],[-96.2984190002039,33.76115200026836],[-96.29847799975514,33.76111900031873],[-96.29850500041763,33.76106399962752],[-96.2987149995816,33.76095999963627],[-96.29876099961236,33.76090500033671],[-96.29877400003116,33.76080600016429],[-96.29877400003116,33.76065799969328],[-96.29870200006113,33.76003200010239],[-96.29865600003039,33.75918499974794],[-96.29866299970307,33.75894899964056],[-96.29868299979455,33.75887800014885],[-96.2988400001534,33.75860300035283],[-96.2988269997346,33.75854800028778],[-96.2988049999933,33.758550000345046],[-96.29876099961236,33.758576000338884],[-96.29857099964157,33.758823000260186],[-96.2983270001424,33.7591640000464],[-96.29825500017236,33.75940000030869],[-96.29824799960139,33.760080999897696],[-96.29825500017236,33.76066299971332],[-96.29819499989792,33.76094899962984],[-96.29820199957062,33.761014999647365],[-96.29797800016294,33.76124000007208],[-96.29788000025367,33.761267999990686],[-96.29782699965189,33.76124600005542],[-96.29779400003994,33.76121300014192],[-96.29778800019216,33.76113600029438],[-96.29806400037667,33.76025100006763],[-96.2981229999279,33.76000999984989],[-96.29807100004936,33.75922899992398],[-96.2981100004074,33.7591249999468],[-96.29867000027409,33.75828999997319],[-96.298819000237,33.75805699974556],[-96.29917599971405,33.75749800035767],[-96.2992419998363,33.757394999816256],[-96.29955800020377,33.75699900014961],[-96.29961000008234,33.75692400034617],[-96.29963699984651,33.75615000033475],[-96.29967799985438,33.756111999667894],[-96.30014700038276,33.75568100012365],[-96.30083699994576,33.7542240003214],[-96.30117099985658,33.75358699984838],[-96.30144399966807,33.75299899997979],[-96.30206899983204,33.7519029996641],[-96.30230099963563,33.75143400012142],[-96.30236699975787,33.75102700002385],[-96.30240100009308,33.75090399981054],[-96.30243299988012,33.75079099986598],[-96.30284700015692,33.749994999923864],[-96.3032549996876,33.74922399976635],[-96.30365700026881,33.748327999679496],[-96.30430099980106,33.747201999818714],[-96.30503200027024,33.74597099969085],[-96.30564300019053,33.74500999982548],[-96.305880000017,33.74462599977915],[-96.3060780003837,33.7443070002404],[-96.30616299987419,33.74403200002064],[-96.30620300005717,33.743752000153954],[-96.30618999963838,33.743527000145626],[-96.30614299978272,33.74347699964862],[-96.30614299978272,33.743417000059566],[-96.3063739997614,33.74286699975388],[-96.30655100021171,33.74230200012042],[-96.30660399991517,33.74207599982255],[-96.3065779999759,33.74181799999074],[-96.30652500027246,33.74162000027108],[-96.30671000022036,33.7405159997707],[-96.30684800031264,33.74013199977375],[-96.30688699977237,33.73995000009298],[-96.3068669996809,33.73973600031091],[-96.30686800040412,33.73921399995755],[-96.30692000028266,33.738955999734785],[-96.30704499995613,33.73867599973265],[-96.30726900026212,33.73837300021882],[-96.30762400008936,33.7375489998758],[-96.3076500000286,33.737450999903146],[-96.30771000030309,33.7367749997863],[-96.30772899967135,33.736724999835694],[-96.30777999972496,33.73633900022265],[-96.30785400024313,33.73577999969775],[-96.30787400033462,33.73502199970451],[-96.30785500006805,33.734555000351484],[-96.30778700029597,33.73432800025023],[-96.30771699997578,33.73409400033994],[-96.30755200011932,33.73367100026182],[-96.30744099979125,33.7331320000636],[-96.30739499976048,33.7327589997751],[-96.30735499957753,33.73256100006467],[-96.30720399996478,33.7322810001094],[-96.30711899957596,33.731946000042925],[-96.30697399981104,33.73116500001428],[-96.30688199974949,33.73102800004268],[-96.30670500019752,33.73063800027825],[-96.3065930000445,33.73030299977423],[-96.30648099989152,33.73001199968224],[-96.3063100001873,33.729347000301686],[-96.30623800021726,33.72778600000731],[-96.30633000027878,33.72724300011866],[-96.30636299989075,33.72669299997085],[-96.30640300007371,33.726331000050315],[-96.30642099961706,33.726064999668],[-96.30644200043177,33.725758999961144],[-96.30651500022668,33.725353000233646],[-96.30650799965571,33.72523199990103],[-96.30647500004373,33.725050999665484],[-96.30633699995147,33.7245069999788],[-96.306324000431,33.72409499996536],[-96.30636999956343,33.7235730000895],[-96.30633699995147,33.72340799963592],[-96.30636399971564,33.72306199966533],[-96.30652799974719,33.722485000201125],[-96.3067119998702,33.72202299989682],[-96.30668599993093,33.72177600008716],[-96.30676499957364,33.72151799973273],[-96.306901999841,33.72096999969705],[-96.30698899987962,33.72062299988894],[-96.30709400035992,33.72047399983374],[-96.30717300000265,33.72032599999424],[-96.30719300009413,33.72025400018204],[-96.30714700006337,33.72000699976538],[-96.30729799967612,33.71954000014522],[-96.30734399970687,33.719446999960745],[-96.3074290000957,33.719303000295874],[-96.3075279998299,33.71918699985047],[-96.30760300017296,33.719122000260285],[-96.30782400010592,33.718996999645526],[-96.30791899964214,33.71892500021304],[-96.30816800006248,33.71867000024298],[-96.3082469997052,33.71853899973535],[-96.30836800007903,33.71821200008269],[-96.3085289997375,33.71762000003377],[-96.30852500043785,33.71741400018518],[-96.30850600017128,33.717323999972876],[-96.30846099996543,33.717216000191335],[-96.30818999980379,33.716953000002874],[-96.3081830001311,33.71691300036961],[-96.3081830001311,33.716850999855055],[-96.3083599996831,33.71610900020185],[-96.30834399978959,33.71588800004656],[-96.30831399965236,33.71574599995096],[-96.30837099955376,33.715777999645695],[-96.30842800035349,33.715811999635214],[-96.30843300037635,33.715776000085434],[-96.30842599980534,33.715673000252394],[-96.30838899999543,33.715141999646036],[-96.3086819998984,33.71398800021724],[-96.30950500042908,33.711953999880926],[-96.30996400001341,33.710491000359326],[-96.31041000007723,33.70957900016766],[-96.31091700024042,33.708712999665565],[-96.31122400038709,33.70800300028478],[-96.31184700000294,33.707017000362086],[-96.3122300003176,33.70630399999375],[-96.31272999990978,33.70566899997046],[-96.31276900026785,33.70560800020362],[-96.3132870003017,33.704852000355025],[-96.31345899983083,33.70460199999286],[-96.31418299972901,33.70363399997209],[-96.3148859997108,33.702695999725435],[-96.31538500037641,33.701586000303976],[-96.31559399971545,33.70123000034032],[-96.31574500022651,33.7009740001851],[-96.31587200044812,33.700756999762696],[-96.31602700025883,33.70051100001916],[-96.31633799970513,33.70001500005922],[-96.31662099956235,33.69970800021327],[-96.31709400028866,33.69919599978501],[-96.31725900014511,33.698565000202265],[-96.31837800005351,33.697117999781675],[-96.31875899982002,33.69675299997422],[-96.31964099990194,33.69639400014595],[-96.31991500043665,33.69598599981077],[-96.32028199995946,33.69570300010368],[-96.3206100000225,33.69541300009185],[-96.32084100000118,33.69527399983195],[-96.32109799991915,33.69510200016159],[-96.32160400025744,33.69489200001903],[-96.3221520004285,33.69470499995129],[-96.3224119998212,33.69472100035669],[-96.3226160000357,33.69470599997672],[-96.32347300000328,33.694603000286335],[-96.32432099975001,33.694515000141074],[-96.32564999972071,33.69429899987806],[-96.32665200035156,33.69417299972301],[-96.32742999977808,33.694091000080476],[-96.32807599985847,33.69415799999479],[-96.32935899979837,33.693959000163346],[-96.33119199955921,33.693638999862486],[-96.33291700026332,33.69315799974936],[-96.33361100002428,33.69286099978948],[-96.33396800039965,33.692698000213234],[-96.33422899961724,33.692580000354646],[-96.33460400043431,33.692365999817575],[-96.33493199959904,33.692079999979256],[-96.33577299967308,33.69101400021436],[-96.33605800007844,33.69075500005086],[-96.3363650002251,33.69047599985865],[-96.33776399961766,33.689080000169454],[-96.33832900040551,33.68862400011897],[-96.33875600020276,33.68831599983706],[-96.33912400044878,33.6881400000347],[-96.33928900030524,33.68807400001587],[-96.33956499959145,33.68801399981891],[-96.33975499956222,33.68801900033523],[-96.33985400019475,33.68799700030361],[-96.33999200028701,33.68789299994209],[-96.34014299989975,33.68772799969958],[-96.34032000035006,33.68765099967734],[-96.34106299961651,33.687288000245154],[-96.34184500013932,33.68700799989521],[-96.34226600008881,33.68684300019622],[-96.34256800021261,33.686755000326954],[-96.34346199999011,33.68664499998987],[-96.34542000032272,33.686343000080285],[-96.34609700036523,33.68627100018283],[-96.34685899989825,33.6862160000959],[-96.3488900000258,33.68631400025343],[-96.35056600032611,33.68657200022531],[-96.35094700009262,33.6866759999428],[-96.35193299993162,33.687027999950466],[-96.35202499999312,33.687032999776655],[-96.35216300008537,33.687022000009144],[-96.35239999991184,33.68695100004862],[-96.35265600000488,33.68689599964937],[-96.35322799956712,33.68686200017318],[-96.35408899973264,33.68698300000648],[-96.35563399961339,33.687493999845444],[-96.35677699981122,33.68792699975789],[-96.35784300001616,33.68847599995622],[-96.35811900020069,33.688706999841116],[-96.35832199969197,33.68887700016545],[-96.35840600025587,33.6889560000215],[-96.35915899956807,33.68939499981925],[-96.3593030004064,33.68941899966695],[-96.3593739996532,33.689432000048775],[-96.36022099957503,33.69023899977952],[-96.36219700034933,33.69181799986168],[-96.3625620002223,33.69232599994447],[-96.36279200037606,33.6928919997427],[-96.36291500039972,33.693334999780845],[-96.3630330004005,33.69379699971621],[-96.36313499960943,33.69421500029347],[-96.36323900026481,33.695192999765],[-96.36330000036418,33.69712099977367],[-96.36328000027271,33.69753999986848],[-96.36324699976244,33.69769800002293],[-96.36312399973876,33.69828999989117],[-96.36314899985312,33.69973500007089],[-96.36325199978529,33.70105000027575],[-96.36343400025848,33.70156699984569],[-96.36376999981914,33.70210800008137],[-96.36413399986722,33.70266500032003],[-96.36466199994682,33.70345000001896],[-96.36567899974796,33.70478200008786],[-96.36601500020694,33.70549299983926],[-96.36623399959174,33.706162999635],[-96.36631800015564,33.706713999674186],[-96.36633099967614,33.70679799974258],[-96.36634400009491,33.70688099984518],[-96.3663480002929,33.70690500003996],[-96.36645299987485,33.707356999964894],[-96.36659599998998,33.70808400023076],[-96.3665469995862,33.70845499966223],[-96.36662199992927,33.70918099974423],[-96.36679500018163,33.70945600031255],[-96.36691800020527,33.710045000317024],[-96.36695599984012,33.71058600021151],[-96.36694400014454,33.71122300016324],[-96.36699299965002,33.711343000234024],[-96.36702000031252,33.71140799973532],[-96.3670460002518,33.7114729999347],[-96.36706899981802,33.71153599967866],[-96.36709200028254,33.711598000294835],[-96.36722799982667,33.71195899975127],[-96.3677159997233,33.713227000360554],[-96.3680610004031,33.71398699966908],[-96.36844700019249,33.71492599968824],[-96.36901499955674,33.71591599982726],[-96.36958899966712,33.71680899989083],[-96.37014699988394,33.71734200017234],[-96.37084700039098,33.71799599962906],[-96.37168900028995,33.71836100032795],[-96.3722490001566,33.71870600007373],[-96.3724199998608,33.718811999985725],[-96.37259099956503,33.7189179997669],[-96.3732640003079,33.719336999636596],[-96.3741499996895,33.719987999646385],[-96.37452299995839,33.72024800031947],[-96.37456700033931,33.72027799962802],[-96.37498400009083,33.72056699965283],[-96.37525899955212,33.72075200001369],[-96.37548500040626,33.72087599984667],[-96.37572100040781,33.721244000152204],[-96.37656099975864,33.72201200012612],[-96.37670499969869,33.72215000000027],[-96.37711200030276,33.7225350002305],[-96.37771099962917,33.72312200004088],[-96.3784379999004,33.72397499978535],[-96.3784939999769,33.724083999713024],[-96.3788460003294,33.72474999995181],[-96.37915099992792,33.72526000036979],[-96.3794520002268,33.7257639997747],[-96.37946999977014,33.72487600008201],[-96.37952500002174,33.72221399983413],[-96.37953400024257,33.7217710000413],[-96.37954299956509,33.721326000025634],[-96.3795440002883,33.7212570002011],[-96.37954500011323,33.72121000007231],[-96.37954799958796,33.721096999864024],[-96.37954799958796,33.72105199983226],[-96.37955199978592,33.72098499997366],[-96.37955400033405,33.720883000133156],[-96.37955599998388,33.72078100017146],[-96.37961799990816,33.71766399986481],[-96.37978500031274,33.709345999892015],[-96.37979399963527,33.7089630000185],[-96.37980200003119,33.708579999931494],[-96.37981899974962,33.7077509996321],[-96.37981899974962,33.70770400033008],[-96.37983600036637,33.70692200029839],[-96.37988700042,33.70438399985446],[-96.37990999998621,33.703327000354435],[-96.38006300014709,33.69612199963953],[-96.38012300042153,33.693313000362636],[-96.3802330000264,33.688141000136525],[-96.38024499972197,33.687602999735354],[-96.38024499972197,33.68752799981906],[-96.38024600044518,33.68723099983678],[-96.3802470002701,33.68707600021356],[-96.3802470002701,33.68704599977197],[-96.38020999956188,33.68277399996404],[-96.3801700002772,33.67839899973763],[-96.38015100001063,33.676087999965866],[-96.38015000018572,33.67586599977093],[-96.3801979998663,33.67360800012157],[-96.38037699996644,33.66444300004759],[-96.3805219997314,33.65739100011134],[-96.38059100022669,33.65408400002573],[-96.38060000044752,33.65364399965578],[-96.3806280000366,33.65232499977455],[-96.38063800008236,33.65188599990843],[-96.3807109998773,33.64981199968218],[-96.38092799961225,33.64367400022357],[-96.38093600000819,33.64358399981383],[-96.38094400040411,33.64349300018463],[-96.38101600037412,33.64151799990449],[-96.38105700038201,33.64039799977962],[-96.3811839997053,33.637041000092566],[-96.3812260004364,33.63592200003407],[-96.38125800022345,33.63482299987363],[-96.38127900013986,33.634085000296565],[-96.38129000001051,33.633724999886304],[-96.38131699977468,33.63256400012921],[-96.38134699991193,33.631339000285124],[-96.38141899988192,33.62857600020217],[-96.38144499982121,33.62761899985997],[-96.38149500004992,33.626741000254086],[-96.38151099994344,33.626436000012696],[-96.38156299982198,33.6255229997053],[-96.38158000043875,33.62521899972519],[-96.38158299991348,33.625176999870035],[-96.38158700011142,33.625138000253244],[-96.3815920001343,33.62507399994251],[-96.3815929999592,33.62505100018153],[-96.38159700015719,33.62500900024441],[-96.38159799998208,33.624937999965745],[-96.3815999996319,33.624866999628615],[-96.38160200018004,33.62475999971585],[-96.38160399982985,33.624698000055155],[-96.38162399992136,33.623809000230786],[-96.38164400001283,33.62294899971411],[-96.3816840001958,33.62114200032807],[-96.3817050001122,33.62025399986289],[-96.38171099995998,33.619971000075516],[-96.38173100005149,33.61912200037325],[-96.38173799972417,33.618840000019915],[-96.38174299974705,33.61865799999162],[-96.38181499971707,33.61620499977906],[-96.38188900023522,33.613732000185905],[-96.38204999989371,33.60830200029717],[-96.3821279997115,33.60566799991869],[-96.38212900043472,33.60560999974507],[-96.38213000025964,33.605588999904775],[-96.3821339995593,33.60543899993485],[-96.38213600010744,33.60538199992279],[-96.38215700002382,33.60467999999174],[-96.38220100040476,33.603214999631284],[-96.38221999977301,33.602576000270645],[-96.3822409996894,33.601875000296744],[-96.38224200041262,33.601797999766475],[-96.38224900008534,33.601568999979364],[-96.38225199956005,33.60149300028481],[-96.3822540001082,33.601371000339704],[-96.38226300032905,33.60100900018583],[-96.38226599980378,33.600887999923735],[-96.38226599980378,33.600838999849664],[-96.38227000000174,33.600692999830336],[-96.38227099982664,33.60064500001602],[-96.38228099987238,33.60019499970899],[-96.38231299965943,33.59884600005472],[-96.38232400042841,33.59839699973574],[-96.3823300002762,33.59808600004083],[-96.3823520000175,33.59715300021336],[-96.38236000041343,33.596843000188436],[-96.38236000041343,33.596780000233046],[-96.38236399971305,33.596593999846704],[-96.3823660002612,33.5965320001276],[-96.3823660002612,33.59652199968601],[-96.3823660002612,33.59648499991258],[-96.38237299993389,33.595254000142255],[-96.38238600035268,33.593204999865605],[-96.38238600035268,33.59313200015969],[-96.3823870001776,33.59306000010219],[-96.3823949996752,33.59156400011047],[-96.38240300007111,33.590334000192776],[-96.38240300007111,33.590250000139065],[-96.38240399989603,33.58999999972683],[-96.38240499972093,33.58991699984285],[-96.3824089999189,33.58928499975727],[-96.38242200033768,33.58739200023428],[-96.38242700036058,33.58672000004196],[-96.38244499990391,33.58351300031398],[-96.3824859999118,33.57664299973778],[-96.3825069998282,33.57377099989434],[-96.3825069998282,33.5737379998303],[-96.38252699991968,33.571017000065204],[-96.38253000029272,33.57052399989394],[-96.3825350003156,33.56974400002871],[-96.3825369999654,33.56943800025857],[-96.38254600018625,33.568025000219954],[-96.38255799988181,33.56618300029491],[-96.38256700010265,33.5650969999515],[-96.3825699995774,33.56463700022201],[-96.38257499960025,33.56403299970057],[-96.38257499960025,33.56395899997081],[-96.38257999962312,33.56325599974949],[-96.38258399982108,33.562795999944306],[-96.38258899984397,33.562132999741706],[-96.3826039999126,33.5601450001258],[-96.38260999976036,33.55948299988237],[-96.38260999976036,33.559432000048886],[-96.38261099958525,33.55928099982223],[-96.3826120003085,33.55923099997153],[-96.38263200039997,33.556781000278924],[-96.38268599992831,33.55019799998623],[-96.38273399960892,33.549437000307826],[-96.38289000014284,33.54699500030803],[-96.38288900031793,33.54696799971161],[-96.38287500007422,33.546735999674446],[-96.38282999986838,33.5459690001651],[-96.38281599962467,33.54571300022699],[-96.38280700030217,33.54556900030286],[-96.3827600004465,33.54475200017326],[-96.38282900004347,33.542436000316634],[-96.38287000005135,33.541090000253355],[-96.38289199979266,33.53954699980576],[-96.38292199992989,33.53747599994479],[-96.382993000075,33.53399899998804],[-96.38299600044805,33.53260099997725],[-96.38299800009787,33.53178800025313],[-96.3829789998313,33.53068100024941],[-96.38296299993777,33.529698000024155],[-96.38292399957972,33.52943699983127],[-96.3828869997698,33.528377000310215],[-96.38288000009709,33.52805800000319],[-96.38287699972403,33.527948999649695],[-96.38287400024932,33.5278399999076],[-96.38281399997486,33.52552600022608],[-96.38281399997486,33.52550300013529],[-96.38279899990624,33.5245780002054],[-96.38279800008132,33.524547000327864],[-96.38279600043153,33.524454999635395],[-96.38279600043153,33.52442500021874],[-96.38279800008132,33.524107999830456],[-96.38280700030217,33.52315600016119],[-96.38281099960183,33.522839000363824],[-96.38282800021857,33.52096999966287],[-96.382880999922,33.51536300015638],[-96.38290000018856,33.513493999700955],[-96.38290600003637,33.51328699982752],[-96.38292500030295,33.5126730002242],[-96.38293399962544,33.512470000210556],[-96.3830359997327,33.5124749996816],[-96.3830480003266,33.51202000019416],[-96.38305800037232,33.511647000197605],[-96.38314299986286,33.50860599977065],[-96.38317399982498,33.5076749999702],[-96.38299100042518,33.50376299990934],[-96.38293199997563,33.50236600032167],[-96.38283700043941,33.50010799998373],[-96.38288900031793,33.49817699973554],[-96.38292699995277,33.496780999965],[-96.38294700004424,33.49603200009603],[-96.3830070003187,33.49378599992721],[-96.38302800023509,33.49303899985712],[-96.38303499990779,33.49286600011928],[-96.38305800037232,33.49234500007662],[-96.38306599986991,33.49217399995876],[-96.38306699969485,33.492022999867544],[-96.38307099989282,33.49175300017916],[-96.38308099993854,33.49162400008078],[-96.38308599996142,33.4915729999192],[-96.38309900038021,33.49142399980384],[-96.38313100016725,33.49104500009466],[-96.38316399977923,33.48989400008244],[-96.38322400005369,33.48785200025107],[-96.38323400009942,33.4872510001837],[-96.38323800029738,33.48646499983891],[-96.38325199964278,33.485299999725335],[-96.38327099990936,33.483769000223226],[-96.38328099995508,33.48298800017218],[-96.38331100009232,33.48141399988572],[-96.38334100022955,33.47985600006181],[-96.38337100036678,33.47881700000311],[-96.38341099965142,33.47475899970546],[-96.38341300019957,33.47452500013846],[-96.38341499984939,33.474352000135475],[-96.38343400011597,33.47285800000639],[-96.38345900023032,33.47199799968922],[-96.38346599990302,33.471735000077715],[-96.38348799964432,33.470944999826905],[-96.38349600004024,33.47068400002144],[-96.38349699986516,33.47062599987462],[-96.38350199988803,33.47045599997015],[-96.38350400043618,33.470399000050925],[-96.38350400043618,33.470376000296426],[-96.3835069999109,33.470309000259924],[-96.38350799973581,33.47028700011359],[-96.38350799973581,33.470256000272634],[-96.38351100010885,33.470168999982896],[-96.38351199993377,33.470140000116714],[-96.38351699995664,33.46995799988216],[-96.38351699995664,33.46991099974713],[-96.3835200003297,33.46922600029118],[-96.38352199997951,33.46899899979783],[-96.38353000037544,33.46871000018112],[-96.383542000071,33.468289999914795],[-96.38355999961435,33.467843999705366],[-96.38357200020822,33.467555999647715],[-96.38361300021612,33.466544999628304],[-96.38362900010964,33.466183000272736],[-96.38365099985094,33.46539300037076],[-96.38370699992744,33.46396200034536],[-96.38371899962301,33.463509999837875],[-96.38374899976023,33.46249399973053],[-96.38374899976023,33.46245200015577],[-96.3837529999582,33.46230800028159],[-96.38375399978312,33.46226099974525],[-96.38376399982886,33.461764999994],[-96.38379700033911,33.46027799994815],[-96.38380800020978,33.45978299984617],[-96.3838109996845,33.45967099968082],[-96.38381999990534,33.45933900034796],[-96.3838230002784,33.45922800011813],[-96.38382800030126,33.4590479997269],[-96.38382800030126,33.458993000074116],[-96.38383400014905,33.45829499975947],[-96.38383599979886,33.458061999730575],[-96.383838000347,33.45774400010564],[-96.38384500001972,33.45679100001628],[-96.38384800039276,33.45647400001801],[-96.38384900021767,33.45630300029428],[-96.38385500006544,33.455792000197185],[-96.38385699971526,33.45562199967913],[-96.38386199973814,33.455130999953134],[-96.38386699976103,33.45492600032551],[-96.38389799972316,33.45284499980747],[-96.38390100009619,33.45264199969328],[-96.3839089995938,33.45215100033237],[-96.38391899963955,33.451285000075664],[-96.38394999960168,33.44868699988753],[-96.38395999964743,33.447899999881145],[-96.38396100037066,33.44782200016111],[-96.38396600039351,33.44733199964282],[-96.38398300011197,33.44586200021814],[-96.38398499976178,33.4456850003126],[-96.38398899995974,33.44537299979036],[-96.38400099965531,33.44466699986174],[-96.38404000001337,33.442550999985464],[-96.38405300043216,33.44184600028749],[-96.38405599990689,33.441629999654545],[-96.38406799960246,33.44098399971614],[-96.38407199980043,33.440769999880374],[-96.3840829996711,33.440536999991416],[-96.38408799969395,33.43974900026977],[-96.3841039995875,33.437474000367615],[-96.3841039995875,33.436540999862764],[-96.3841050003107,33.4359750002703],[-96.3841050003107,33.43556099980668],[-96.3841050003107,33.43550500021884],[-96.3841050003107,33.435318999855916],[-96.3841039995875,33.43529100036324],[-96.3841050003107,33.43521099972822],[-96.38410600013562,33.435185000274366],[-96.3841039995875,33.43515199980304],[-96.38409799973968,33.435052999812946],[-96.38409600008987,33.43502100007973],[-96.38409000024208,33.43492500005968],[-96.38407400034856,33.43463700011197],[-96.38406900032568,33.43454199971135],[-96.38405500008199,33.434309999637314],[-96.38405500008199,33.43421200023403],[-96.38406500012772,33.43322399963936],[-96.38406900032568,33.43289499971142],[-96.38407199980043,33.43278600025093],[-96.38408100002125,33.43246499995777],[-96.38408500021922,33.432359000165405],[-96.3840829996711,33.432236999862205],[-96.38408000019633,33.43187399964789],[-96.38408000019633,33.43175300023862],[-96.38408600004412,33.43149300023717],[-96.38409299971683,33.431253999684316],[-96.38410600013562,33.430715000234265],[-96.38410899961033,33.430629000093035],[-96.3841050003107,33.43045700030464],[-96.38410100011274,33.4303289997702],[-96.38409000024208,33.429947000227244],[-96.38408699986904,33.42981999978896],[-96.38408600004412,33.429780999682],[-96.3840829996711,33.4296640000057],[-96.38408199984616,33.4296249998287],[-96.38408799969395,33.429599000200724],[-96.38410699996052,33.4295620001977],[-96.38412799987692,33.4295190003162],[-96.38413799992266,33.42946399993111],[-96.38415399981619,33.42940200028672],[-96.38416100038718,33.42934900003565],[-96.38418499977833,33.42884799968466],[-96.38424900025076,33.42741899965522],[-96.3842609999463,33.42722200004152],[-96.38426599996917,33.427136000187964],[-96.38427000016713,33.4270749997607],[-96.38428100003779,33.42696900013302],[-96.38430199995419,33.42688199989632],[-96.38432700006854,33.42657800032349],[-96.38434700016005,33.42629500036365],[-96.38435399983273,33.426203999640066],[-96.38433399974124,33.42619499987639],[-96.38434700016005,33.425941999973595],[-96.38434700016005,33.425798000209284],[-96.38434600033511,33.42548700029911],[-96.38434600033511,33.42420800030278],[-96.38434799998494,33.42351600000764],[-96.38434899980986,33.423323999901655],[-96.38435300000782,33.42274900021517],[-96.38435499965763,33.4225580000948],[-96.38434999963476,33.42229099974427],[-96.3843379999392,33.42148999976435],[-96.38433399974124,33.42122299987832],[-96.38434200013715,33.42065899977046],[-96.38436899990133,33.41896800018239],[-96.38437800012218,33.41843900022326],[-96.38437800012218,33.41840600013317],[-96.38437700029726,33.418329000374094],[-96.38437700029726,33.41809799993743],[-96.38437800012218,33.418023000374355],[-96.38438599961978,33.41761700017542],[-96.38440499988634,33.416652000155295],[-96.38449100010008,33.41253999964822],[-96.38451700003937,33.41128000008372],[-96.38451799986426,33.41117000016476],[-96.38453100028303,33.41000600016147],[-96.38457499976566,33.406518000266374],[-96.38458999983428,33.40535499979776],[-96.38458300016158,33.40511899968271],[-96.38456499971991,33.40441099999042],[-96.38455999969705,33.40417500031068],[-96.3845549996742,33.4040040002566],[-96.3845429999786,33.403494999682465],[-96.38453899978064,33.403325000193696],[-96.38453399975779,33.40320300033788],[-96.38454600035166,33.40222499974098],[-96.38458800018445,33.39892699973036],[-96.38460200042815,33.39782600013072],[-96.38467299967495,33.39756400034419],[-96.38473700014735,33.3969560003611],[-96.38475600041396,33.39678800028674],[-96.38468000024596,33.3966990003523],[-96.38467000020023,33.39665800015806],[-96.38466099997939,33.396619999887584],[-96.38462099979641,33.39645600034539],[-96.3846190001466,33.396330000157576],[-96.38461699959844,33.39611400026777],[-96.38461599977356,33.39605599976152],[-96.3845980002302,33.39458199992036],[-96.38458700035953,33.39368900008987],[-96.38458599963634,33.39362500012261],[-96.38459300020733,33.392353000371656],[-96.38458800018445,33.392177999675084],[-96.38458700035953,33.391621999782664],[-96.38458700035953,33.391028000368486],[-96.38458700035953,33.390871999902394],[-96.38457599959058,33.389956999940615],[-96.38456999974278,33.38940299972059],[-96.38457300011584,33.389248999720074],[-96.3845849998114,33.38879499965041],[-96.38458900000936,33.38864299971849],[-96.38459300020733,33.38850699971202],[-96.38458200033668,33.38765899976974],[-96.38454499962843,33.3847139996807],[-96.38453299993289,33.38373200002567],[-96.38453700013083,33.38223800030243],[-96.38454999965131,33.37775500019668],[-96.38454999965131,33.37763800020191],[-96.38455399984927,33.376624999866216],[-96.38456100042028,33.37626199976902],[-96.38457899996362,33.3760670003436],[-96.38458399998649,33.37584799970602],[-96.38459200038241,33.375481000220184],[-96.3845970004053,33.375285999793896],[-96.3845970004053,33.375270000170396],[-96.3845980002302,33.375222999758954],[-96.38459900005512,33.375208000101075],[-96.38459900005512,33.375187999803146],[-96.38459999988004,33.375129000360204],[-96.38460099970494,33.37511000002244],[-96.38458900000936,33.374158000370784],[-96.3845549996742,33.37130399970781],[-96.38454399980353,33.37035299969474],[-96.38454399980353,33.37032200016384],[-96.38454600035166,33.370226999935355],[-96.38454700017658,33.370197999679135],[-96.38454899982638,33.36926599969657],[-96.38454999965131,33.36883099978536],[-96.38453799995575,33.368633000047055],[-96.38453700013083,33.368438000023495],[-96.38452600026017,33.36692200005694],[-96.38452399971204,33.36670100025239],[-96.38452399971204,33.366473000093116],[-96.38452500043526,33.3659980001556],[-96.38452200006222,33.36567799996769],[-96.38452600026017,33.365542000056614],[-96.38452500043526,33.36536499998639],[-96.38451100019157,33.3625460002596],[-96.38451000036665,33.361825000247585],[-96.38451000036665,33.36117900018272],[-96.38451100019157,33.35906300018194],[-96.3845210002373,33.35830800000139],[-96.3845210002373,33.35664000027572],[-96.3845210002373,33.356297999662196],[-96.38451100019157,33.354464000050996],[-96.38450799981852,33.354134000275465],[-96.3845069999936,33.35338900013818],[-96.38449100010008,33.353015000331425],[-96.38448100005434,33.351843000003434],[-96.38444000004644,33.35051400007534],[-96.38442199960478,33.35025799964285],[-96.38441400010718,33.34889499978295],[-96.38443599984848,33.34610700003929],[-96.38444500006932,33.34543799979249],[-96.38444500006932,33.34458399973405],[-96.38446099996284,33.34382999963097],[-96.38446099996284,33.34355700001514],[-96.38445900031303,33.34282199991264],[-96.38446799963553,33.34213599987336],[-96.38448400042739,33.3419320002808],[-96.38449500029805,33.34181300017268],[-96.38449100010008,33.34174999991716],[-96.38448899955193,33.341337000365556],[-96.38449000027516,33.34132099975295],[-96.38450000032091,33.341202000310886],[-96.38449500029805,33.34111899973977],[-96.38264699957027,33.34131499980392],[-96.37710599955668,33.34190399996097],[-96.37585699995194,33.34203899967788],[-96.37526000027536,33.342103999689286],[-96.37378499981651,33.34228400010271],[-96.36936000023655,33.34282599980949],[-96.36880899969243,33.342894000279486],[-96.3678859996026,33.34300699982837],[-96.36758400037712,33.343043000317984],[-96.3666810003788,33.34315300013748],[-96.36638099990485,33.3431900001615],[-96.36487299983403,33.34337300011012],[-96.36034899962156,33.34392700008284],[-96.35884200027395,33.34411300023698],[-96.35857399958704,33.34414499968281],[-96.357916999636,33.344225999704946],[-96.35714400023234,33.344320999801646],[-96.35705899984353,33.34433100012175],[-96.35698500022367,33.34434000010869],[-96.35601399955499,33.34445899976536],[-96.35568899986498,33.344499000225156],[-96.35556400019149,33.34451399992377],[-96.35543899961971,33.34452900037031],[-96.35532999983978,33.34454299973413],[-96.35522100005983,33.344556000267005],[-96.35514499989186,33.344565000230695],[-96.35466899969079,33.344622999807676],[-96.35422099997712,33.344677999862505],[-96.35349399970588,33.34476600017815],[-96.35336900003244,33.34478000025431],[-96.35081400002322,33.34509299997495],[-96.34996299990344,33.34519800009674],[-96.3490160004225,33.34531199997844],[-96.34779000038398,33.345463999838614],[-96.34617699983286,33.345661000195726],[-96.34523100017684,33.345777000102295],[-96.34472900003651,33.34583799981645],[-96.34322400033872,33.346021000203514],[-96.34272300002331,33.34608300005874],[-96.34246299973232,33.34611399996985],[-96.34168299975762,33.34620999981808],[-96.34165500016853,33.34621499986985],[-96.34142300036494,33.346243000304305],[-96.34076700023883,33.346323000316836],[-96.33880200023354,33.3465620003573],[-96.3381469999323,33.346642999631925],[-96.33748599978333,33.346721999722675],[-96.33550400005957,33.34696400032407],[-96.33484399973548,33.34704699982654],[-96.33425799992956,33.3471180001519],[-96.33249999961349,33.34733299987499],[-96.3320419998541,33.34739000031286],[-96.33191499963247,33.34740599981032],[-96.33107600010656,33.34750199973489],[-96.32856100028035,33.34779099991634],[-96.32778399978042,33.34788099991979],[-96.32772500022918,33.347898999909305],[-96.32739899981594,33.347952999855515],[-96.32684999981994,33.34802400019243],[-96.32641999964962,33.34808699966082],[-96.32629499997616,33.34810599989651],[-96.32619500041704,33.34812099972423],[-96.32609499995962,33.34813500001132],[-96.32594799964652,33.34815999971439],[-96.32549800028303,33.34822700023392],[-96.32370900000481,33.34849700011384],[-96.32311300015316,33.34858799967071],[-96.32307200014527,33.34859300033629],[-96.32295099977145,33.34860999989564],[-96.3229109995885,33.34861699962491],[-96.32274499990713,33.348637000027644],[-96.32231800010986,33.34869900027132],[-96.32176900011387,33.34877300009283],[-96.32159000001373,33.34879800036307],[-96.32018999989795,33.34897599988871],[-96.31938700035704,33.349104999734806],[-96.31834399971831,33.34924800024835],[-96.31816999964104,33.349272000106836],[-96.31808900034851,33.3492750001825],[-96.31805599983824,33.349275999707416],[-96.31767199969867,33.34932299987802],[-96.31731600004649,33.349365999676536],[-96.31719999969557,33.34938100003759],[-96.31698100031076,33.34940900020428],[-96.31632500018463,33.34949100010468],[-96.31610699972644,33.349521000030656],[-96.31608400016023,33.34952400009773],[-96.31524899993396,33.34962300000177],[-96.3152099995759,33.34962600006534],[-96.31412900020065,33.349737000092944],[-96.31297400030726,33.349869000367406],[-96.31261299973391,33.34992599989539],[-96.31251999984748,33.349941000159895],[-96.31238400030335,33.349963000042926],[-96.31211399996663,33.35000999984266],[-96.31163600011575,33.350121000131004],[-96.31141199980975,33.35014900005976],[-96.31114300019625,33.35014499974889],[-96.3110629998303,33.35013800014241],[-96.31094400000461,33.35014299996855],[-96.31047600019949,33.35015999997566],[-96.31031999966555,33.350180000023926],[-96.30999800034859,33.350210999977],[-96.30980400017982,33.350223999663584],[-96.30972800001184,33.35023100001356],[-96.30928000029819,33.35029299987246],[-96.30739800013356,33.35058100028402],[-96.30534799973942,33.350892999904914],[-96.29945600009654,33.35151100029756],[-96.29541300010801,33.35193600030426],[-96.29445499985808,33.352083000141455],[-96.29298299977229,33.352275000075586],[-96.29283600035751,33.352294000147666],[-96.2925609999979,33.35232600033866],[-96.29218500025424,33.35236999964413],[-96.29200799980394,33.352389999935006],[-96.28198399958575,33.35372700002976],[-96.28195599999667,33.35373100017604],[-96.27883600009795,33.354134000275465],[-96.2784379997147,33.35418699988717],[-96.27705699986547,33.354351000364225],[-96.27677599965808,33.35439900026238],[-96.25189299956295,33.35756399975471],[-96.25188000004248,33.35756600011484],[-96.25025599962069,33.35777600015827],[-96.24168599994496,33.35911599979354],[-96.24166300037874,33.359113000057036],[-96.23969199962735,33.35938000020947],[-96.2396459995966,33.3593869998231],[-96.23943399988448,33.3594149997725],[-96.2287050000347,33.36082800036673],[-96.22840600028395,33.36086699991598],[-96.22835299968219,33.36087400016027],[-96.22813699977212,33.36090199963129],[-96.22802100031949,33.360917000255235],[-96.2143220003588,33.362715999966554],[-96.21430999976492,33.362717000087414],[-96.21420500018294,33.36273800037218],[-96.21334999986517,33.36285000030471],[-96.21287700003717,33.362912000178575],[-96.20624499970427,33.363785000319496],[-96.20526399988813,33.36391500008369],[-96.20070500041388,33.364516000099094],[-96.19640999963195,33.365083000287854],[-96.19026299972096,33.36589200027997],[-96.1893580000728,33.36601099973508],[-96.18933999963113,33.366012999901045],[-96.18611799962518,33.366436000211664],[-96.17790500032483,33.36751900004601],[-96.1778619997688,33.36752499968957],[-96.1666109996872,33.369008000306565],[-96.16612299979057,33.36907299968706],[-96.15730899971739,33.3702330001424],[-96.15176400040413,33.370963999762],[-96.1517069996044,33.37097199997016],[-96.14671999960966,33.37163000031868],[-96.13667100017543,33.37291900024467],[-96.1366410000382,33.372923000258986],[-96.12538599975866,33.37444299986841],[-96.12525100003943,33.37445999962991],[-96.12525100003943,33.37454899982757],[-96.12196899975902,33.37495600021159],[-96.1219539996904,33.374957000191756],[-96.12064800018425,33.37511000002244],[-96.11214600028057,33.376242999678844],[-96.11211399959521,33.3762480002557],[-96.09489700025088,33.37854599971856],[-96.0869719999323,33.37960599975081],[-96.08694000014525,33.379610000207656],[-96.0851330003237,33.379851000202194],[-96.08502700001848,33.37986599980938],[-96.08243199982633,33.38019900002421],[-96.07452199957639,33.38125200005645],[-96.06951000036558,33.381919999647664],[-96.06876399982778,33.38201900020264],[-96.06198199970704,33.38292200028897],[-96.06116499992244,33.38303199996442],[-96.05623499982912,33.38368800007635],[-96.05271099969937,33.38415800005417],[-96.04985399956638,33.38453999997745],[-96.049840000221,33.384541999717406],[-96.03580899999928,33.386411999688065],[-96.0355980001121,33.386439000092246],[-96.02686400040484,33.38758599984884],[-96.02611100019433,33.38768599978658],[-96.01836199960287,33.38871600025188],[-96.0121200001556,33.38954699982498],[-96.01207999997263,33.38955199963677],[-96.01015000012742,33.389808999778],[-96.00817799955111,33.39004200005191],[-96.00024700028307,33.39097700029018],[-95.99197899983284,33.39206299990407],[-95.99195399971846,33.39206600000438],[-95.98374899991573,33.39314399984469],[-95.98363000009003,33.39315999992947],[-95.9777209998304,33.39393600013116],[-95.97770900013484,33.39393699989305],[-95.97758399956305,33.393955000105244],[-95.97287799977572,33.39457299987969],[-95.95526600042116,33.396886999660055],[-95.9517489999641,33.39734999996687],[-95.95171200015417,33.397355000079806],[-95.95170100028352,33.397355999802414],[-95.93932700009555,33.398981000255105],[-95.93910000031481,33.399012000068936],[-95.9390350000175,33.39901999994656],[-95.939019000124,33.39902200010333],[-95.93893799993315,33.39903299983984],[-95.93584599962348,33.39943899991201],[-95.93581100036172,33.39944300020621],[-95.93577500037671,33.39944800019873],[-95.93036099968641,33.40015899965684],[-95.92467099970989,33.40090599984532],[-95.9246230000293,33.40091400029849],[-95.92459299989208,33.40091799977483],[-95.9191029999321,33.40163899968694],[-95.9190550002515,33.40164499997626],[-95.91900699967262,33.401651999938295],[-95.90711700008166,33.4032149999502],[-95.90707299970072,33.40322100013069],[-95.90452000023966,33.403556000176685],[-95.90436600025387,33.40357700034923],[-95.88287199967098,33.40640200035573],[-95.88275000037056,33.40641800024916],[-95.88237799992655,33.40646700027945],[-95.87901799982832,33.406908999671025],[-95.87524099997857,33.40735899967297],[-95.85872300041805,33.40952999998528],[-95.85870199960335,33.41119900025234],[-95.85862100031082,33.41550599963662],[-95.85860500041728,33.416320999892896],[-95.85859000034868,33.41708200026121],[-95.85856900043227,33.41787699974942],[-95.8584940000892,33.422241999644164],[-95.85841399972325,33.42652700012074],[-95.85841100024854,33.4266949996612],[-95.85840799987548,33.4268629996262],[-95.85838199993621,33.428240999866915],[-95.85834299957814,33.43031000025461],[-95.85830400011842,33.43237699991296],[-95.85827800017914,33.433755999627266],[-95.85827700035424,33.433789999932706],[-95.8582749998061,33.433895000174594],[-95.8582749998061,33.433930999778504],[-95.85826099956236,33.43461399986671],[-95.85822299992755,33.43666600017171],[-95.85821100023199,33.43734999973527],[-95.85820700003403,33.43753800026196],[-95.85819600016337,33.43810500015726],[-95.85819299979033,33.43829499979972],[-95.85818899959236,33.438438999819745],[-95.85818100009476,33.43887199993944],[-95.85817900044492,33.43901699974409],[-95.85817199987393,33.43974300036427],[-95.85816500020124,33.44055700024129],[-95.85812900021622,33.44192700001138],[-95.85811099977457,33.44265600012012],[-95.8580930002312,33.44346100017883],[-95.8580420001776,33.44588399981692],[-95.85802600028407,33.446690999711294],[-95.85802499956084,33.446813999832735],[-95.85802499956084,33.447183999798575],[-95.85802499956084,33.447307999867576],[-95.85801200004036,33.447810999858646],[-95.85797600005534,33.44932000031864],[-95.85796500018469,33.44982399975256],[-95.85792099980377,33.45206999966235],[-95.85779299975724,33.45881299994445],[-95.85775099992445,33.46106200007228],[-95.8577479995514,33.46119300019029],[-95.8577400000538,33.4615899997853],[-95.85773800040398,33.46172200033516],[-95.85773400020602,33.46188199984662],[-95.85772400016026,33.46236500027603],[-95.85772099978723,33.46252599982115],[-95.85771999996231,33.46256399972599],[-95.85771999996231,33.462622000021994],[-95.85771999996231,33.462678999809974],[-95.85771999996231,33.46271800011658]]],[[[-95.86177800001946,33.21932999983905],[-95.86175399973,33.219565999897014],[-95.8617739998215,33.219556999810955],[-95.86175600027813,33.22161199994313],[-95.86168000011017,33.22811600007151],[-95.86164800032311,33.22943300020638],[-95.8615849996756,33.23674199964444],[-95.86156899978208,33.23878999997648],[-95.86156899978208,33.238836000309895],[-95.86156799995717,33.23891699972746],[-95.86153799981992,33.24200200014856],[-95.86152500029947,33.24356899975299],[-95.86150799968271,33.24571100032141],[-95.86149599998714,33.247221999711954],[-95.86150299965983,33.247348999984624],[-95.86150299965983,33.24746400003095],[-95.8614800000936,33.250111999631336],[-95.86147099987278,33.25231800006114],[-95.86147000004787,33.25247400007552],[-95.86147000004787,33.252540999765],[-95.86147000004787,33.252608000154424],[-95.8614519996062,33.25691000001181],[-95.8614519996062,33.25699000012568],[-95.86142099964407,33.26433299969224],[-95.8613870002072,33.27277099993061],[-95.86138300000925,33.273879000106106],[-95.86136399974264,33.27862100000104],[-95.86136000044301,33.279708000264186],[-95.8613589997198,33.27997299981133],[-95.86114399963463,33.28585600020256],[-95.86095200001401,33.2892820002401],[-95.86074799979951,33.292931999794625],[-95.86066499995883,33.294289000200116],[-95.86065900011106,33.2943929998175],[-95.86064700041548,33.294656999675574],[-95.86062499977587,33.29515199969651],[-95.86062899997384,33.29517000006754],[-95.86062899997384,33.2953439997086],[-95.86056500039973,33.29706099971211],[-95.86053600008741,33.29841400003088],[-95.86052400039183,33.29888599964242],[-95.86049599990444,33.299930000368974],[-95.86051299962288,33.300213000157925],[-95.86055399963075,33.30047199999847],[-95.86059499963864,33.30113599976372],[-95.86061100043048,33.30151300029346],[-95.86057200007241,33.30355599997766],[-95.86054500030824,33.30520700001231],[-95.86054399958502,33.305237000173584],[-95.86054000028538,33.305467000065825],[-95.86051900036898,33.31047800034798],[-95.86051099997306,33.31141700027001],[-95.86050299957714,33.312431999651274],[-95.8603450002917,33.318534000039676],[-95.86029400023807,33.32061699968656],[-95.8602890002152,33.3208089999339],[-95.86024999985715,33.32237999963408],[-95.86018600028305,33.325725000345464],[-95.86016799984137,33.32668399984646],[-95.86014199990213,33.327098000350894],[-95.86012299963554,33.32750000008965],[-95.86010300044235,33.32809400018489],[-95.86011799961265,33.32899099991321],[-95.8601639996434,33.33088899980955],[-95.8601639996434,33.33333199977798],[-95.85995600012926,33.34185900025899],[-95.85979299992265,33.34859599968493],[-95.85967999994475,33.353216999760534],[-95.85967200044715,33.3533110003231],[-95.85962499969317,33.35387399984395],[-95.85961899984538,33.353950000212016],[-95.85960200012694,33.354157000068405],[-95.85945800018692,33.355665999665355],[-95.85944800014114,33.35574199996943],[-95.85942399985171,33.35593299988786],[-95.859373999623,33.35656900021281],[-95.85930900022399,33.35785799968036],[-95.85928099973657,33.358511000071566],[-95.85926800021608,33.359245000369704],[-95.85923700025396,33.36091600011368],[-95.85923499970583,33.36103300009135],[-95.8592189998123,33.36340500024144],[-95.85922100036045,33.363708000177155],[-95.85922399983517,33.36444699991132],[-95.85923200023107,33.3658480003078],[-95.85920000044403,33.367922000068766],[-95.85918399965219,33.36833300017603],[-95.85918299982728,33.368439000078595],[-95.85918000035254,33.368616999950035],[-95.85917899962935,33.36871199968598],[-95.85916699993376,33.368847999893404],[-95.85913299959859,33.36925299985321],[-95.85912299955284,33.37013699978121],[-95.85908900011596,33.37021300020091],[-95.85919399969794,33.37250300000656],[-95.85920299991878,33.373145000012464],[-95.85923499970583,33.37382400028697],[-95.85904800010806,33.37510900004405],[-95.85903999971217,33.37617099989153],[-95.85906200035176,33.37627200017022],[-95.85912299955284,33.37686599988122],[-95.85911500005521,33.37790099998222],[-95.85907700042038,33.37928500018143],[-95.85905200030602,33.38044299963795],[-95.85898399963567,33.38044299963795],[-95.85898799983364,33.3841400000635],[-95.85897699996296,33.38463899979963],[-95.85896100006944,33.38534500033912],[-95.85892900028239,33.38674200005222],[-95.85888999992432,33.38842700022647],[-95.85884399989357,33.39043799985399],[-95.85880799990855,33.39202099998892],[-95.85872199969484,33.395814999687225],[-95.85872099986993,33.39600000019284],[-95.85870900017437,33.39929300029656],[-95.8586990001286,33.40241099976369],[-95.85869800030372,33.402750999735616],[-95.85864499970195,33.405793999971415],[-95.8587049999764,33.40866299995177],[-95.85872300041805,33.40952999998528],[-95.87524099997857,33.40735899967297],[-95.87901799982832,33.406908999671025],[-95.88237799992655,33.40646700027945],[-95.88275000037056,33.40641800024916],[-95.88287199967098,33.40640200035573],[-95.90436600025387,33.40357700034923],[-95.90452000023966,33.403556000176685],[-95.90707299970072,33.40322100013069],[-95.90711700008166,33.4032149999502],[-95.91900699967262,33.401651999938295],[-95.9190550002515,33.40164499997626],[-95.9191029999321,33.40163899968694],[-95.92459299989208,33.40091799977483],[-95.9246230000293,33.40091400029849],[-95.92467099970989,33.40090599984532],[-95.93036099968641,33.40015899965684],[-95.93577500037671,33.39944800019873],[-95.93581100036172,33.39944300020621],[-95.93584599962348,33.39943899991201],[-95.93893799993315,33.39903299983984],[-95.939019000124,33.39902200010333],[-95.9390350000175,33.39901999994656],[-95.93910000031481,33.399012000068936],[-95.93932700009555,33.398981000255105],[-95.95170100028352,33.397355999802414],[-95.95171200015417,33.397355000079806],[-95.9517489999641,33.39734999996687],[-95.95526600042116,33.396886999660055],[-95.97287799977572,33.39457299987969],[-95.97758399956305,33.393955000105244],[-95.97770900013484,33.39393699989305],[-95.9777209998304,33.39393600013116],[-95.98363000009003,33.39315999992947],[-95.98374899991573,33.39314399984469],[-95.99195399971846,33.39206600000438],[-95.99197899983284,33.39206299990407],[-96.00024700028307,33.39097700029018],[-96.00817799955111,33.39004200005191],[-96.01015000012742,33.389808999778],[-96.01207999997263,33.38955199963677],[-96.0121200001556,33.38954699982498],[-96.01836199960287,33.38871600025188],[-96.02611100019433,33.38768599978658],[-96.02686400040484,33.38758599984884],[-96.0355980001121,33.386439000092246],[-96.03580899999928,33.386411999688065],[-96.049840000221,33.384541999717406],[-96.04985399956638,33.38453999997745],[-96.05271099969937,33.38415800005417],[-96.05623499982912,33.38368800007635],[-96.06116499992244,33.38303199996442],[-96.06198199970704,33.38292200028897],[-96.06876399982778,33.38201900020264],[-96.06951000036558,33.381919999647664],[-96.07452199957639,33.38125200005645],[-96.08243199982633,33.38019900002421],[-96.08502700001848,33.37986599980938],[-96.0851330003237,33.379851000202194],[-96.08694000014525,33.379610000207656],[-96.0869719999323,33.37960599975081],[-96.09489700025088,33.37854599971856],[-96.11211399959521,33.3762480002557],[-96.11214600028057,33.376242999678844],[-96.12064800018425,33.37511000002244],[-96.1219539996904,33.374957000191756],[-96.12196899975902,33.37495600021159],[-96.12525100003943,33.37454899982757],[-96.12525100003943,33.37445999962991],[-96.12538599975866,33.37444299986841],[-96.1366410000382,33.372923000258986],[-96.13667100017543,33.37291900024467],[-96.14671999960966,33.37163000031868],[-96.1517069996044,33.37097199997016],[-96.15176400040413,33.370963999762],[-96.15730899971739,33.3702330001424],[-96.16612299979057,33.36907299968706],[-96.1666109996872,33.369008000306565],[-96.1778619997688,33.36752499968957],[-96.17790500032483,33.36751900004601],[-96.18611799962518,33.366436000211664],[-96.18933999963113,33.366012999901045],[-96.1893580000728,33.36601099973508],[-96.19026299972096,33.36589200027997],[-96.19640999963195,33.365083000287854],[-96.20070500041388,33.364516000099094],[-96.20526399988813,33.36391500008369],[-96.20624499970427,33.363785000319496],[-96.21287700003717,33.362912000178575],[-96.21334999986517,33.36285000030471],[-96.21420500018294,33.36273800037218],[-96.21430999976492,33.362717000087414],[-96.2143220003588,33.362715999966554],[-96.22802100031949,33.360917000255235],[-96.22813699977212,33.36090199963129],[-96.22835299968219,33.36087400016027],[-96.22840600028395,33.36086699991598],[-96.2287050000347,33.36082800036673],[-96.23943399988448,33.3594149997725],[-96.2396459995966,33.3593869998231],[-96.23969199962735,33.35938000020947],[-96.24166300037874,33.359113000057036],[-96.24168599994496,33.35911599979354],[-96.25025599962069,33.35777600015827],[-96.25188000004248,33.35756600011484],[-96.25189299956295,33.35756399975471],[-96.27677599965808,33.35439900026238],[-96.27705699986547,33.354351000364225],[-96.2784379997147,33.35418699988717],[-96.27883600009795,33.354134000275465],[-96.28195599999667,33.35373100017604],[-96.28198399958575,33.35372700002976],[-96.29200799980394,33.352389999935006],[-96.29218500025424,33.35236999964413],[-96.2925609999979,33.35232600033866],[-96.29283600035751,33.352294000147666],[-96.29298299977229,33.352275000075586],[-96.29445499985808,33.352083000141455],[-96.29541300010801,33.35193600030426],[-96.2954330001995,33.351459000057126],[-96.29542499980357,33.35142499979659],[-96.29538499962061,33.34155800003672],[-96.29537799994792,33.33999300019825],[-96.29539200019163,33.33240499990261],[-96.29537899977282,33.32635499966196],[-96.29535200000863,33.31333600024693],[-96.29535200000863,33.3133100003707],[-96.29533600011514,33.304997000096286],[-96.29533600011514,33.304862000044054],[-96.29532500024447,33.301473999692874],[-96.29532100004651,33.298405999913655],[-96.29531699984854,33.29548199990213],[-96.29531600002363,33.29543399982692],[-96.2953140003738,33.294451999906265],[-96.29531199982567,33.293442000072034],[-96.29530799962772,33.29250600011347],[-96.29530599997788,33.292120999759774],[-96.29530400032807,33.291408999667496],[-96.29530299960484,33.291113999798895],[-96.29530000013011,33.29047500007432],[-96.29527599984067,33.28541799968313],[-96.29527599984067,33.28527700006662],[-96.29527500001576,33.28484599999152],[-96.29526099977204,33.281835000236406],[-96.2952480002516,33.26992300022146],[-96.29522399996212,33.259058999764896],[-96.29520999971841,33.253145999669485],[-96.29520999971841,33.25310699999199],[-96.29520600041877,33.25300999990943],[-96.29506400012856,33.250114000203865],[-96.29508000002208,33.24843199986504],[-96.29508300039512,33.24817500023033],[-96.29508500004495,33.248030000085464],[-96.29508400022004,33.2480129996952],[-96.29508599986987,33.24786400028741],[-96.2950759998241,33.24577899989719],[-96.29506999997633,33.24448599968737],[-96.29529799958199,33.242865000356915],[-96.29535700003152,33.239040999933465],[-96.2953489996356,33.238330999864694],[-96.29533299974206,33.23693899993062],[-96.29529000008438,33.23307399972482],[-96.29542999982645,33.230013000247894],[-96.29542599962849,33.22994499968025],[-96.29525499992425,33.22684699987498],[-96.29515299981702,33.21970600011464],[-96.29514600014431,33.21920800001799],[-96.29510099993848,33.2182800002585],[-96.29509900028866,33.21826100029746],[-96.2950730003494,33.21772500009217],[-96.29507199962615,33.217635000302224],[-96.29505699955754,33.21611899991449],[-96.2951300002508,33.212473999752326],[-96.2952230001372,33.21031700029071],[-96.29522800016008,33.21020600020876],[-96.29523300018296,33.21006900017763],[-96.29529099990928,33.20830100034587],[-96.29531900039669,33.20612200018302],[-96.29537499957488,33.20178399974016],[-96.29539499966634,33.20020800035394],[-96.29539899986432,33.19945100032975],[-96.29545599976571,33.19259700030498],[-96.29546599981147,33.19109099986458],[-96.29547800040534,33.187525000158594],[-96.29547900023024,33.187416000250636],[-96.29547900023024,33.187280999645566],[-96.29548000005516,33.187227000247404],[-96.29548099988007,33.18671600031322],[-96.29551400039036,33.17771199989556],[-96.29550900036747,33.17769000019246],[-96.2955110000173,33.1772449997493],[-96.29556899974364,33.169220999731586],[-96.29557999961426,33.16763700016436],[-96.29566300035329,33.162740000327084],[-96.29572000025468,33.15964899989482],[-96.29572100007958,33.159569000254834],[-96.2957219999045,33.15951000010694],[-96.2957229997294,33.15944699989242],[-96.29572500027754,33.159371000098666],[-96.29572699992735,33.15925700028451],[-96.29576600028544,33.15661700018312],[-96.29579999972229,33.1543360001553],[-96.2958130001411,33.15427700024719],[-96.29581800016396,33.154227999834454],[-96.29582300018683,33.154191999697915],[-96.295813999966,33.15410800007406],[-96.29579800007248,33.15406899987216],[-96.29578800002673,33.154047000252],[-96.29577299995812,33.15398699989247],[-96.29576600028544,33.15395099965701],[-96.29575399969154,33.15390799985783],[-96.29575500041477,33.15387700012946],[-96.29575600023968,33.153811999862846],[-96.2957579998895,33.153712999734395],[-96.29578899985165,33.15253199966627],[-96.29584999995103,33.150153999663914],[-96.29585999999676,33.14975900032141],[-96.2958769997152,33.14909400014297],[-96.29588000008822,33.14897799988047],[-96.29588000008822,33.148848000311766],[-96.29588099991315,33.14854900019664],[-96.29588199973806,33.14836499996643],[-96.29588299956299,33.14817299977256],[-96.29588299956299,33.14809899988338],[-96.2958840002862,33.14784699981288],[-96.29588599993602,33.1474809996928],[-96.29588799958584,33.14709700028045],[-96.29589299960872,33.1457810000512],[-96.29589500015686,33.1453130001954],[-96.29589900035482,33.144501000006336],[-96.29589900035482,33.14439099963063],[-96.29590000017974,33.144163999643375],[-96.29590000017974,33.144102999675916],[-96.29590100000463,33.14394200017465],[-96.29590000017974,33.14376899965714],[-96.29590100000463,33.14353800031692],[-96.29590600002751,33.14277199991465],[-96.29590699985242,33.14249800007946],[-96.29590900040056,33.14217899982763],[-96.29591699989818,33.14033499987061],[-96.29591699989818,33.140172000148766],[-96.29592500029409,33.1352129999763],[-96.29592500029409,33.13515600018717],[-96.29592699994392,33.13511800030718],[-96.2959679999518,33.13393599994352],[-96.29598600039346,33.13339800031355],[-96.29604599976959,33.13167600019805],[-96.29607500008191,33.130833999630454],[-96.29617100034139,33.12785699978101],[-96.29619100043288,33.12750400029045],[-96.29612000028776,33.12137799995451],[-96.2961239995874,33.11885299967114],[-96.29609000015053,33.109460000336924],[-96.29607599990683,33.10562699994346],[-96.29606400021126,33.101971000249485],[-96.29616299994545,33.10061999990491],[-96.29615700009768,33.10048099993834],[-96.29615500044785,33.10042500029573],[-96.29616299994545,33.100378000151565],[-96.29616499959528,33.10027300001089],[-96.29616600031851,33.100186000358356],[-96.29617299999121,33.09979600028667],[-96.29618100038712,33.09919299988383],[-96.29618300003696,33.09908600032491],[-96.29618300003696,33.09878200012887],[-96.29618300003696,33.098396999785066],[-96.29618300003696,33.09782099971075],[-96.29618300003696,33.09763599987375],[-96.29618300003696,33.09740000032608],[-96.29618300003696,33.09687100027839],[-96.29623099971752,33.08867900036547],[-96.29618700023491,33.07868499999056],[-96.29618700023491,33.07804299996984],[-96.29618100038712,33.076722999888226],[-96.29619899993047,33.075403000323625],[-96.29622200039499,33.07469400025557],[-96.29624699961104,33.07394899982777],[-96.296250999809,33.073822000343995],[-96.29625199963392,33.073091999673046],[-96.29625300035715,33.07256100006335],[-96.29626300040287,33.07217300027858],[-96.29634299987052,33.06929099963647],[-96.29635700011421,33.06876900018286],[-96.29639099955111,33.067515000167745],[-96.29644900017573,33.06540999991406],[-96.29644900017573,33.064832000299084],[-96.29644900017573,33.063507000349354],[-96.29645000000065,33.06345399984613],[-96.29645000000065,33.06334800024959],[-96.29645099982555,33.063012000003006],[-96.29645099982555,33.062809999775176],[-96.29645199965046,33.06255399975211],[-96.2964530003737,33.06166799974148],[-96.2964530003737,33.06147899991747],[-96.29645400019861,33.060187000010615],[-96.29645800039657,33.057242999949],[-96.29646400024434,33.0544570000625],[-96.29652899964336,33.05209700033837],[-96.29654500043519,33.0515009998614],[-96.296623000253,33.04867600018719],[-96.29662400007793,33.04819100033971],[-96.2966299999257,33.04689499981442],[-96.2966299999257,33.046842999823],[-96.29664499999431,33.0429260000517],[-96.29665300039022,33.04114700019563],[-96.296651999667,33.04067500008849],[-96.296651999667,33.04041799966872],[-96.296651999667,33.03990400034514],[-96.2966509998421,33.03931299971789],[-96.29664599981922,33.035580999904326],[-96.29668799965202,33.030457999630755],[-96.29668900037524,33.03038000014035],[-96.29671799978924,33.02670800000204],[-96.29671799978924,33.02669000017096],[-96.29672700001008,33.02354099971897],[-96.29673600023091,33.02040099993355],[-96.29673700005583,33.02020399974724],[-96.29673799988072,33.02003500005866],[-96.29673799988072,33.01986600004611],[-96.29673899970564,33.01940600006014],[-96.29675899979712,33.0119350000251],[-96.29675899979712,33.01103399966411],[-96.29676299999508,33.00701199996307],[-96.2967649996449,33.005418999997964],[-96.29675600032239,33.0052429997574],[-96.29674000042887,33.00482899985296],[-96.29674899975137,33.00449500027903],[-96.29682999994225,33.00165100014527],[-96.29697999973008,32.99637799969118],[-96.29697600043042,32.99582100018661],[-96.29698399992803,32.99289600023501],[-96.29698399992803,32.992732999948835],[-96.29698499975295,32.992488000168116],[-96.29698499975295,32.99238599966826],[-96.29699099960072,32.9903000000356],[-96.29699200032394,32.989943999708515],[-96.29699300014886,32.989893999750784],[-96.29699800017173,32.989730999947994],[-96.29701200041544,32.989224000296666],[-96.29701300024033,32.98917800017233],[-96.29701599971509,32.989084000105734],[-96.29702599976082,32.98875300008433],[-96.29702699958574,32.98871000009973],[-96.29703599980655,32.988399999941194],[-96.29708000018748,32.98687399996451],[-96.29722699960227,32.98175199996451],[-96.29718800014253,32.9815500003247],[-96.2971939999903,32.981420000371806],[-96.29720300021114,32.981233000156024],[-96.29720400003605,32.98119799997487],[-96.29720400003605,32.98101499990009],[-96.29720300021114,32.98077299989814],[-96.29721599973162,32.97805999993163],[-96.29722099975449,32.97708899969374],[-96.29722199957939,32.97691400023281],[-96.29722400012754,32.97603199984136],[-96.29722400012754,32.975975000143535],[-96.29723300034836,32.97344299993407],[-96.29724000002106,32.97129300011993],[-96.29724099984598,32.970686000304475],[-96.29724500004393,32.969179999851725],[-96.29724500004393,32.96901800034223],[-96.29724500004393,32.96885400033147],[-96.2972490002419,32.96671000036136],[-96.29725099989172,32.96551799996079],[-96.29725300043985,32.96496399987678],[-96.29725400026476,32.964857000003086],[-96.29725400026476,32.96474999999979],[-96.29725599991458,32.96332700023602],[-96.29726299958729,32.9602499999819],[-96.29726500013541,32.95766499970931],[-96.29726799961016,32.952030000085216],[-96.29727000015829,32.948031000146436],[-96.29725799956442,32.94243000006777],[-96.29725799956442,32.942348999953644],[-96.29725799956442,32.94226799976538],[-96.29725799956442,32.941862000318764],[-96.29725799956442,32.94175399995895],[-96.29725699973949,32.941644999811054],[-96.29725400026476,32.941158000068256],[-96.29725599991458,32.941059000337454],[-96.29724199967087,32.934176999726],[-96.29727699983097,32.926180999765194],[-96.2972850002269,32.92440100003151],[-96.29728199985385,32.923287999707824],[-96.29728299967877,32.915869999900025],[-96.29728299967877,32.91394100033018],[-96.29726900033337,32.90990800011581],[-96.29726799961016,32.90988299974247],[-96.29721999992958,32.9083470002197],[-96.29721999992958,32.907994000137485],[-96.29722400012754,32.901977999821845],[-96.29720200038622,32.900325999822684],[-96.29719999983809,32.900137999878666],[-96.29717200024902,32.897961000142644],[-96.29715999965512,32.895332999894165],[-96.29716100037835,32.89372900009781],[-96.29714799995955,32.89168799966554],[-96.29712700004316,32.887873000189764],[-96.2971220000203,32.884972999934526],[-96.29715499963226,32.88362600013863],[-96.29730699996821,32.8775350001581],[-96.29731100016618,32.877341000102206],[-96.29729199989958,32.87682899969678],[-96.29727000015829,32.87532400009536],[-96.29727299963302,32.8750870003039],[-96.29728000020404,32.874318999806604],[-96.29729699992247,32.872425000085705],[-96.29729799974737,32.872361999632716],[-96.29734399977816,32.867055000272494],[-96.29733899975527,32.866699000139306],[-96.29731600018906,32.86492800009409],[-96.2973139996409,32.864829000369404],[-96.29724500004393,32.858182000164376],[-96.29724400021902,32.858095000106154],[-96.29724300039412,32.85800700011665],[-96.29723900019616,32.85766400019882],[-96.29723499999818,32.85733099975565],[-96.2972359998231,32.85728700014743],[-96.29732299986175,32.85010200033093],[-96.29732299986175,32.84846400017823],[-96.29732200003683,32.84172299977687],[-96.29348499991262,32.841668999675456],[-96.29211900013203,32.84164999985564],[-96.28752299994952,32.841584000092304],[-96.28307900010303,32.841520000343564],[-96.28292799959196,32.841517000248054],[-96.28254000015276,32.84151000002484],[-96.28041299976574,32.84147699971988],[-96.28035400021452,32.841475999687574],[-96.2789669996192,32.841455999793915],[-96.27785699993166,32.84142899966613],[-96.27554799996975,32.84137400010716],[-96.27466300041309,32.84135200012312],[-96.2701729996375,32.841291000310335],[-96.26725699995328,32.841212999857596],[-96.26510000032735,32.841157000128966],[-96.26224800021723,32.841107999865656],[-96.26198999957607,32.84110199964671],[-96.26126800022601,32.84109099999901],[-96.26088099971342,32.84108599981568],[-96.26045899993902,32.84108099963201],[-96.26015500016541,32.84107100001859],[-96.25980500036106,32.84106499979715],[-96.2589440001955,32.84104999999657],[-96.25580199965717,32.840997000278215],[-96.255550999587,32.84099200008955],[-96.2543310002946,32.84097800031456],[-96.25325300039407,32.84094000037497],[-96.25060399977524,32.84089099999188],[-96.25025499979577,32.841119000266],[-96.23467799986841,32.84114699976934],[-96.23418099975098,32.841142999625184],[-96.23242099978506,32.841126999801496],[-96.23234899981504,32.841125999765296],[-96.22748300019413,32.84104999999657],[-96.22591499984885,32.841025999857436],[-96.22545000041676,32.84100799993757],[-96.22411200022525,32.84095800030863],[-96.22035399974376,32.84081900018089],[-96.20604899988568,32.84071799988638],[-96.2032200002401,32.840676999711604],[-96.20042900022936,32.840637000314416],[-96.1989110001128,32.84060899989544],[-96.19449200038063,32.84052700018101],[-96.19439699994608,32.840525000094985],[-96.19101099990857,32.84046299967017],[-96.1908719999914,32.84046000029371],[-96.18707900024815,32.84039000022225],[-96.1776219995693,32.84027899973699],[-96.1738270001762,32.84022000003449],[-96.16766799967131,32.84012400005106],[-96.1650340000194,32.840082000308676],[-96.16341700016864,32.84005699985958],[-96.15956099977787,32.83999599991159],[-96.15699499989802,32.83995700025697],[-96.1522759996919,32.83986400014052],[-96.14436499961701,32.839536000339905],[-96.1426239999177,32.83950500016491],[-96.14137100011502,32.839547000180296],[-96.14093900029486,32.83956200023489],[-96.14082100029408,32.83956599969553],[-96.1394699996838,32.839611999895375],[-96.13782500024394,32.839578999639585],[-96.1339029997309,32.83950300005585],[-96.13063399986929,32.839440000371525],[-96.1268620000424,32.83937000025045],[-96.12523699979573,32.83933699990469],[-96.11683399962625,32.8390800001314],[-96.1158989998409,32.839093000146626],[-96.11554099964061,32.83909799968749],[-96.1136190001913,32.83912900000461],[-96.10737299964778,32.839046999677834],[-96.10349700006384,32.83898699985094],[-96.10092100013826,32.83893499971658],[-96.10060499977075,32.83893200028849],[-96.09822700021189,32.83884400016295],[-96.09808499992165,32.838840999977],[-96.09791000001948,32.8388450002249],[-96.09649800020813,32.83887699993719],[-96.09633099980354,32.83888000012191],[-96.09608099955828,32.83888699979776],[-96.09522500031393,32.838786999631935],[-96.09427999958451,32.83882399967627],[-96.09360400026522,32.83881599993318],[-96.09334499979913,32.83881100037643],[-96.09294800013909,32.8388129997463],[-96.09170799985688,32.83881800005772],[-96.09148899957376,32.83881900011991],[-96.09142300034983,32.83881900011991],[-96.09129500030333,32.83881900011991],[-96.09121999996024,32.8387799999482],[-96.08975399972222,32.83884300010098],[-96.0893999997199,32.83880399993981],[-96.08938700019941,32.83883300023545],[-96.08938200017653,32.838847000348785],[-96.08913100010638,32.83886499995212],[-96.08890599997547,32.83886399989039],[-96.08519100005002,32.83871300025189],[-96.08342100003836,32.83866600027701],[-96.0815859997294,32.838617000148226],[-96.08086100000632,32.83859700036514],[-96.0798679995963,32.838571000187564],[-96.07849299959486,32.83853500010323],[-96.078347000005,32.838530999841424],[-96.07750599993096,32.83850699977601],[-96.07746699957289,32.83850699977601],[-96.07680100029935,32.83848900010008],[-96.07647700043424,32.8384810003268],[-96.07123400034648,32.83846199982462],[-96.0670979995732,32.83846500002336],[-96.0646609995648,32.83846199982462],[-96.06366899987802,32.83846199982462],[-96.06364899978652,32.83846199982462],[-96.06353699963354,32.83846900028821],[-96.06332800029448,32.83848199963813],[-96.06305700013282,32.83849599980676],[-96.06298699981262,32.838500000070205],[-96.06294499997983,32.83850200020185],[-96.06283399965176,32.83850699977601],[-96.06251200033478,32.83850699977601],[-96.06207399976856,32.83850699977601],[-96.06203199993577,32.83850699977601],[-96.06193300020156,32.83850699977601],[-96.06175099972837,32.838458999625765],[-96.05833000042907,32.838410000137515],[-96.05824500004027,32.838409000070655],[-96.05822400012389,32.838409000070655],[-96.05815499962857,32.838408000003795],[-96.05806699976505,32.83840599987001],[-96.05805500006949,32.83840599987001],[-96.05804400019883,32.83840599987001],[-96.05797600042676,32.83840499980311],[-96.05785800042597,32.83840299966928],[-96.057774999687,32.838402000357114],[-96.0577539997706,32.838402000357114],[-96.05773899970198,32.838402000357114],[-96.05770899956475,32.83840100029017],[-96.05764499999066,32.83840000022321],[-96.05743599975328,32.838397000022276],[-96.05733299982111,32.83839599995526],[-96.0534460003665,32.83832399963018],[-96.05339500031289,32.83832399963018],[-96.05338000024427,32.83832399963018],[-96.05216699972624,32.83833599968843],[-96.05095300028161,32.83834799974501],[-96.0508129996412,32.83834699967746],[-96.04615000040988,32.838310000189146],[-96.03343800011312,32.83820900005903],[-96.03247599966524,32.83820000019131],[-96.03234900034195,32.83819900012208],[-96.03146499971189,32.838191000322674],[-96.03107399989962,32.83818700004531],[-96.03102799986887,32.83818700004531],[-96.03091300024116,32.83818499990656],[-96.03090099964726,32.83818499990656],[-96.0308880001268,32.83818499990656],[-96.03046999965204,32.838180999628975],[-96.02951499977519,32.83817199975843],[-96.02893900001501,32.8381670001654],[-96.0285719995939,32.838163999956585],[-96.02851700024063,32.838162999886954],[-96.02847299985967,32.838162999886954],[-96.02680699960511,32.838147000280934],[-96.02678700041196,32.838147000280934],[-96.02676700032045,32.838146000211104],[-96.0267499997037,32.838146000211104],[-96.02620400008075,32.838140999861835],[-96.02608299970693,32.83813999979195],[-96.02404099970873,32.8381230001117],[-96.02401599959437,32.8381230001117],[-96.01889600042857,32.838075999824454],[-96.01631600030501,32.83805299970697],[-96.01481499990689,32.838039000223205],[-96.01426400026105,32.83803399986791],[-96.01365499999062,32.83803000033825],[-96.01076199987261,32.838002999923184],[-96.01061299990971,32.83800199985175],[-96.00965300000999,32.83799400003459],[-96.00952900016141,32.837992999963035],[-96.00949499982623,32.837992999963035],[-96.00936299958174,32.837991999891486],[-96.0090300003941,32.83798899967675],[-96.00845999958342,32.837984000073426],[-96.00802699993838,32.83797999978673],[-96.0079309996789,32.83797899971503],[-96.0074860003383,32.837975000182894],[-96.00746899972155,32.837975000182894],[-96.00654800017988,32.8379670003633],[-96.00024599955985,32.837911000096454],[-95.99738199975418,32.83787100020772],[-95.99470399972132,32.83783299969289],[-95.99461400020795,32.83783200037431],[-95.99451899977339,32.837831000300945],[-95.99196899978708,32.837804999898985],[-95.99191000023586,32.83779499991659],[-95.99049800042451,32.83777800017027],[-95.99048400018081,32.83777800017027],[-95.99035600013428,32.83777800017027],[-95.99007400010196,32.83777800017027],[-95.98988300030628,32.83777900024424],[-95.98984300012329,32.83777900024424],[-95.989817000184,32.83777900024424],[-95.98979100024476,32.8377800003182],[-95.98914599998928,32.83778099963735],[-95.98796799963134,32.837777000096295],[-95.98575900012688,32.837740000370374],[-95.98572700033984,32.83774299983873],[-95.98568600033194,32.83773900029597],[-95.9819160001549,32.83773900029597],[-95.9819019999112,32.83773900029597],[-95.98166599990964,32.83773299984935],[-95.98165300038916,32.83773299984935],[-95.98163699959733,32.83773299984935],[-95.98160800018331,32.83773199977487],[-95.98150400042626,32.83772900030613],[-95.98119399990652,32.837719000315126],[-95.97909199963387,32.83765399996877],[-95.97895699991466,32.83764900034657],[-95.97887700044704,32.83772900030613],[-95.9788049995787,32.83775600004975],[-95.97870699966941,32.83776099966592],[-95.97866900003457,32.837771999726236],[-95.97864899994308,32.83777800017027],[-95.9785579997065,32.837790000302334],[-95.9784599997972,32.83776700011069],[-95.9784459995535,32.83776299981422],[-95.97838799982718,32.837746000061784],[-95.97830400016159,32.837707000173474],[-95.9782620003288,32.83765299989339],[-95.97805700028938,32.83763399996872],[-95.97804100039586,32.83763199981752],[-95.97779500034856,32.8376060001121],[-95.97640299973038,32.837593999955175],[-95.97427500041675,32.837575000017885],[-95.97214700020483,32.837556000076574],[-95.96400599997621,32.837482999747664],[-95.96009500023216,32.83744800005461],[-95.96002499991195,32.83744699997697],[-95.96001200039147,32.83744699997697],[-95.95999599959964,32.83744699997697],[-95.95996999966036,32.837445999899266],[-95.95986199970534,32.83744499982154],[-95.95973399965881,32.83744399974382],[-95.95970799971954,32.83744399974382],[-95.95749800039016,32.83742399969647],[-95.95728599977973,32.83742200029532],[-95.95716500030423,32.83742100021733],[-95.95713599999192,32.83742100021733],[-95.95700499957235,32.837420000139325],[-95.9566849999052,32.83741699990527],[-95.95635600001724,32.8374139996711],[-95.95432400006477,32.837395999773555],[-95.9529039998575,32.83738300026462],[-95.94284899967717,32.83729299995433],[-95.93864099983223,32.837254999946886],[-95.93443299998725,32.83721699992312],[-95.93499500040204,32.83771600009118],[-95.93532799958965,32.838047000036305],[-95.93535699990196,32.83827299993064],[-95.93502399981604,32.8389030000252],[-95.93482399979949,32.83938699969191],[-95.93484399989097,32.840065000245545],[-95.93493900032554,32.8403390002001],[-95.93573900039169,32.840637000314416],[-95.9365200001913,32.8406690001355],[-95.93710099997433,32.84082899982269],[-95.93730099999088,32.84106399976021],[-95.93717799996722,32.84184700033256],[-95.93810199988195,32.8429679998803],[-95.93852100018161,32.84302399997589],[-95.93893999958296,32.84277299966259],[-95.9398149999922,32.84143099973179],[-95.94030999956152,32.84108499977897],[-95.94093800009854,32.84089099999188],[-95.94145199993443,32.84093800029824],[-95.94149999961502,32.84131000020701],[-95.9413289999108,32.84186700013813],[-95.94107199999284,32.842260999691476],[-95.94104400040376,32.84250499979842],[-95.94122500015372,32.84271400010835],[-95.94150100033823,32.842729999645975],[-95.9417299997688,32.84264100024739],[-95.94193900000614,32.84245500025803],[-95.94219599992412,32.84186600011021],[-95.94243399957547,32.841566000285525],[-95.94256699964488,32.84145399972882],[-95.94279500014882,32.84134099975165],[-95.94308100037908,32.8413399997178],[-95.94319500018192,32.84149300023518],[-95.94325299990822,32.841775999816434],[-95.94324299986248,32.8421959996519],[-95.94331999985538,32.842331999819635],[-95.94352900009274,32.84242100028274],[-95.9436529999413,32.84254199980249],[-95.94350999982616,32.84281599965843],[-95.9430539997166,32.84335799978522],[-95.9429969998152,32.84382599997521],[-95.94325399973312,32.844171999809454],[-95.94335900021342,32.84447899987238],[-95.94368300007852,32.845044000231454],[-95.9440739998908,32.84518799973312],[-95.94450200041128,32.84501099973102],[-95.94504499966118,32.84474399982746],[-95.94555900039539,32.844726999902534],[-95.9465679998006,32.844984999922694],[-95.946997000146,32.84496800004392],[-95.94730099991962,32.84479700032732],[-95.94734500030056,32.84465000020167],[-95.94734899960021,32.844637000245555],[-95.94731699981315,32.84460300035144],[-95.94720600038337,32.844491999851584],[-95.94676799981714,32.84431499997086],[-95.94646300021863,32.84418599983547],[-95.9463770000049,32.843984000001385],[-95.94660499961051,32.84352399996408],[-95.94663399992284,32.84348799962429],[-95.9468139998479,32.84326600022526],[-95.94730900031554,32.84311199973124],[-95.9478130001057,32.84292599997414],[-95.94876499960952,32.84246499971554],[-95.9490319995732,32.84241600017428],[-95.94931799980347,32.8425129999638],[-95.94937600042812,32.842706999979534],[-95.94944300037527,32.84295699970915],[-95.94936600038235,32.84317399981527],[-95.94930000026012,32.84344099991346],[-95.94931000030586,32.843706999956034],[-95.94987299964725,32.84504600021565],[-95.95012000041777,32.84524599991715],[-95.95036800011488,32.84524599991715],[-95.95070100020082,32.84513400023044],[-95.9510440003325,32.84491499964618],[-95.95125400039478,32.84484200008607],[-95.95145299968809,32.8448500000408],[-95.95150999958948,32.845091999839724],[-95.95164500020702,32.845617999883856],[-95.95166299975038,32.84568900034543],[-95.95183500017784,32.84586699973297],[-95.95208299987493,32.84600400029461],[-95.9525869996651,32.8459869998563],[-95.95283400043562,32.84582399970583],[-95.9532339995704,32.84563900033457],[-95.95353900006724,32.84545299983541],[-95.95393999992521,32.84536300015998],[-95.95440500025563,32.8453710000677],[-95.95478600002214,32.84526599971155],[-95.95593900026572,32.844942000223],[-95.9564239997893,32.84494100022974],[-95.95677699996672,32.845207000305045],[-95.95713900036498,32.84580400003717],[-95.9572539999927,32.845956999651975],[-95.95766300024661,32.84596500026093],[-95.95789199967716,32.846044000292004],[-95.95801600042404,32.84623100028602],[-95.95803499979228,32.84646500028444],[-95.9578730003089,32.846739000104726],[-95.95777799987434,32.84693299993969],[-95.95796899967004,32.84774800034358],[-95.95837899974886,32.84788400030548],[-95.95867400019996,32.84821600002515],[-95.95870299961396,32.84867499994228],[-95.95836100020551,32.84967699972079],[-95.95830400030411,32.849821999944616],[-95.958485999879,32.85045099964012],[-95.95919999973142,32.850934999727365],[-95.95998200025426,32.851336999900916],[-95.96094299997888,32.85138499987877],[-95.96124799957741,32.85142499971467],[-95.9614290002257,32.85157000010077],[-95.9614579996397,32.85215899999264],[-95.96144900031717,32.85232000000654],[-95.96173499964914,32.852706999847946],[-95.96385000034059,32.85410100015423],[-95.96444100016937,32.854270000277566],[-95.96508800007467,32.85430099982319],[-95.96594500004223,32.85417899984484],[-95.96629800021965,32.85415500023762],[-95.9665069995587,32.854299999935385],[-95.96725999976923,32.855306999719446],[-95.96748900009808,32.85554099993235],[-95.96864200034165,32.8560320000078],[-95.96876600019021,32.85615299983495],[-95.96882300009162,32.856330000251525],[-95.96878499955848,32.85645099967221],[-95.96831900030146,32.85662999997198],[-95.96807099970603,32.85695200008246],[-95.96821499964607,32.857461000254176],[-95.96800499958377,32.85759099980758],[-95.9679479996824,32.85770400022237],[-95.96802499967528,32.85780800035005],[-95.96880600037318,32.85824299968593],[-95.96907300033688,32.85831600029523],[-95.96943400001189,32.85818600029506],[-95.96995799989355,32.85803200003681],[-95.97032899961432,32.85808000016561],[-95.97074899973887,32.85831300001299],[-95.97097700024283,32.85849099973337],[-95.97069299966236,32.85948199995171],[-95.9707789998761,32.860207999897085],[-95.97110299974118,32.860570999905214],[-95.9711310002286,32.860581000339614],[-95.97163699966858,32.86075699965179],[-95.9721799998168,32.86082099986387],[-95.97256999980415,32.86090900008005],[-95.97314200026466,32.86150500000082],[-95.97353300007693,32.861648999953246],[-95.97418099980712,32.86172200002325],[-95.97460000010679,32.8621079997976],[-95.97477199963592,32.8627610002222],[-95.97510999974472,32.86299099972259],[-95.97808900007644,32.86501800029666],[-95.97846099962211,32.86547700005996],[-95.97873699980663,32.86596099966019],[-95.97930900026716,32.8664040000313],[-95.98003499981517,32.866830000235815],[-95.98009099989169,32.86686300016625],[-95.98027199964164,32.86712900016313],[-95.98039600038851,32.86737899974488],[-95.9800640001275,32.86824299984403],[-95.98002599959433,32.86849300005768],[-95.98011199980806,32.86867099971983],[-95.98033100009118,32.86873500025707],[-95.98076899975909,32.86873500025707],[-95.98107400025593,32.86878299987515],[-95.98118800005875,32.86898299963903],[-95.9814650000682,32.869514999697174],[-95.98160800018331,32.869670000103554],[-95.98201800026216,32.869596000069876],[-95.98228400040094,32.869514999697174],[-95.98244599988433,32.869554999657616],[-95.98261800031177,32.86990199997192],[-95.98278999984089,32.87054800015341],[-95.98307600007116,32.870893999898826],[-95.98347699992917,32.871256999929265],[-95.98402000007738,32.87162599964662],[-95.98440099984388,32.87180300011928],[-95.98461099990617,32.87203800026041],[-95.98485899960328,32.872279999838284],[-95.98517300032096,32.872334999855966],[-95.98570700024834,32.87234300034955],[-95.98609700023567,32.87252799986765],[-95.98640299965913,32.87273800005594],[-95.98660000020094,32.873063999995054],[-95.98665100025454,32.87315000002911],[-95.98670899998088,32.873406999958384],[-95.98671900002661,32.87366599999058],[-95.98667100034604,32.87387599974665],[-95.9865480003224,32.87417500005719],[-95.98639599998643,32.874416999837614],[-95.9862820001836,32.8751209998322],[-95.98703399967089,32.8755600003595],[-95.98723700006046,32.87575199974009],[-95.98735800043428,32.87613099979984],[-95.98725899980178,32.876415000191955],[-95.9861059995582,32.87751100008088],[-95.98606899974827,32.87807599979773],[-95.98625700006924,32.878487000243965],[-95.98655900019304,32.879381999811436],[-95.98664000038391,32.879621000149584],[-95.98663500036103,32.879887999945225],[-95.98651499981212,32.88010799979117],[-95.98632700038945,32.88026299978341],[-95.98607299994623,32.8804359997272],[-95.98370399970987,32.88121699991441],[-95.9831560004371,32.8814820002659],[-95.98279999988664,32.88180799973379],[-95.98273299993949,32.882325999740246],[-95.98275300003098,32.882925000001215],[-95.98285299959011,32.88314999992858],[-95.98333499963894,32.88454200015742],[-95.9833110002478,32.884784000300826],[-95.98314399984324,32.88504399982446],[-95.98293200013114,32.885426999790376],[-95.98258200032676,32.885616999850455],[-95.98226799960908,32.885644000107895],[-95.98182699956813,32.88550499984052],[-95.98158899991674,32.88551600001617],[-95.97973900043748,32.886491000009634],[-95.97946099970481,32.88644600025768],[-95.97908999998405,32.885957999703],[-95.97884300011184,32.885992999872464],[-95.97867499988236,32.88618099966229],[-95.97830199961348,32.8861210000295],[-95.97813299955905,32.88623699963496],[-95.97782299993764,32.8870309997767],[-95.97759799980675,32.88724499988033],[-95.97736500017825,32.8875210002378],[-95.97719000027608,32.88839599997915],[-95.97711199955995,32.88887499992356],[-95.9769190001144,32.88922500003453],[-95.97688499977924,32.88948300036917],[-95.9768129998092,32.889693999856284],[-95.97695199972638,32.89000800018625],[-95.97713699967431,32.8902240003629],[-95.9773259998202,32.89071399976134],[-95.97737000020113,32.891028999721634],[-95.97732199962223,32.891057000066205],[-95.97642700001983,32.89158999987315],[-95.97634500000406,32.8918010003769],[-95.9764739998755,32.89208999991178],[-95.97668899996066,32.89236200016581],[-95.97750099972237,32.89247300034843],[-95.97760299982963,32.892868000108194],[-95.97761200005047,32.89334400016172],[-95.97737199985094,32.89378300018625],[-95.97611200037557,32.894776000050825],[-95.97582399959715,32.89465799993642],[-95.97529999971552,32.89466499973666],[-95.97494200041353,32.89487999968893],[-95.97451999974083,32.89528900028717],[-95.97428999958706,32.895736000369105],[-95.97419199967777,32.89614100010536],[-95.97421699979213,32.896504000072134],[-95.9745380001825,32.89737299991473],[-95.97456099974873,32.897606999988135],[-95.9743830003718,32.89776200029597],[-95.97414700037025,32.8978789998961],[-95.97392499971409,32.89776799969903],[-95.97349399971885,32.89765200010545],[-95.9731930003183,32.8978660001996],[-95.97282699972207,32.89817599963748],[-95.97265400036805,32.898608000363375],[-95.9726300000786,32.898865999771026],[-95.97266199986564,32.89909200008459],[-95.97345899955876,32.899396999843866],[-95.97363299963604,32.89952400011402],[-95.97374399996411,32.89986299973522],[-95.97362299959028,32.90005799963706],[-95.97340599985532,32.900197999823966],[-95.97273300001075,32.9003910002521],[-95.97211899971742,32.90073099969019],[-95.97210399964882,32.90095599965435],[-95.97274200023159,32.90144100023084],[-95.97282199969922,32.901617999988105],[-95.97285100001153,32.9016820001158],[-95.97256899997923,32.90187099990467],[-95.97253399981913,32.902080999951316],[-95.97246000019928,32.902285999749964],[-95.97243400026002,32.902359999641625],[-95.9723279999548,32.90265500000176],[-95.97231000041145,32.9027040002016],[-95.97220999995402,32.90298200009882],[-95.97194899983813,32.90370699970495],[-95.97153799993438,32.90484800014609],[-95.97043599974441,32.90790799998117],[-95.97043200044477,32.90791800035446],[-95.96843700030226,32.91345900027306],[-95.96842300005852,32.91351099969521],[-95.96841800003567,32.913529999955045],[-95.96841100036298,32.91355600002616],[-95.96813099998047,32.9146550003695],[-95.96805700036064,32.91494599990275],[-95.96801800000257,32.91506700000237],[-95.96801399980461,32.9150790002338],[-95.96751099983938,32.916583000276006],[-95.9674770004025,32.91668300019097],[-95.96747400002945,32.916693000327136],[-95.96734699980784,32.917058000374155],[-95.96685399988833,32.91848400037301],[-95.96681299988047,32.918601999656715],[-95.9667939996139,32.918655999659855],[-95.96633199965653,32.919991000321524],[-95.96607800011164,32.920724999932965],[-95.96600699996652,32.92092899965409],[-95.96598900042316,32.920978000296984],[-95.96560799975835,32.922082999741896],[-95.965590000215,32.92213400025321],[-95.9649009995786,32.92393000031464],[-95.96372200029407,32.92700599970737],[-95.96317400012298,32.92843400037131],[-95.96316900010011,32.9284489997142],[-95.96130799985187,32.934056000122084],[-95.95723899992409,32.94582500014822],[-95.9572339999012,32.94583899994862],[-95.95643600038318,32.94814700005407],[-95.95370999977146,32.95590999990118],[-95.95367899980933,32.95599799987671],[-95.95366799993866,32.95602900000998],[-95.95249499960359,32.95937300005851],[-95.95248499955785,32.95940300030625],[-95.95248000043328,32.95941799967252],[-95.95247600023532,32.95942899970873],[-95.95246399964145,32.95946300001741],[-95.9524329996793,32.95955299988464],[-95.9522350002109,32.96011600028194],[-95.95222799963989,32.960135000330524],[-95.95221799959415,32.960162999918616],[-95.95218099978425,32.960267999802355],[-95.95212700025587,32.960422000210166],[-95.95114800008956,32.96321300023308],[-95.95028799974894,32.96566000011137],[-95.95019300021269,32.96593200036745],[-95.95016200025057,32.966020000160185],[-95.9501510003799,32.966049999658416],[-95.95014600035704,32.966064000023735],[-95.95012999956518,32.96610899999846],[-95.94880800016551,32.96987600003047],[-95.94832500029177,32.97125200007135],[-95.94729199969878,32.974197999892006],[-95.94645999984556,32.97657100037376],[-95.94529999992928,32.979876999939655],[-95.94053200021766,32.98000599992801],[-95.94022000004814,32.98000699990379],[-95.94018999991091,32.98000599992801],[-95.9353019996504,32.97986900012111],[-95.93102799968318,32.97984099999691],[-95.9309800000026,32.97984099999691],[-95.93095999991112,32.97984099999691],[-95.92520600036048,32.97980500003954],[-95.92518100024614,32.97980500003954],[-95.92514199988807,32.97980500003954],[-95.9236649997794,32.979796000236256],[-95.92355000015166,32.979796000236256],[-95.92353300043321,32.97979800019261],[-95.92211200040103,32.97978699967854],[-95.91631899959404,32.97975399963511],[-95.90504900014417,32.979692000182446],[-95.9037140003257,32.97968600030603],[-95.89820299955105,32.979796000236256],[-95.8980100001055,32.979765000153364],[-95.89776800025616,32.97972900016494],[-95.89775400001245,32.97972700020701],[-95.8977220002254,32.97972200031199],[-95.89768399969226,32.97971599968404],[-95.89764699988233,32.97970999980926],[-95.89755700036896,32.97969500012054],[-95.89752300003377,32.979691000203104],[-95.89689500039503,32.979593999889225],[-95.89666799971602,32.97959599985017],[-95.8966509999976,32.97959599985017],[-95.88253899958504,32.97950500007468],[-95.8752429996284,32.97946100012474],[-95.87238800004356,32.979373000159086],[-95.87185800031413,32.97937700009092],[-95.8718349998496,32.97938200000543],[-95.86820500031294,32.97944399967576],[-95.86529399975329,32.97951399990757],[-95.86336999975586,32.97955999979284],[-95.86252100018423,32.97957100033526],[-95.86266799959897,32.98445099980706],[-95.86267199979694,32.98457099982398],[-95.8626740003451,32.984617000088626],[-95.8629789999436,32.99476000009532],[-95.8631110001881,32.999138000225145],[-95.86312899973144,32.99971200020188],[-95.86322900018885,32.99995200001173],[-95.863296000136,33.00011700002016],[-95.86330299980872,33.01002799978997],[-95.8633019999838,33.010070999932495],[-95.86330799983159,33.01878899980295],[-95.86330799983159,33.01882100002503],[-95.86330700000667,33.01893400024544],[-95.86331200002955,33.02658900025559],[-95.8633170000524,33.03263100030917],[-95.86332100025038,33.038964000338446],[-95.86332000042546,33.03920000002053],[-95.86332500044834,33.045121000257],[-95.86332500044834,33.04749700037595],[-95.86332500044834,33.04821100020767],[-95.86332600027323,33.04989199994544],[-95.86332899974798,33.053222999663696],[-95.86333200012102,33.05607999976933],[-95.86314700017309,33.05626100022542],[-95.86305799958633,33.05634699980004],[-95.86303099982214,33.06277799971889],[-95.8630209997764,33.065092000280416],[-95.86301800030166,33.06586999986975],[-95.86301199955558,33.06726200025015],[-95.86301099973066,33.0673879996781],[-95.86293100026302,33.084963999649425],[-95.86291399964627,33.08872700023914],[-95.86287799966128,33.099239999909116],[-95.86287799966128,33.09926799973615],[-95.86282599978274,33.11158700023313],[-95.86282599978274,33.11165200017151],[-95.86282199958477,33.125114000349896],[-95.86277800010215,33.12922700002917],[-95.86277499972913,33.12945500007005],[-95.86277300007929,33.129629999782296],[-95.86277300007929,33.12964699984323],[-95.86277300007929,33.12966300011878],[-95.86277100042948,33.12984800022551],[-95.8627389997441,33.13274800022681],[-95.8627189996526,33.13469600013831],[-95.86261099969758,33.14485499995113],[-95.86258200028358,33.147599999915805],[-95.86257800008562,33.148012999791455],[-95.8625489997733,33.150791000140515],[-95.86253999955247,33.151694000270275],[-95.8625129997883,33.154173000121304],[-95.86249500024493,33.15423600036415],[-95.86248699984901,33.15426399995616],[-95.86250699994049,33.15503600001331],[-95.86250699994049,33.15505699989266],[-95.86250500029067,33.155318999719505],[-95.86250299974255,33.15555800003568],[-95.86247799962818,33.15786699981387],[-95.86247799962818,33.157985000024674],[-95.86243099977253,33.16243899987088],[-95.86240300018343,33.16506500033751],[-95.86240300018343,33.16508000004039],[-95.86240300018343,33.16510400016119],[-95.86231100012192,33.17383399999934],[-95.8623089995738,33.173965000154354],[-95.8622879996574,33.17610600028863],[-95.86226099989321,33.17865100011911],[-95.86222099971025,33.182458999882996],[-95.86220399999179,33.18409400009115],[-95.86220399999179,33.18413899994823],[-95.86220399999179,33.18416200020038],[-95.86215499958799,33.18884799989721],[-95.86214899974021,33.1894040003343],[-95.86214700009039,33.18962599973112],[-95.86207699977018,33.19636199973958],[-95.8620700000975,33.19728500005806],[-95.86206900027257,33.19738099980141],[-95.86206500007462,33.197926999628656],[-95.86206099987666,33.1983709997537],[-95.86205900022684,33.198621000181035],[-95.86205800040192,33.19870299975084],[-95.86202700043978,33.20175199994325],[-95.86202599971658,33.20182799981774],[-95.86202599971658,33.2018559999922],[-95.86197600038618,33.206769999778466],[-95.86197499966293,33.20683899997477],[-95.86197399983801,33.206914999942825],[-95.8618940003704,33.20711999997274],[-95.86188599997448,33.20715400011459],[-95.86187099990588,33.20738399979892],[-95.861865999883,33.20746400013573],[-95.86190000021818,33.20799800002216],[-95.86189900039328,33.208104999837076],[-95.86189600002024,33.208386999916684],[-95.86189500019532,33.20846399967925],[-95.86189199982228,33.20875699981585],[-95.86185300036252,33.21231399989678],[-95.86183599974576,33.21389799963381],[-95.86183499992086,33.213988000261175],[-95.86180999980651,33.21624199983139],[-95.8618020003089,33.21702299987662],[-95.86179899993584,33.21732599976767],[-95.86179499973788,33.21768699992493],[-95.86179399991296,33.21777999975127],[-95.86177999966928,33.21905999988356],[-95.86177999966928,33.219087000292355],[-95.86177999966928,33.21919599985394],[-95.86177800001946,33.21932999983905]]],[[[-97.03858800037489,32.55441500010736],[-97.03868499956096,32.54866599977323],[-97.0384129995744,32.548662999662824],[-97.03776999986705,32.548650999977525],[-97.0368850003104,32.548636999711526],[-97.0363070000021,32.548636999711526],[-97.03550299973796,32.548636999711526],[-97.03507799959051,32.548636999711526],[-97.03482499987052,32.54862300020065],[-97.03475500044865,32.54863600017924],[-97.0305070004207,32.548660999841594],[-97.01971999994628,32.54852100012832],[-97.015855000233,32.54849399984484],[-97.01367900034047,32.54847500036959],[-97.01235600021758,32.548462999901915],[-97.00983899984323,32.54844300012849],[-97.0065840002253,32.548402999811046],[-97.00541799956295,32.54838799997132],[-97.00511100031459,32.548389000263604],[-97.00352100022799,32.548368000181185],[-97.00280999985029,32.54835800028442],[-96.99923999968979,32.54831499980707],[-96.9963690002114,32.548285000095824],[-96.98213999962299,32.54809099975203],[-96.98172299987147,32.548085999788356],[-96.97872500017151,32.54804499977296],[-96.97675900034127,32.54801800010349],[-96.9764870003547,32.54801399967498],[-96.97620899962206,32.54801000000353],[-96.97591800026723,32.548006000331895],[-96.96843499981453,32.547952000204205],[-96.9560079999231,32.54777799982403],[-96.94156999999564,32.54772199971697],[-96.92833899984011,32.54767800014925],[-96.92552000024028,32.547666000332256],[-96.92541700030812,32.547666000332256],[-96.92170700040552,32.54765399975638],[-96.9211290000972,32.5476510003694],[-96.91973099963124,32.54764500008066],[-96.91964000029294,32.54764399978013],[-96.91857499991292,32.54764399978013],[-96.9177999999611,32.54764099963558],[-96.91681499994702,32.54764000009219],[-96.90817099975314,32.547607000009634],[-96.89961500032113,32.54748900000536],[-96.89875800035354,32.54747700016304],[-96.89439300014973,32.54741599986729],[-96.89105099959485,32.54741200016919],[-96.87391999956591,32.547462999714035],[-96.87338200033889,32.54745900001803],[-96.87092799971373,32.54744200017223],[-96.8567519997271,32.54734399997378],[-96.85346100012414,32.54732099979581],[-96.8523880002465,32.54731500024226],[-96.85127000016303,32.547305999775304],[-96.8460310002732,32.547262000003684],[-96.84223299960874,32.54723000008739],[-96.83955799994897,32.54721899975859],[-96.83939700029048,32.54721800021051],[-96.83819899984105,32.54721000003926],[-96.83558000025776,32.547196000305846],[-96.83388200021612,32.547183000118665],[-96.83111899979448,32.54716999992965],[-96.82911799980415,32.54716999992965],[-96.82474799957751,32.54715600018994],[-96.8231850001534,32.54714800001316],[-96.82270399992947,32.54714499985209],[-96.82229700022368,32.54714999986811],[-96.8221299998191,32.54714999986811],[-96.82198900025212,32.54714699970709],[-96.82178900023557,32.547141999690844],[-96.82080400022149,32.54713900028677],[-96.8204810001813,32.54713799998055],[-96.81106100021069,32.54713400027007],[-96.80533799972389,32.547129000253086],[-96.80473699984938,32.547126000091325],[-96.80112200038133,32.54710200030812],[-96.79908200003294,32.54708799980062],[-96.78824900042608,32.5470189998095],[-96.78249199960408,32.54698300008936],[-96.78231400022716,32.5469819997814],[-96.78182799998037,32.54697800006397],[-96.78156100001667,32.54699800016378],[-96.7814150004268,32.546974999897174],[-96.77988399989145,32.5469610001271],[-96.77854999989789,32.5469510000736],[-96.77834900005644,32.54694900021421],[-96.7765780002199,32.54693200027184],[-96.77155100004218,32.54688800031693],[-96.76957500016623,32.54687100036294],[-96.76918400035397,32.54686699988333],[-96.76908999974434,32.54686699988333],[-96.76877699974987,32.54683799999776],[-96.76867399981771,32.54683799999776],[-96.76809800005755,32.54683799999776],[-96.76800500017113,32.54683799999776],[-96.76586400043873,32.54683799999776],[-96.7575919997905,32.546763999777134],[-96.74606500042267,32.54667099963858],[-96.74385900039297,32.546656999821046],[-96.74253600027004,32.54664800004543],[-96.735724999837,32.54661599991026],[-96.73484600012812,32.546612000176516],[-96.72321099990698,32.54656100014825],[-96.72261599988022,32.546556999654804],[-96.72150899966738,32.546552000362944],[-96.7151879996791,32.54652300037557],[-96.71206600013056,32.546508999777764],[-96.70907400027836,32.546482999959856],[-96.70165100010013,32.546440999655616],[-96.69656799984593,32.54641100007533],[-96.69344100027452,32.546397000217254],[-96.69187399975415,32.54638399991443],[-96.68934800005728,32.54636300012018],[-96.68598700013415,32.546339000132996],[-96.68211599967474,32.54631300026587],[-96.66586699972774,32.546205000212886],[-96.66578399988707,32.546205000212886],[-96.66550299967967,32.546205000212886],[-96.65991399998549,32.54616999972608],[-96.65947600031758,32.54616799984937],[-96.65921000017879,32.54616499965548],[-96.65888100029082,32.5461600003418],[-96.65835700040918,32.54615599983049],[-96.64608899962812,32.54607100009275],[-96.64539999989003,32.54606600001658],[-96.6424540000686,32.54604300026844],[-96.63122200025356,32.54596700026856],[-96.62747600036595,32.54594600037678],[-96.61367299974987,32.545853000148085],[-96.613118999731,32.545848999623104],[-96.61253200010017,32.54584600017582],[-96.60779199997764,32.54581300019105],[-96.60713699967644,32.54580800010051],[-96.59733400028951,32.54574000020466],[-96.59199499994227,32.54570200008449],[-96.5781060000108,32.545606999713705],[-96.56698100032587,32.54552999977788],[-96.566716000012,32.54552900021099],[-96.56652199984325,32.54552599999575],[-96.56031100035814,32.54544300031179],[-96.55306200025716,32.54538599993696],[-96.54674399974361,32.54535400010922],[-96.53329599985308,32.545299000331255],[-96.53116400034152,32.545287999765875],[-96.5299869998085,32.54528200007647],[-96.52967800001201,32.54528000017989],[-96.52964000037719,32.54528000017989],[-96.52941199987323,32.545276999956336],[-96.52929200022263,32.54527599962937],[-96.52884699998373,32.54527199983594],[-96.52379899988962,32.5452209998037],[-96.52311799964913,32.54521399978215],[-96.52315399963415,32.5455950003771],[-96.52309500008292,32.55532700013317],[-96.5230930004331,32.55556299982261],[-96.52309000006002,32.555730999749585],[-96.52308599986208,32.5558979999106],[-96.52307499999144,32.55630799969522],[-96.52304300020438,32.55786800003537],[-96.52302399993779,32.55877000030487],[-96.52300800004429,32.55962400015811],[-96.52291400033293,32.56452800021723],[-96.52290699976193,32.56493200004829],[-96.52290000008924,32.56537100015764],[-96.52289400024148,32.56573399971544],[-96.52288099982268,32.5665349996934],[-96.52287800034793,32.56668400011303],[-96.52287800034793,32.56671299964257],[-96.52285099968542,32.56715599969665],[-96.52275100012633,32.569778999893934],[-96.52274799975326,32.56988700034608],[-96.52271799961605,32.57049600006211],[-96.52272099998908,32.57070400027584],[-96.52272299963892,32.57079599969238],[-96.5227279996618,32.57118300017094],[-96.52274000025567,32.571187000323626],[-96.5227910003093,32.57120800036547],[-96.52276100017207,32.57306400006918],[-96.52274500027855,32.573466000038025],[-96.52274399955532,32.57348600029069],[-96.52271799961605,32.57413700002433],[-96.52266400008769,32.57712699998226],[-96.52266200043788,32.57716900030711],[-96.52261200020915,32.578164999650234],[-96.52261200020915,32.5781839996518],[-96.52260999966101,32.5782040003662],[-96.52259999961527,32.57841499998585],[-96.52247599976673,32.58415099998346],[-96.52247400011689,32.58427100000094],[-96.52247400011689,32.584392999639604],[-96.52248900018552,32.58900800021886],[-96.52244399997966,32.59127900031724],[-96.52242800008614,32.59205299989789],[-96.522389999553,32.59397300009107],[-96.52227599975016,32.59846099988655],[-96.5222719995522,32.598599999879895],[-96.52227099972731,32.59862299977631],[-96.5222699999024,32.598661000184556],[-96.52222499969656,32.60039800016455],[-96.52217399964292,32.602462999857856],[-96.5221579997494,32.6030980000891],[-96.52210199967288,32.60536199965486],[-96.52210300039613,32.60570000035508],[-96.52210199967288,32.60592400032693],[-96.52210300039613,32.60608299988249],[-96.52211400026678,32.60909999988713],[-96.52211599991661,32.60960300015775],[-96.52211699974151,32.609931999751346],[-96.52211300044186,32.61029499974047],[-96.52210699969577,32.61085600013149],[-96.52204499977151,32.61632199970371],[-96.52203399990084,32.61724299989023],[-96.52202800005307,32.61770799994166],[-96.52189400015877,32.628465000113195],[-96.52189199961063,32.62866399983011],[-96.521884000113,32.62902399983599],[-96.521884000113,32.629066000044965],[-96.52161399977628,32.64328900000998],[-96.52161200012644,32.64332399964811],[-96.52154799965402,32.644595999896346],[-96.52155100002709,32.64482799990341],[-96.521551999852,32.64484200027584],[-96.52155100002709,32.644857999834294],[-96.5215450001793,32.645009000064796],[-96.52154400035438,32.64503500005375],[-96.52153799960828,32.645250000225225],[-96.5215369997834,32.64531199972831],[-96.52147099966113,32.648233000046694],[-96.52134400033786,32.65389299975332],[-96.5213269997211,32.654641000180526],[-96.52132400024635,32.65481100016116],[-96.52132300042145,32.65485400022517],[-96.52128900008628,32.65635700033648],[-96.52118000030632,32.66118200022668],[-96.52116900043566,32.66167600012403],[-96.52116900043566,32.66169400001979],[-96.52116699988753,32.66176199967713],[-96.52116299968957,32.661969999731454],[-96.52115299964385,32.66239299984671],[-96.52114199977318,32.66287200027056],[-96.52107099962807,32.66603899966538],[-96.5210470002369,32.66709799981767],[-96.52103700019119,32.66755500012579],[-96.52103299999321,32.66773100031276],[-96.52095099997746,32.66781499990169],[-96.52090199957364,32.66846300001801],[-96.520862000289,32.67048699999383],[-96.52081600025824,32.67301499988175],[-96.52074500011314,32.67782199980223],[-96.52076500020462,32.678199999627566],[-96.52091499999244,32.67893599963474],[-96.5209180003655,32.67913699964056],[-96.52081999955789,32.68096600019669],[-96.5208060002125,32.68123500013107],[-96.52079899964149,32.6813679996925],[-96.52078600012102,32.68159899997225],[-96.5206930002346,32.683340000301875],[-96.52067700034108,32.68364199978712],[-96.52064899985366,32.68416700014401],[-96.5206580000745,32.68481899996866],[-96.52068599966358,32.68657400016113],[-96.5206999999073,32.6874340003025],[-96.52071800034896,32.68857500011137],[-96.5206730001431,32.692027000279595],[-96.5206720003182,32.69210600021575],[-96.52064999967855,32.693766999719664],[-96.52065100040181,32.6940390001818],[-96.52067700034108,32.69728099995499],[-96.52068300018887,32.697965999916136],[-96.52068599966358,32.69840699973592],[-96.5207009997322,32.7001680003313],[-96.52069400005949,32.70038699982665],[-96.52069400005949,32.700397000139375],[-96.52065999972432,32.70199999972951],[-96.52050099971565,32.70949900014823],[-96.52049400004297,32.709801000331446],[-96.52049300021805,32.70985899963891],[-96.52049200039315,32.70989499965926],[-96.52046100043101,32.71136500017604],[-96.52000699997124,32.731515999641694],[-96.51969800017476,32.745213000147075],[-96.51968499975597,32.74577999988805],[-96.51967899990818,32.746045000233956],[-96.51970999987032,32.7467560002981],[-96.51971700044133,32.748172999903026],[-96.51971700044133,32.748283000252435],[-96.51970800022052,32.74869000028871],[-96.5196660003877,32.750805000154884],[-96.51965899981673,32.75114100036021],[-96.51964999959588,32.751585999812164],[-96.51964000044845,32.752072999863145],[-96.51962799985458,32.75267599988381],[-96.51962000035697,32.75426900003295],[-96.51962000035697,32.7544799998588],[-96.519616000159,32.755559000362695],[-96.519608999588,32.75716599969865],[-96.51955900025759,32.76168100036341],[-96.51951499987663,32.76634699994927],[-96.51942700001308,32.77112000034393],[-96.51934499999732,32.77577399970241],[-96.51933199957855,32.77707699965473],[-96.51932599973077,32.77712799973782],[-96.51932200043112,32.77740799967345],[-96.51933599977652,32.77751100018337],[-96.51935699969292,32.77766400035408],[-96.51936500008884,32.777843000091586],[-96.51937299958644,32.77808499965356],[-96.51937000011173,32.780520000063284],[-96.519363000439,32.7860710003586],[-96.51936099989088,32.78772699970236],[-96.51935900024105,32.78885899963235],[-96.51935900024105,32.78892199969491],[-96.51935400021817,32.78927899970996],[-96.5193490001953,32.78962599968403],[-96.51930399998946,32.79264799986874],[-96.5192999997915,32.79297199982831],[-96.5192629999816,32.794746999894144],[-96.51926800000444,32.79572700032254],[-96.51926100033177,32.796027999963435],[-96.51906700016299,32.80464700006699],[-96.51906600033806,32.80491700029949],[-96.5190460002466,32.80667299998736],[-96.51897000007862,32.81361599979951],[-96.51896699970558,32.81370099973022],[-96.51896400023084,32.813716000375734],[-96.51886899979627,32.83272800002546],[-96.51886100029868,32.83352500034826],[-96.51869999974188,32.85167499979001],[-96.51865600025928,32.85668599974703],[-96.51856800039572,32.86662599963872],[-96.51856099982471,32.86682799998812],[-96.51854999995405,32.867156000016095],[-96.518546999581,32.86722399986086],[-96.51853700043358,32.86749199976212],[-96.51853599971035,32.86752699967818],[-96.51850100044858,32.86849200032986],[-96.5185120003192,32.869170000326726],[-96.51855599980183,32.87169199969791],[-96.51856900022062,32.87243600037581],[-96.5185819997411,32.87315799969466],[-96.51858599993906,32.8733889998173],[-96.51858000009128,32.87358699965896],[-96.51857199969535,32.87387599974665],[-96.518554000152,32.87451899990877],[-96.51852999986258,32.87540199998361],[-96.51852800021274,32.87549600022205],[-96.51852200036495,32.8756720001116],[-96.51851300014413,32.875957000108976],[-96.5184839998318,32.876029000074496],[-96.51845799989255,32.87609400022372],[-96.51844799984681,32.876164999682196],[-96.51841299968672,32.876421999924474],[-96.51840199981605,32.87646799987747],[-96.5183909999454,32.876515999835796],[-96.51833200039415,32.87678099990793],[-96.51832599964807,32.87680900022802],[-96.51832499982316,32.87683699978481],[-96.51831999980028,32.87699499986633],[-96.51831399995251,32.87715299966623],[-96.51832300017334,32.87745699988333],[-96.51833800024194,32.87790699976988],[-96.51832399999824,32.87941700031473],[-96.51832399999824,32.87942999970062],[-96.51832399999824,32.87953400000007],[-96.51830999975456,32.880614999897944],[-96.5183070002798,32.88084600020351],[-96.51830399990676,32.8810090001254],[-96.51830100043202,32.88119300007973],[-96.51829100038628,32.881948000095235],[-96.51828999966304,32.88201700024055],[-96.51828399981527,32.88261699989539],[-96.51828299999036,32.88267200028913],[-96.51828200016546,32.88279499986663],[-96.5182799996173,32.883481999666486],[-96.5182799996173,32.883559999919875],[-96.51828399981527,32.884145999937445],[-96.51828800001323,32.884592000116506],[-96.51829300003612,32.88550900024744],[-96.51828800001323,32.885778999762614],[-96.51828299999036,32.886021000299756],[-96.51828200016546,32.886052000062115],[-96.51827899979239,32.88636399991331],[-96.51827700014258,32.88656299971611],[-96.51826899974665,32.88686599981985],[-96.518265000447,32.88704600010048],[-96.51825899970092,32.887221000169376],[-96.51827600031768,32.88724100030611],[-96.51827499959442,32.88727199964167],[-96.51827399976953,32.88733300027351],[-96.51827399976953,32.88745699968483],[-96.51827100029479,32.88781399970393],[-96.51826999957157,32.8878489998946],[-96.51826799992175,32.88796899979682],[-96.51826600027192,32.888074999650776],[-96.518265000447,32.88816799976685],[-96.518265000447,32.88818199963796],[-96.51826100024905,32.8884670001438],[-96.51826000042415,32.8885670001305],[-96.5182500003784,32.88949100006928],[-96.5182500003784,32.88950199975008],[-96.51824899965517,32.88959199989883],[-96.5182500003784,32.889712999946305],[-96.51825299985313,32.89003400037509],[-96.51825600022619,32.89028499971681],[-96.51825600022619,32.89030900010648],[-96.5182570000511,32.89033699992424],[-96.51825399967804,32.89048699971346],[-96.51825200002821,32.89051800017633],[-96.51823899960944,32.8907000002903],[-96.51821900041625,32.89098100008017],[-96.51823799978452,32.89106899978013],[-96.51827299994461,32.89122499968485],[-96.51827299994461,32.89128599985819],[-96.51827299994461,32.89140399993821],[-96.51827299994461,32.89147699964699],[-96.51827299994461,32.89153400026637],[-96.51826899974665,32.89166000027474],[-96.51824399963228,32.89234999987274],[-96.51823600013469,32.892583999637715],[-96.51823600013469,32.89323700037412],[-96.51823600013469,32.89329399986111],[-96.51823600013469,32.893366000073804],[-96.51822899956369,32.89369800000427],[-96.51816900018756,32.893699999645605],[-96.51818000005821,32.89390200015314],[-96.51819000010394,32.89408000008418],[-96.5182150002183,32.894348000254915],[-96.51823399958656,32.89455199966126],[-96.51823199993675,32.89470300004331],[-96.51822899956369,32.89495799971456],[-96.51822500026404,32.8953489997458],[-96.51820299962442,32.89635399991088],[-96.51819500012681,32.8967530003673],[-96.51819299957867,32.89692599979673],[-96.51818500008106,32.8975509996594],[-96.51817500003533,32.89826899970981],[-96.51817400021042,32.89863300014886],[-96.51817300038552,32.898726999882435],[-96.51817099983737,32.89953899983097],[-96.51817099983737,32.89982100037324],[-96.51807999960077,32.90045300026914],[-96.51813800022542,32.9006100003614],[-96.51813800022542,32.90080999996058],[-96.51813300020254,32.90167700033139],[-96.51813300020254,32.90170900000261],[-96.51812900000458,32.9019950000858],[-96.51812900000458,32.90205099986739],[-96.51811599958579,32.9025630001074],[-96.51811399993595,32.9026619999242],[-96.51810800008818,32.90294300023367],[-96.51809800004244,32.90355400016981],[-96.51809200019466,32.90388999995517],[-96.51807100027827,32.90506599972285],[-96.5180610002325,32.90585100025364],[-96.5180600004076,32.90598499997838],[-96.51805799985947,32.90614300012504],[-96.5180469999888,32.90705800032758],[-96.51803100009529,32.90791800035446],[-96.51801600002668,32.90872799968617],[-96.51801100000378,32.90913300034398],[-96.51801000017888,32.909253000071374],[-96.51800799963075,32.909408000358354],[-96.51799900030824,32.91037599976763],[-96.51799799958499,32.910454999729126],[-96.51799500011028,32.91072500013436],[-96.51799400028536,32.91082899989757],[-96.51799299956214,32.91093300029278],[-96.51798599988943,32.91137999984626],[-96.51798500006454,32.91144999969006],[-96.51797800039184,32.911936000095785],[-96.51797199964577,32.912283000369776],[-96.51797199964577,32.912367000072955],[-96.51797199964577,32.91246000032473],[-96.51797199964577,32.91281699987288],[-96.51797199964577,32.91282699969161],[-96.51797199964577,32.91292700007936],[-96.51797199964577,32.91387400010382],[-96.51797199964577,32.91397500003175],[-96.51797199964577,32.913995000160575],[-96.51797199964577,32.91402000012675],[-96.51797199964577,32.914113000150174],[-96.51793200036109,32.91483300006542],[-96.51792800016312,32.91492200015622],[-96.51792800016312,32.9155439998433],[-96.51792800016312,32.915604999857344],[-96.51792399996516,32.91618300024034],[-96.51792399996516,32.916197000208015],[-96.51792399996516,32.9162210003629],[-96.5179120002696,32.917230000170015],[-96.5179049996986,32.917426000213815],[-96.51786700006375,32.918525999931596],[-96.51784399959922,32.919606999845726],[-96.51783399955349,32.92009900010801],[-96.51781900038318,32.92082600033791],[-96.51780400031456,32.92156200033062],[-96.5177919997207,32.92211100007059],[-96.51780000011661,32.92242900032764],[-96.51780099994151,32.922461999911846],[-96.5177919997207,32.922867000318796],[-96.51776900015447,32.92347600026208],[-96.51775400008584,32.92390299966411],[-96.5177499998879,32.92419100014569],[-96.51771399990288,32.9254100000766],[-96.51768200011583,32.92665600037441],[-96.51767500044312,32.92695200027546],[-96.51767200007009,32.92705300035901],[-96.51765500035164,32.927667999782614],[-96.5176519999786,32.92804200035522],[-96.51766299984924,32.92828099984079],[-96.51763899955981,32.92946200027261],[-96.51761799964342,32.930533999747674],[-96.51761199979562,32.93092399972272],[-96.51759699972702,32.9316749997148],[-96.51758400020654,32.93241199970073],[-96.517568000313,32.933162000125165],[-96.51755499989424,32.933910999724475],[-96.51753999982562,32.93467500031599],[-96.51752399993207,32.93540799977156],[-96.51747799990132,32.937931000185564],[-96.51747100022864,32.93824100030496],[-96.5174700004037,32.938273000328344],[-96.5174700004037,32.93829800022077],[-96.5174550003351,32.938999999743],[-96.51741799962689,32.941021999990774],[-96.51735900007563,32.944069000070364],[-96.51735099967973,32.944273999866724],[-96.51733899998416,32.945112000221485],[-96.51731999971759,32.945925000181475],[-96.51729200012849,32.94743000013725],[-96.51726799983904,32.94888700019725],[-96.51720400026494,32.952064999763714],[-96.51717400012772,32.953753999888356],[-96.51716499990687,32.95416700012101],[-96.51708000041639,32.95859800017851],[-96.51707700004333,32.95883599978041],[-96.5170390004085,32.960707999717066],[-96.51701799959378,32.96186399970771],[-96.5170040002484,32.96250000037555],[-96.5169980004006,32.96287399985131],[-96.51697699958589,32.96393199980607],[-96.5169849999818,32.964075999803484],[-96.51702799963954,32.9666759998267],[-96.51703100001257,32.966868999961555],[-96.51703100001257,32.96688900018964],[-96.51704199988323,32.96756099979427],[-96.51708700008908,32.97030199988355],[-96.51708600026416,32.97032599967617],[-96.51707399967029,32.970538000198694],[-96.51707399967029,32.97057300008313],[-96.51706799982252,32.97082300003885],[-96.51701299957091,32.97311899967576],[-96.51699900022552,32.973668999671055],[-96.5169969996774,32.973752999859336],[-96.51699400020266,32.9738590002162],[-96.51698699963165,32.97421799996781],[-96.516983000332,32.974375000292746],[-96.51698199960877,32.974400999810776],[-96.51697900013404,32.97452800018721],[-96.51697800030914,32.97457200033433],[-96.51697199956303,32.97481299996363],[-96.51696599971523,32.97504900028285],[-96.51694300014903,32.9760299997997],[-96.51691899985958,32.977006999683745],[-96.51689600029337,32.977973000075714],[-96.5168850004227,32.9784309998622],[-96.51687000035409,32.97905599970992],[-96.51701599994395,32.982324000093016],[-96.5170109999211,32.98286199995142],[-96.51707000037064,32.98288200032555],[-96.52134199978971,32.9829350003155],[-96.52153400030863,32.98293800014334],[-96.52153500013355,32.98291200012468],[-96.52156299972263,32.98293800014334],[-96.52173599997501,32.98294099997113],[-96.52199100024313,32.98294599968382],[-96.5231019997556,32.98296500009661],[-96.5244590002137,32.9829809999255],[-96.52530199993755,32.9829939999256],[-96.52699999997918,32.98301899997845],[-96.52789999960446,32.98303299991452],[-96.52797499994753,32.98303399985601],[-96.52853399998926,32.98304000025846],[-96.52880900034886,32.983044999965536],[-96.53115000009782,32.98308200004995],[-96.53173799955358,32.98309100027183],[-96.53181799991951,32.983092000212665],[-96.53327699958653,32.98311500035654],[-96.53432400042321,32.98313200009868],[-96.53534799989706,32.98314699995704],[-96.53553399966988,32.98314999977773],[-96.53566699973929,32.98315199965812],[-96.53893999979888,32.98320300036028],[-96.53908799993687,32.983205000239465],[-96.53937400016713,32.9832089999977],[-96.54127499970004,32.983242000256816],[-96.54222999957688,32.9832589999745],[-96.54292199968802,32.98327199993367],[-96.54380200012014,32.983275999688864],[-96.54477399971542,32.98329100027631],[-96.54614500041723,32.98331299967645],[-96.54711399963948,32.98332599962767],[-96.54886000025998,32.98335400015376],[-96.54900400020003,32.98335600002952],[-96.54982900038054,32.9833680000367],[-96.55068700017303,32.98338000004224],[-96.55834899982756,32.98349199976407],[-96.55878599967056,32.98350099994415],[-96.5592099999931,32.983507000314795],[-96.55926299969654,32.983508000250986],[-96.55928500033616,32.98349800013539],[-96.5592889996358,32.98351000012326],[-96.55986299974617,32.983516999675835],[-96.56036099968854,32.98352599985338],[-96.56135599974837,32.98353999970904],[-96.56228899988392,32.98355400031597],[-96.56327499972292,32.983570000038114],[-96.5649140002133,32.983590000251866],[-96.56586900009017,32.983607999837545],[-96.5678070003313,32.98363700020886],[-96.56800200032497,32.98364099994752],[-96.568398999985,32.98364099994752],[-96.56851000031308,32.98364299981678],[-96.56955600042656,32.983662000079576],[-96.57232200032293,32.98370099977335],[-96.57291200032681,32.983705000262646],[-96.57346200014773,32.98371800015613],[-96.57504899986128,32.983743999937424],[-96.5763479996947,32.98376500004497],[-96.5775710002585,32.98378600014753],[-96.57908400035218,32.983811999908795],[-96.58034300000266,32.983825999719045],[-96.58345200003072,32.98385899974753],[-96.58379599998732,32.983866999958096],[-96.58421100008901,32.983878999895815],[-96.58492900013941,32.9838880000364],[-96.58746400005708,32.98392699963033],[-96.5942510002007,32.9840280001796],[-96.59599899957274,32.98405100007961],[-96.59784200027761,32.98408400002399],[-96.59888199964499,32.98409500000275],[-96.59991199986491,32.98410999969749],[-96.60101700042792,32.98412300028488],[-96.60210899967382,32.98414199969088],[-96.60321300041193,32.984162999703756],[-96.60444500029823,32.984177000211886],[-96.60560400038956,32.984190999964326],[-96.60683899975062,32.984213999821876],[-96.60818600016296,32.98423399988973],[-96.60888699959659,32.984242000066324],[-96.6108089999442,32.98427100022936],[-96.61336700032643,32.984308999727],[-96.61804799999942,32.9843730003114],[-96.61889699957108,32.98439099973743],[-96.61953000013098,32.984396000121535],[-96.62104700042264,32.98441199969107],[-96.62283599980252,32.98443800002151],[-96.62296200019924,32.98443999987271],[-96.62304099984193,32.984431999714076],[-96.62312600023076,32.984440999798274],[-96.62350100014947,32.98444999988161],[-96.62421900019989,32.98446099981471],[-96.62816500010403,32.98451600021322],[-96.62865800002353,32.9845229996861],[-96.62919799979869,32.98453099983649],[-96.62938000027188,32.98453400036363],[-96.6302260003688,32.98454700013504],[-96.63193100008314,32.98456800005158],[-96.63306199968707,32.98459500025988],[-96.63412899971692,32.98460400032752],[-96.63888599955789,32.98466999979052],[-96.6406949999276,32.9846940001995],[-96.64087200037793,32.98469899981296],[-96.64776300027859,32.98479599979285],[-96.64840299961288,32.98480599976136],[-96.64914599977764,32.98481699965015],[-96.65397200011388,32.98488099986621],[-96.66050499981428,32.98497699972665],[-96.66066499964788,32.98498000023862],[-96.66144399979763,32.98499000018636],[-96.66508099990526,32.985041999745505],[-96.66517999963948,32.985044000336565],[-96.66547400026568,32.985047000092734],[-96.66579800013076,32.98505199968622],[-96.66618399992016,32.98505600011429],[-96.66643800036336,32.98505999978866],[-96.66665199972529,32.98506300029783],[-96.66804099997044,32.98508300017335],[-96.6690529997487,32.985097999700216],[-96.66942400036777,32.98510300004427],[-96.66948100026919,32.985103999962384],[-96.66989600037088,32.985109000306096],[-96.67159100003944,32.98513299984226],[-96.67216299960167,32.98514099993737],[-96.67257199985558,32.98514700019655],[-96.67339700003608,32.985158999960284],[-96.67353500012837,32.98515999987776],[-96.67480600037273,32.98517899981405],[-96.67570299962495,32.98519100032691],[-96.67589900034186,32.98519400007814],[-96.67874600042909,32.98523399976522],[-96.68229200030014,32.985285000018195],[-96.68246899985218,32.985285999934185],[-96.68431199965873,32.98531299992289],[-96.68454400036066,32.98531700033914],[-96.6849009998377,32.98530900025998],[-96.68576299982816,32.98528799976618],[-96.68795399978926,32.98525899993722],[-96.68869899960384,32.985267999937165],[-96.68944299959352,32.98528400010215],[-96.69010899976537,32.98529499993138],[-96.69020500002485,32.985295999847246],[-96.69034499976695,32.98529799967902],[-96.69077400011231,32.98530599975918],[-96.6909980004183,32.98531000017576],[-96.69185899968554,32.98532399974851],[-96.69233900008456,32.98533199982625],[-96.69266899979743,32.98533899998795],[-96.69303000037077,32.985342999649504],[-96.69379199990381,32.9853569999705],[-96.69451499997707,32.985370000374246],[-96.69481799992577,32.98537599986439],[-96.69506499979798,32.9853800002778],[-96.69516899955504,32.98538200010766],[-96.69533900033267,32.98538399993748],[-96.69534400035555,32.98528100035402],[-96.6956299996875,32.98528799976618],[-96.69601899984993,32.985296999763165],[-96.69708199968183,32.9853210000017],[-96.69889000022661,32.98536300021506],[-96.69960900010192,32.9853800002778],[-96.69969799979037,32.98537799969435],[-96.69977300013343,32.985376999779405],[-96.69985599997412,32.9853800002778],[-96.70124199984622,32.985425000206476],[-96.70168899973496,32.985462999960916],[-96.7019659997444,32.985499999785425],[-96.70393599977258,32.985533999854866],[-96.70412699956829,32.98553700034797],[-96.70435400024733,32.98554100000055],[-96.70463999957926,32.98554499965295],[-96.70475500010532,32.98554800014563],[-96.7047750001968,32.98554600031952],[-96.70483200009821,32.98554100000055],[-96.70494000005324,32.98553000020197],[-96.7054849998513,32.98547800017674],[-96.70838999966485,32.98560499969171],[-96.70855100022163,32.98561299974405],[-96.7092940003864,32.985644999946096],[-96.70973399970413,32.98566499968976],[-96.71072000044144,32.9856770001366],[-96.71098300020718,32.985680999782836],[-96.71106799969768,32.985681999694336],[-96.7112590003917,32.985685000182414],[-96.71152800000522,32.985688999828284],[-96.71167299977017,32.985690999651155],[-96.71179900016686,32.98569200031607],[-96.713040000274,32.985709000315445],[-96.71513499997565,32.98573799999658],[-96.71580899964512,32.98574799985844],[-96.71655000016005,32.985756999808466],[-96.7168909997436,32.98576200011521],[-96.71704700027752,32.985764999847035],[-96.71769300035788,32.98577199997435],[-96.7180730002995,32.98577800019069],[-96.7182070001938,32.98577900010116],[-96.71852600003602,32.985783999653115],[-96.71915200002492,32.98579199968923],[-96.72021400003189,32.98580699984916],[-96.72246199989442,32.98583700016136],[-96.7232000000363,32.98584700001201],[-96.72489100040522,32.98586900028227],[-96.72500799968277,32.985871000101056],[-96.72604100027576,32.985885000338314],[-96.72705399987893,32.985898999819874],[-96.72805899998453,32.98591300005275],[-96.72818000035836,32.98591399996162],[-96.7282759997195,32.985915999779394],[-96.7290080000136,32.98592600037462],[-96.72969599992679,32.9859350003065],[-96.72986699963099,32.98593600021517],[-96.73225400030901,32.98596900020838],[-96.73302599988779,32.98597999995227],[-96.73341800042324,32.98598600015448],[-96.73496999997668,32.98600599982082],[-96.73569800007282,32.986015999652324],[-96.73601699991505,32.986020000036724],[-96.73798000027055,32.98604499998612],[-96.7389209999037,32.98605900019578],[-96.74112000026074,32.986090000329284],[-96.74156399977645,32.9860959997705],[-96.74356099956881,32.98612300026498],[-96.74366100002624,32.98612400017148],[-96.74415899996862,32.986131000270376],[-96.74435999981009,32.98613399998962],[-96.74597900020896,32.98615600018834],[-96.74704399969069,32.986169999626924],[-96.74842600026312,32.98618900009931],[-96.75099200014297,32.986222999903426],[-96.75373200010009,32.98626100006786],[-96.75395600040608,32.986262999877766],[-96.75489100019145,32.98627500024325],[-96.75504500017723,32.986277999957665],[-96.75517800024664,32.98627999976719],[-96.75601699977254,32.986292000130426],[-96.75623600005565,32.98629499984418],[-96.75646399966129,32.986298000311365],[-96.75838400035907,32.98632400008632],[-96.75854900021552,32.9863259998948],[-96.7588990000199,32.98632900036094],[-96.7592799997864,32.98633599969007],[-96.76081600034462,32.986356000030625],[-96.76140399980035,32.986363000111076],[-96.76265699960305,32.98638099988487],[-96.7644890004373,32.98640399992537],[-96.76615499979354,32.9864260000568],[-96.76809499968448,32.986451999794],[-96.76824700002045,32.986454000353106],[-96.77142800001855,32.986495000125075],[-96.77252699983545,32.98651000016554],[-96.77349699978092,32.986521999744],[-96.7747400004362,32.98653699977987],[-96.77659699958815,32.98656200033638],[-96.77867499957136,32.98658800003357],[-96.7817950003684,32.986631000298395],[-96.78384099966625,32.98665699997521],[-96.78400499969777,32.98665899977615],[-96.7844149997766,32.986664000031844],[-96.78562800029464,32.98667999994379],[-96.78647600004138,32.98669200025265],[-96.78838300032037,32.986716000111905],[-96.7915459998768,32.986760000213714],[-96.79221299987356,32.986769000060626],[-96.79236699985935,32.986770999859026],[-96.79381600037895,32.986791000101036],[-96.7954959999789,32.98681300013603],[-96.79663900017674,32.98682800012246],[-96.79735800005206,32.98683600006396],[-96.79876900003848,32.986854999639526],[-96.80324499967206,32.9869119998487],[-96.80342999962,32.98691399964386],[-96.80369400010895,32.98691700009002],[-96.80387900005688,32.98691999978259],[-96.80520600037774,32.98693700029895],[-96.80528500002043,32.986938000196275],[-96.80564400004565,32.9869429996826],[-96.80669500018197,32.986955999852825],[-96.80676200012913,32.986956999749886],[-96.80684699961962,32.98695799964699],[-96.81335500010397,32.9870410001069],[-96.81455900040116,32.98705699995051],[-96.81556899963132,32.98707000010395],[-96.81893200010259,32.987112000238625],[-96.82005299966082,32.98712700017431],[-96.82260299964712,32.98715999972228],[-96.82820599958501,32.987231999652295],[-96.8283670001418,32.987234000193716],[-96.82844099976165,32.987234000193716],[-96.82851899957946,32.98723599998158],[-96.82871699994617,32.987240000310685],[-96.83001199958166,32.987255000224565],[-96.83373099970508,32.98730299963045],[-96.83492400013164,32.987318000287125],[-96.83507200026965,32.98732000007308],[-96.83607700037521,32.98733300018775],[-96.83743499975989,32.9873499998711],[-96.83895500042462,32.98736999998198],[-96.84004400019576,32.987384999873754],[-96.84029400044102,32.9873869996582],[-96.84083099984313,32.98739399965689],[-96.84205699988165,32.98741000019008],[-96.84219800034698,32.987411000082],[-96.84346399967013,32.987426999858606],[-96.8441220003444,32.98743499974582],[-96.84492900008325,32.9874450001689],[-96.84716799972495,32.98747300014197],[-96.84730800036535,32.98747499992443],[-96.85029500019468,32.9875140001942],[-96.85135899985148,32.98752700028029],[-96.85469300001043,32.987570000087686],[-96.85487100028568,32.98757299975808],[-96.85562100012312,32.98758099963207],[-96.85594800036127,32.98758599983548],[-96.86027300038211,32.98763900001529],[-96.86129100000817,32.98765200008296],[-96.86291100023197,32.9876710002364],[-96.86318400004342,32.98767499979228],[-96.86342599989278,32.98767800021256],[-96.86372499964351,32.98768099987928],[-96.86595099976475,32.987708999777496],[-96.8664760003696,32.987714999862185],[-96.86842799995613,32.98773900019679],[-96.86863100034572,32.98774199986145],[-96.86918500036458,32.98774799994384],[-96.87462400027096,32.98782199992234],[-96.87529499956737,32.98782999977375],[-96.87561000010996,32.98783400007594],[-96.8776200003211,32.98785799962469],[-96.87772200042835,32.987859000265104],[-96.87945399990684,32.98788000014725],[-96.8800980003374,32.987887999993355],[-96.88399099963978,32.98793499992257],[-96.88489000033846,32.98794899983246],[-96.88598900015538,32.98796500026506],[-96.88628399970814,32.98794799994664],[-96.88624299970027,32.98797200021791],[-96.88748800000536,32.987998000253256],[-96.88790499975688,32.988006999973884],[-96.88891499988532,32.987997000367976],[-96.89044899989541,32.98802099987242],[-96.8904620003142,32.98802099987242],[-96.8906170001249,32.98802299964246],[-96.89062999964537,32.98802299964246],[-96.89299499968378,32.988058000131716],[-96.89348699977837,32.98806099978553],[-96.89404800036824,32.98806500007725],[-96.89460999988472,32.98806799973076],[-96.8955179999059,32.988072999906635],[-96.89617499985694,32.988096000259716],[-96.89646399956193,32.988086999794646],[-96.89841100002393,32.98811000014413],[-96.8990649996019,32.98811700008548],[-96.89964000043548,32.98812400002628],[-96.9005729996727,32.98813500025512],[-96.9033300002466,32.988167000296414],[-96.9036049997079,32.988169999946464],[-96.90703699977612,32.98820999979205],[-96.90733399987704,32.988214000077015],[-96.90904699998728,32.988233000109474],[-96.90979900037289,32.98824199980616],[-96.91000199986416,32.98824400032468],[-96.91381600042213,32.98828799966484],[-96.91549299964905,32.98830900019838],[-96.91609900044476,32.988315000242274],[-96.9162430003848,32.98831700000566],[-96.91647199981534,32.98831999965067],[-96.9174819999438,32.98833199973651],[-96.9184610001101,32.98834299993938],[-96.91944199992622,32.98835400014092],[-96.92020099998452,32.988362999825256],[-96.92032400000816,32.98836500034105],[-96.92588400028835,32.98842900024526],[-96.92722400012967,32.988444999837284],[-96.92794700020295,32.98845299963225],[-96.92851999959008,32.988460000299895],[-96.93006199999608,32.9884769997662],[-96.93185399974904,32.98849800025483],[-96.93296199978676,32.98851200007549],[-96.93394699980085,32.988523000255924],[-96.9365470000159,32.98855199976609],[-96.93755600031942,32.98856499969929],[-96.93831600020263,32.98857400011562],[-96.9387370001521,32.98857900026277],[-96.93903500007794,32.98858299977752],[-96.93945000017962,32.988587000045584],[-96.9396100000132,32.98858899980279],[-96.94010399975761,32.98859499982766],[-96.94091499969443,32.98860300036246],[-96.94201900043254,32.988618000044774],[-96.95757299989535,32.98879799980047],[-96.95771000016269,32.98879899967665],[-96.95866500003955,32.988810999697435],[-96.95981200043536,32.98882299971659],[-96.96008600007174,32.988826999973725],[-96.96525700018951,32.98888700004222],[-96.96667900004658,32.98890400017973],[-96.96719000040778,32.98891000018319],[-96.96814799975937,32.988921000314015],[-96.9690170003208,32.98892599968808],[-96.97020900002413,32.98894500032077],[-96.973579999993,32.988983999941006],[-96.9737830003826,32.98898599968922],[-96.97530200032406,32.98900399968159],[-96.9764720002861,32.9890180001755],[-96.97740799989639,32.98903199991362],[-96.97941200025974,32.9890530002702],[-96.98026300037955,32.98906000013677],[-96.98049500018313,32.989065000256446],[-96.98102200043782,32.98907100024897],[-96.98148699986992,32.98907600036796],[-96.98161200044171,32.9890780001141],[-96.98202199962222,32.9890809997332],[-96.9823389998146,32.989090000096894],[-96.98262199967184,32.98908900022399],[-96.98275399991633,32.98909099996984],[-96.9830550002152,32.989095000214874],[-96.98435599969847,32.98910899994079],[-96.98565200005717,32.989124000290545],[-96.9858720001652,32.9891279997806],[-96.98598500014312,32.989130000279054],[-96.98609999977084,32.989132000023965],[-96.98664100026923,32.989136000267145],[-96.9876940000554,32.98914800024212],[-96.98789599972176,32.98915099985882],[-96.98813199972331,32.989154000228936],[-96.989532999664,32.98916999968958],[-96.99010599994944,32.98917599967496],[-96.99021499972937,32.98917900004422],[-96.9931150004184,32.98920999983549],[-96.99317800016757,32.98921300020359],[-96.99341099979608,32.98921499994662],[-96.99449100024474,32.98923000027837],[-96.99887700036494,32.98927899998802],[-96.99991099988452,32.98929000007286],[-96.9999870000525,32.989290999943485],[-97.00060200017076,32.98932300031918],[-97.00062899993492,32.98932300031918],[-97.00104599968643,32.98932300031918],[-97.00145999996323,32.98932300031918],[-97.00173799979756,32.98932300031918],[-97.00252799981799,32.98932699980021],[-97.00262200042764,32.98932799967046],[-97.003621999612,32.989342999983],[-97.00380400008521,32.989344999723095],[-97.00474100041873,32.98935900016284],[-97.00561599992965,32.98937100010749],[-97.00569000044783,32.98937100010749],[-97.00574800017415,32.98937299984694],[-97.0058589996039,32.98937399971662],[-97.0059509996654,32.989375000339784],[-97.00601400031292,32.9893760002095],[-97.00696499999181,32.989388000151834],[-97.00814599982449,32.98940000009248],[-97.00882700006495,32.98940699993153],[-97.00909300020375,32.98941000029299],[-97.00975600000255,32.989418000000484],[-97.00982799997257,32.989418000000484],[-97.01025599959475,32.98942200023065],[-97.010582000008,32.98942599970719],[-97.01087300026111,32.989429000068],[-97.01092699978948,32.98942999993705],[-97.01112500015621,32.98943199967516],[-97.01575200030084,32.989482999763126],[-97.01604000018091,32.98948600012194],[-97.01611799999873,32.989486999990405],[-97.01666299979676,32.98949299995423],[-97.01902199998736,32.989520000163054],[-97.0195669997854,32.98952399963517],[-97.02077699993039,32.98954200027131],[-97.02177899966291,32.989549000099146],[-97.02186200040192,32.98954999996683],[-97.02243899998702,32.98955400019107],[-97.02516800007348,32.98958099962781],[-97.02833900002581,32.989613999765325],[-97.02859400029394,32.98964400029064],[-97.02884899966375,32.98967400005228],[-97.0310070000129,32.989691000038256],[-97.03100899966273,32.98940799980088],[-97.03101000038595,32.98929699992063],[-97.0310339997771,32.98812499991016],[-97.03104100034811,32.98794000010593],[-97.03104100034811,32.98791900023805],[-97.03104399982283,32.98785599985092],[-97.0310630000894,32.98696399978267],[-97.03111599979285,32.98463799998851],[-97.0311960001588,32.981084999639975],[-97.03128499984724,32.977192999799065],[-97.03138500030468,32.97283499976508],[-97.0313869999545,32.97273399997737],[-97.03141799991664,32.97100600013365],[-97.03142299993951,32.97073699991685],[-97.03142600031256,32.97053299978339],[-97.03143200016035,32.97024199999676],[-97.03143700018322,32.96993999977156],[-97.03143800000812,32.96992299975065],[-97.03143800000812,32.96990699981663],[-97.03144399985592,32.96957700034297],[-97.03144700022895,32.96941800034144],[-97.0314580000996,32.96876300003794],[-97.0314639999474,32.96846200013821],[-97.03147499981806,32.967807999642744],[-97.03165399991819,32.95765000004549],[-97.03170699962165,32.9550009998833],[-97.0318089997289,32.949283999903024],[-97.03181700012482,32.948850000111086],[-97.03181700012482,32.94879199988369],[-97.03182499962242,32.948165000078085],[-97.03187499985113,32.9457730001164],[-97.03187900004909,32.94550599994975],[-97.03190599981326,32.943867000199674],[-97.03190800036141,32.943795999982484],[-97.03195900041503,32.940923999771975],[-97.03201799996627,32.93768099990578],[-97.03208599973834,32.93375699987386],[-97.03214699983769,32.930408999797834],[-97.03215199986057,32.93021800029329],[-97.03217100012714,32.92924299990652],[-97.03217000030224,32.92908799967096],[-97.03221200013505,32.92701700000648],[-97.03223600042448,32.925717999918945],[-97.0322370002494,32.925592000113035],[-97.0323290003109,32.920616000262584],[-97.03233400033375,32.92016700004561],[-97.03235900044812,32.91899200019597],[-97.0326249996886,32.90428899964708],[-97.03308800036916,32.8792149999786],[-97.03308800036916,32.87849300019781],[-97.03308800036916,32.87832000023377],[-97.03309500004187,32.87656799982416],[-97.03310000006474,32.876315000072665],[-97.03311900033131,32.87532099963398],[-97.03315799979106,32.87327799987266],[-97.03321600041569,32.870736000261125],[-97.03321999971533,32.87057100014786],[-97.0333159999748,32.8663099999621],[-97.0334080000363,32.86218900014499],[-97.03341100040936,32.86199799986884],[-97.03357399971766,32.85289899965761],[-97.03357700009072,32.85275300002886],[-97.03383999985645,32.838531999906905],[-97.0338449998793,32.83816800023499],[-97.0338509997271,32.83764900034657],[-97.03385400010015,32.837567000162245],[-97.03385400010015,32.83741499974917],[-97.03385699957488,32.8371340000134],[-97.03385999994794,32.836949999973086],[-97.03386199959775,32.83650799979484],[-97.03386599979571,32.83637000033687],[-97.03386800034384,32.836056000256846],[-97.03390400032886,32.83428999971111],[-97.03402399997945,32.82786099969901],[-97.0340270003525,32.82777900028832],[-97.03413000028466,32.82230600010043],[-97.03413799978227,32.82206700009065],[-97.0342020002547,32.81827200027167],[-97.03422599964583,32.816958000291315],[-97.03423300021684,32.816661999848826],[-97.03421899997312,32.816400000067745],[-97.0342249998209,32.81614899998806],[-97.0343579998903,32.80963499986545],[-97.0343579998903,32.80961699962287],[-97.03435899971521,32.80957200013311],[-97.03442999986031,32.80557099982916],[-97.03443700043132,32.805155999627985],[-97.03439600042346,32.80330899969945],[-97.0344139999668,32.80257800020198],[-97.0344149997917,32.80253999968877],[-97.03449000013478,32.79950299964048],[-97.03465199961819,32.7930369996431],[-97.03465699964104,32.79260499975041],[-97.03470400039502,32.78868399964398],[-97.03471100006772,32.78848199970398],[-97.03471400044077,32.78831000011126],[-97.03472100011348,32.788182000075565],[-97.03475500044865,32.786034000244136],[-97.03476899979403,32.785161999766125],[-97.03477100034218,32.78502700034404],[-97.03477899983979,32.784549000071955],[-97.03479200025858,32.78372600036365],[-97.03480399995415,32.78294799998789],[-97.03479899993125,32.78289800015627],[-97.03480899997703,32.78278099995704],[-97.03489900038869,32.78182999963973],[-97.03490100003852,32.78170300004777],[-97.03493399965048,32.77992900019946],[-97.03513399966702,32.77389099995996],[-97.03512799981925,32.77370400026317],[-97.03509199983424,32.77268599997796],[-97.03510299970488,32.76767299989903],[-97.0351040004281,32.76761400033021],[-97.0350960000322,32.76759599989071],[-97.03511299975062,32.76719600017856],[-97.03511399957553,32.76713000025351],[-97.03511399957553,32.76537199982682],[-97.03512899964414,32.765135000368545],[-97.0351670001773,32.76453599992287],[-97.0351529999336,32.76373400035903],[-97.0351460002609,32.76305800015082],[-97.03514999956053,32.76291999994905],[-97.03516499962916,32.76247300014234],[-97.0351680000022,32.7623860000103],[-97.03516899982712,32.76220200006759],[-97.03517399985,32.761535999813574],[-97.03518100042099,32.76065799988517],[-97.03518200024591,32.76053599972458],[-97.03518200024591,32.760519000308086],[-97.03518200024591,32.760507999750814],[-97.03518300007082,32.76047199977159],[-97.0351870002688,32.75993199984782],[-97.03518200024591,32.75985399974765],[-97.03517999969777,32.759821000091414],[-97.03517899987285,32.75980399978303],[-97.03517100037524,32.75969299986711],[-97.03516899982712,32.75965799975601],[-97.03516499962916,32.75960200000292],[-97.03516499962916,32.759517999929585],[-97.0351660003524,32.759455000200255],[-97.0351670001773,32.75942999973172],[-97.0351670001773,32.759403999811184],[-97.0351670001773,32.759368000141066],[-97.0351680000022,32.759264999787376],[-97.0351680000022,32.75917999994855],[-97.03517700022304,32.758065000059965],[-97.03517800004795,32.7580039997351],[-97.03517899987285,32.75796999993217],[-97.03518499972063,32.75725600031675],[-97.03519099956843,32.75709800019541],[-97.0352740003074,32.75493999998762],[-97.0352879996528,32.75401499982658],[-97.0353010000716,32.75319700014612],[-97.03531799979004,32.75214199970777],[-97.0353229998129,32.7517550000199],[-97.03533200003373,32.751074000328266],[-97.0353370000566,32.75070100017629],[-97.03533799988152,32.750633999813346],[-97.03534899975217,32.749799000106236],[-97.03536100034609,32.7489539999714],[-97.03537200021671,32.748082999928194],[-97.03538200026246,32.74732400037707],[-97.03538399991228,32.74723100004412],[-97.03541800024745,32.744659999656825],[-97.03545199968434,32.743362000128734],[-97.03547299960074,32.742201000216404],[-97.03547500014886,32.7420860002054],[-97.0354990004383,32.74076999963038],[-97.03551600015676,32.73978999996821],[-97.03551799980657,32.7397089998539],[-97.03552200000453,32.73945100025853],[-97.03552399965437,32.73935399982796],[-97.0355260002025,32.73925499994947],[-97.03552799985232,32.7391280000665],[-97.03555100031686,32.73785800034955],[-97.03556399983735,32.73706199976542],[-97.0355830001039,32.736028999789355],[-97.03559999982235,32.735046000219],[-97.03560200037047,32.734917999907644],[-97.0356170004391,32.73410900001583],[-97.03562999995955,32.73334799983594],[-97.03563400015753,32.733092000197644],[-97.03569899955654,32.72917600033],[-97.0357520001583,32.72595600005502],[-97.03579499981602,32.72331799979604],[-97.03582300030341,32.721600000075725],[-97.03584000002184,32.72059800011179],[-97.0359060001441,32.71660900037564],[-97.03591199999188,32.7163279998178],[-97.03596600041854,32.71294000019609],[-97.03599599965747,32.71109700031287],[-97.03599900003051,32.710928000100886],[-97.03601699957386,32.7097800002992],[-97.03602400014488,32.709400000373776],[-97.03603599984044,32.70864700030303],[-97.03606000012986,32.70717400026126],[-97.03606000012986,32.70708899986512],[-97.03607600002341,32.706144000322205],[-97.03607699984832,32.7061250002703],[-97.03620900009278,32.69831999980004],[-97.03624099987984,32.696496000151356],[-97.03624599990272,32.69607100017938],[-97.03625099992558,32.695873000207655],[-97.0362529995754,32.69576700008046],[-97.03627699986485,32.69438999999807],[-97.03627900041299,32.694211999822194],[-97.03628799973552,32.693637999699945],[-97.03629500030651,32.693227000081706],[-97.03630299980412,32.692735999826795],[-97.03632700009356,32.69132100026332],[-97.03635499968266,32.68955999976883],[-97.03642500000285,32.68528700036828],[-97.03644300044452,32.68408300005237],[-97.03648399955408,32.68159099970088],[-97.03649699997288,32.680854999644694],[-97.03654899985142,32.677777000238535],[-97.0365689999429,32.67650999987507],[-97.03657399996575,32.67620599971487],[-97.03657899998866,32.67591200006329],[-97.03658499983644,32.67553200037111],[-97.03664299956276,32.67211899991131],[-97.03673999964712,32.66627399994858],[-97.0367949998987,32.66301700020213],[-97.03679400007381,32.66284300010475],[-97.03678599967787,32.661419999786325],[-97.03682400021103,32.65948899980944],[-97.03682599986084,32.6593419998277],[-97.03684099992947,32.658585000281754],[-97.03684299957929,32.658459000334446],[-97.03684799960216,32.65824199975679],[-97.03686000019604,32.657579999758404],[-97.03686500021892,32.657313000115046],[-97.03689399963291,32.65582199990383],[-97.03690700005171,32.655157999665526],[-97.03692200012031,32.65435600022187],[-97.03693999966367,32.65338699991989],[-97.0369499997094,32.65285000010035],[-97.03695899993025,32.652376999758125],[-97.03697800019683,32.651451000129896],[-97.03699400009035,32.65058299998267],[-97.03700800033405,32.64981000020964],[-97.0370259998774,32.64889800020762],[-97.03704099994602,32.6481050000089],[-97.03704900034192,32.64775800036179],[-97.03705199981667,32.647216000287585],[-97.03705799966444,32.64643799962229],[-97.03706199986242,32.645957999680014],[-97.03706299968731,32.645873000012706],[-97.03707199990816,32.645436000118366],[-97.03707699993102,32.64516199997826],[-97.03711100026622,32.643419000109795],[-97.03713399983243,32.64226900000113],[-97.03713700020548,32.642121999694986],[-97.03716999981744,32.64041100029769],[-97.03720900017551,32.63844100025527],[-97.03721000000041,32.63837100016982],[-97.03721099982533,32.63833199992551],[-97.03721199965022,32.63829899993834],[-97.03725299965812,32.63615799990076],[-97.0372800003206,32.63477699982153],[-97.03730200006191,32.63360499993238],[-97.03730299988682,32.633424000146896],[-97.03730399971175,32.633034000338604],[-97.03730899973462,32.632029000127055],[-97.03731100028274,32.631388000057555],[-97.03731200010766,32.63118499984532],[-97.03731299993258,32.630960000149024],[-97.03732800000118,32.63080600002403],[-97.03733300002406,32.63051900025313],[-97.03733999969675,32.6301129999646],[-97.03745500022278,32.6228410001419],[-97.03753100039077,32.618467000221635],[-97.03753800006348,32.61802700032783],[-97.03756200035293,32.61658000032174],[-97.0375969996147,32.614429999946864],[-97.03761900025432,32.613092000254454],[-97.03762299955396,32.61277400002019],[-97.03773399988204,32.60540099988807],[-97.0378009998292,32.60157399999385],[-97.03794999979212,32.593182000181464],[-97.03794999979212,32.59298499990547],[-97.03795900001293,32.59249599965002],[-97.03800099984576,32.59007799986397],[-97.0380050000437,32.589816000028385],[-97.03806699996798,32.586287999913374],[-97.03807899966355,32.585612999761906],[-97.03811600037179,32.58345600009745],[-97.03813300009021,32.58264699981633],[-97.03817999994588,32.57978500025838],[-97.03829100027396,32.57335900012434],[-97.0384050000768,32.56676799992545],[-97.03849600031337,32.56156700011676],[-97.03850800000895,32.56083099986087],[-97.03852399990248,32.56004099995597],[-97.03852300007757,32.55999799977595],[-97.038503999811,32.55925800035098],[-97.03857699960594,32.55514900030975],[-97.03858800037489,32.55441500010736]]],[[[-96.83880200026373,33.2194789997778],[-96.83880300008865,33.21938600025434],[-96.83880300008865,33.219334999649426],[-96.83880399991354,33.21931499965463],[-96.83881599960912,33.219221999956844],[-96.83891100004367,33.216830000234864],[-96.83899899990722,33.214595000037676],[-96.83900200028026,33.21451399988873],[-96.839004999755,33.21441499993893],[-96.839012000326,33.21425299998435],[-96.83902900004445,33.21377899998155],[-96.8390330002424,33.21369599992619],[-96.83918200020531,33.20992900032477],[-96.83929099998525,33.20681999978453],[-96.83929299963508,33.2067589998184],[-96.8393079997037,33.20672199980594],[-96.83931199990165,33.20661099967464],[-96.83933299981805,33.206075000269365],[-96.8393500004348,33.20564599965121],[-96.83935700010753,33.20543800016629],[-96.83940099959011,33.20420399972945],[-96.83948199978097,33.201969000310136],[-96.83952799981172,33.20067600033804],[-96.83956200014691,33.19970000019315],[-96.83958499971313,33.19908700014273],[-96.83968599999548,33.1963649998118],[-96.83977399985903,33.189946000140495],[-96.83977600040716,33.18983300009422],[-96.83977700023208,33.18972099975149],[-96.83977800005698,33.189633000187186],[-96.8397799997068,33.189521000340505],[-96.83979899997338,33.18901399968606],[-96.8400249999292,33.1829140001839],[-96.84003900017291,33.182541000300105],[-96.84004800039372,33.182063000272336],[-96.84012600021153,33.177970999744275],[-96.84017899991498,33.17524300025005],[-96.8401799997399,33.17519600030538],[-96.8401799997399,33.175164999832134],[-96.8401799997399,33.175104999636936],[-96.8401799997399,33.174999000119065],[-96.84017899991498,33.174900999869116],[-96.84017700026513,33.17478099982813],[-96.84017600044025,33.174660000353484],[-96.84014100028014,33.17186799969009],[-96.84012799986134,33.17078200000339],[-96.8401179998156,33.16998599993256],[-96.84009400042449,33.16799400027095],[-96.84012200001357,33.16650899967017],[-96.84025099988501,33.16001499962972],[-96.84028199984716,33.1585039999272],[-96.8402860000451,33.158346999859056],[-96.84033700009871,33.15627600031566],[-96.84038099958134,33.15447999962417],[-96.84038800015236,33.15420399974507],[-96.84040700041894,33.15345199988585],[-96.8404190001145,33.15291499983792],[-96.8404209997643,33.15282700016638],[-96.84042400013735,33.152728999949716],[-96.84042499996227,33.15270099986765],[-96.84042599978719,33.152584999862384],[-96.84042800033531,33.152520000142474],[-96.8404400000309,33.15222000023249],[-96.84045099990153,33.15195000018836],[-96.84045500009952,33.151873999914606],[-96.84066000013893,33.14638200035754],[-96.84064699972012,33.145887000295346],[-96.84064500007031,33.14582000017721],[-96.84064099987233,33.14569499994349],[-96.84064000004742,33.14565700011389],[-96.84078999983525,33.14227400012761],[-96.84079800023117,33.14192000030044],[-96.84102400018698,33.13160299969755],[-96.84102800038497,33.13141099968865],[-96.8410459999283,33.13061500035996],[-96.84105000012624,33.13047000031559],[-96.84110500037785,33.1284590000092],[-96.84112999959389,33.127473000260984],[-96.84115600043147,33.126486000153804],[-96.84116200027924,33.12624000013996],[-96.84117899999767,33.12557000013653],[-96.84118900004343,33.12517999989144],[-96.84120199956389,33.12466099996923],[-96.84121199960965,33.124252000163885],[-96.84122199965539,33.12384399980651],[-96.84123199970114,33.123429000087185],[-96.8412429995718,33.12301300005347],[-96.84125500016566,33.12253999984893],[-96.84128199992983,33.121494999708275],[-96.84128799977763,33.1212679999409],[-96.84128799977763,33.12125500002596],[-96.84128799977763,33.12124200010909],[-96.84129500034864,33.12093500018158],[-96.8413010001964,33.12073700011245],[-96.84130899969404,33.12042100018693],[-96.84131999956467,33.1199719999943],[-96.84132200011281,33.11988600017801],[-96.84132700013569,33.119701000147856],[-96.84133700018143,33.119261999793835],[-96.84133999965617,33.11917699993615],[-96.84134399985413,33.119037999982794],[-96.84134700022717,33.1189340002256],[-96.84136700031866,33.11832799975551],[-96.84137700036439,33.118011000276134],[-96.84138800023506,33.11751900022812],[-96.84138900005996,33.11748599984188],[-96.84138999988488,33.11744699991651],[-96.84138999988488,33.11742400022257],[-96.84140699960332,33.11664100034179],[-96.84141199962619,33.11650799972811],[-96.84141099980128,33.1162870002204],[-96.84141099980128,33.11626899989558],[-96.84141099980128,33.11622100001447],[-96.84141099980128,33.11618999976383],[-96.84140800032654,33.11609000014283],[-96.84140699960332,33.11603599978852],[-96.8414059997784,33.11596199989002],[-96.84139400008284,33.115245999950034],[-96.84139099970977,33.1149909997568],[-96.84138800023506,33.11461000026636],[-96.841384999862,33.11415300004261],[-96.84138400003712,33.1138220003189],[-96.8413830002122,33.11371699968908],[-96.84138099966404,33.1132540002735],[-96.84138099966404,33.11322399969741],[-96.8413830002122,33.11315400031982],[-96.84137999983915,33.113027000274734],[-96.84137999983915,33.11300500014754],[-96.84137999983915,33.11298000009893],[-96.84137200034154,33.1116540001457],[-96.84137700036439,33.11156699972149],[-96.84137700036439,33.111429999743656],[-96.84137800018931,33.11128600036603],[-96.84137999983915,33.11114199999992],[-96.84138400003712,33.11087000000213],[-96.84139099970977,33.110461999931296],[-96.84139200043302,33.11039599986354],[-96.84139400008284,33.11032899974399],[-96.84139699955757,33.110120999799925],[-96.84139900010572,33.10995299963026],[-96.84139999993063,33.109912000108864],[-96.84140099975554,33.10984699963559],[-96.8414059997784,33.10958300022884],[-96.84141099980128,33.10925399986925],[-96.8414190001972,33.10879999968286],[-96.84142199967194,33.108620999760134],[-96.84142400022009,33.1084660000369],[-96.84142699969479,33.10829400036376],[-96.84143099989275,33.10807999995035],[-96.84143199971768,33.10798800035786],[-96.84143500009073,33.10780200006961],[-96.84143799956546,33.10761800020616],[-96.84144900033442,33.10693499982979],[-96.84145099998426,33.10681700020413],[-96.84145199980915,33.10673399967744],[-96.84145600000711,33.10654999983494],[-96.84146000020509,33.10628200011115],[-96.84146100003,33.106195999684054],[-96.8415039996877,33.10361400024961],[-96.84151999958122,33.10261799985831],[-96.84154700024371,33.10094599990611],[-96.84154800006863,33.10086600018398],[-96.84154999971845,33.10078500027824],[-96.84155200026659,33.10067199972759],[-96.84155399991641,33.10055799967089],[-96.84156999980993,33.09951099966083],[-96.8415820004038,33.09882200019491],[-96.8415820004038,33.09877299967877],[-96.84159199955124,33.09815499993145],[-96.84159499992431,33.097975000006265],[-96.8416099999929,33.09708699969659],[-96.84161400019086,33.09687100027839],[-96.8416169996656,33.09665599973467],[-96.84161800038882,33.09658999983333],[-96.84161900021374,33.09652500004163],[-96.84161900021374,33.09647999963673],[-96.84161900021374,33.09643700028183],[-96.84162099986355,33.09638199972875],[-96.8416230004117,33.096343999627514],[-96.84162599988643,33.09625199978974],[-96.84163099990931,33.095906000126774],[-96.84163500010726,33.09555999985452],[-96.8416660000694,33.0936700002141],[-96.84169700003156,33.09240499992896],[-96.84174499971212,33.09049999979043],[-96.84176099960564,33.08987100026062],[-96.84176399997868,33.089762000171774],[-96.84176700035174,33.08965299994786],[-96.84179699959066,33.088485000107525],[-96.84180800035962,33.08804500007773],[-96.84184599999446,33.08654400005679],[-96.8418490003675,33.08645600009084],[-96.84185400039036,33.086263999996355],[-96.8418560000402,33.08618699978577],[-96.8418569998651,33.086121000304274],[-96.84186000023817,33.08599699966202],[-96.84186100006306,33.08593299984479],[-96.84186600008593,33.08564899971762],[-96.84186699991086,33.08557600010391],[-96.84187100010884,33.08539499972805],[-96.84187600013168,33.08514599969578],[-96.84191899978939,33.082966000372686],[-96.84192999966005,33.08273600022408],[-96.8419820004369,33.08161399967171],[-96.84204500018608,33.080260000080294],[-96.842046000011,33.08019099963194],[-96.84204699983592,33.08012300022794],[-96.84205299968367,33.07947900021107],[-96.84205900042978,33.07933999993822],[-96.84206299972944,33.07925400024966],[-96.84209000039192,33.07867100018778],[-96.84211700015611,33.07808800002549],[-96.84212499965372,33.07792099997074],[-96.84213200022471,33.077754000351675],[-96.84214300009538,33.07750800013695],[-96.84214399992028,33.07749699976861],[-96.8421449997452,33.07746299978459],[-96.84215800016399,33.07697700008234],[-96.84217099968448,33.07649000031882],[-96.842186999578,33.07588800004748],[-96.84219300032407,33.07558899991454],[-96.84219499997393,33.07545700005115],[-96.84219699962372,33.07532799968533],[-96.84221500006541,33.07431799976521],[-96.84221699971523,33.07419399979568],[-96.84221599989031,33.07406899998948],[-96.84221500006541,33.0737120002696],[-96.84221800043844,33.07367299973799],[-96.84222699976095,33.07355999972144],[-96.84223500015688,33.07346399995307],[-96.84224600002753,33.07332000010411],[-96.84224600002753,33.07329299996503],[-96.84224799967738,33.07311499967729],[-96.8422569998982,33.07210799975151],[-96.8422569998982,33.072085000236754],[-96.84225500024839,33.07194499988626],[-96.84225299970024,33.07171699965589],[-96.84226799976884,33.0714190000951],[-96.84227000031701,33.07138200019033],[-96.84227000031701,33.071346999655766],[-96.84227299979172,33.07116300027269],[-96.84227500033985,33.07101500012974],[-96.84227699998966,33.070866000039494],[-96.84228799986033,33.07009300024526],[-96.8422920000583,33.06977899981507],[-96.84229600025625,33.06944899982399],[-96.84229799990608,33.06927699984445],[-96.84229899973099,33.06903199973507],[-96.84229999955589,33.068786999696414],[-96.84230299992895,33.06869399991178],[-96.84230700012691,33.068601000028885],[-96.84230799995181,33.068546000132805],[-96.84230999960164,33.06837099996108],[-96.84231799999756,33.06775600029645],[-96.84232200019552,33.067489999979145],[-96.84232999969313,33.06689900004715],[-96.84234800013478,33.06587899992346],[-96.84235099960954,33.06557299983951],[-96.84235499980748,33.065192999715656],[-96.84236200037849,33.06456000005245],[-96.84236599967815,33.0640280003729],[-96.84236900005118,33.06363999985232],[-96.84236900005118,33.063580000209015],[-96.84236900005118,33.06356499972716],[-96.84236900005118,33.06355399987404],[-96.84236900005118,33.063536000043015],[-96.84236900005118,33.06350999969508],[-96.84236900005118,33.06349599973618],[-96.84236900005118,33.06347600032875],[-96.8423699998761,33.063436999777366],[-96.8423699998761,33.0633119997468],[-96.84236499985323,33.06329600018778],[-96.8423699998761,33.063216999875806],[-96.8423699998761,33.06303699995801],[-96.8423699998761,33.06294199979025],[-96.84236900005118,33.06254500011124],[-96.84236900005118,33.06253099999885],[-96.84236900005118,33.062491999781585],[-96.84236900005118,33.06233899963097],[-96.84236900005118,33.06230899974737],[-96.84236900005118,33.062184000373385],[-96.84236900005118,33.062116999648055],[-96.84236900005118,33.061890000103986],[-96.84236800022629,33.06111699976279],[-96.84236700040135,33.060139000373674],[-96.8424259999526,33.05875999964087],[-96.84244900041713,33.05822800029087],[-96.8425039997704,33.05695000034996],[-96.84250799996836,33.05687100036571],[-96.84251100034142,33.056789999841236],[-96.84253599955746,33.056195999992106],[-96.8425389999305,33.056135999792104],[-96.84254499977828,33.05598999971182],[-96.84256200039503,33.05560199989984],[-96.84258099976329,33.05515499964414],[-96.84261300044865,33.054424999981364],[-96.84262099994626,33.054225000152],[-96.84262199977118,33.05420500014406],[-96.84262400031932,33.05407899991443],[-96.84263199981692,33.053636999678865],[-96.84264699988555,33.053099000087805],[-96.84266000030433,33.052629999748234],[-96.84266199995416,33.05257399975427],[-96.84266600015211,33.052439000281204],[-96.84268500041868,33.05177999996025],[-96.8426929999163,33.05149399968022],[-96.84270299996203,33.05105900023766],[-96.84270799998492,33.050842999975664],[-96.84270999963472,33.05076700031519],[-96.84272300005352,33.050104999725995],[-96.84272499970336,33.0500339998564],[-96.84272800007638,33.0499450003314],[-96.84273499974908,33.04990100012686],[-96.84274099959687,33.049505000308905],[-96.84274700034295,33.049100999899295],[-96.84274700034295,33.04907199996818],[-96.84275499984057,33.04903800029645],[-96.8427580002136,33.04902500024134],[-96.84274899999278,33.04897999963024],[-96.84275300019074,33.04882200034795],[-96.84276599971122,33.048212000163346],[-96.84277199955899,33.04790399973869],[-96.84277699958187,33.04767599972794],[-96.84278300032797,33.0474299997677],[-96.84278699962762,33.04722599999579],[-96.8427919996505,33.047027000349786],[-96.84280199969623,33.04665799969149],[-96.84280800044233,33.04641599980381],[-96.8428059998942,33.046086000322916],[-96.84280500006929,33.04584400036954],[-96.84280500006929,33.045768000159896],[-96.84280900026725,33.045608999647754],[-96.84281099991706,33.04551600022396],[-96.84281299956687,33.04542499992348],[-96.84285899959765,33.0434740001413],[-96.84288000041236,33.04250700003164],[-96.842883999712,33.042406000172576],[-96.84288600026015,33.04230600022044],[-96.84288700008504,33.042261999964516],[-96.84289100028302,33.04202600020223],[-96.84289299993283,33.04193900016861],[-96.84290899982636,33.04183200024314],[-96.84289399975773,33.04172200009986],[-96.84289499958267,33.041407000093336],[-96.84289999960552,33.04060500018913],[-96.84290299997858,33.04011800023156],[-96.84290100032875,33.03946199975034],[-96.84290100032875,33.039396999918814],[-96.8429470003595,33.038615000329536],[-96.84294900000933,33.038500000358155],[-96.84302799965204,33.03433500025663],[-96.84307100020808,33.031808999769645],[-96.8430739996828,33.03171700022895],[-96.84307600023092,33.031624999839124],[-96.84308600027667,33.031256000183625],[-96.84309499959919,33.030889000040666],[-96.84309999962205,33.03067599973285],[-96.8432069997522,33.030389000056104],[-96.84322099999588,33.03033800027031],[-96.8432069997522,33.03003899980994],[-96.84324100008739,33.02978099983163],[-96.84324199991228,33.02966599962709],[-96.8432429997372,33.029584000273736],[-96.84325199995801,33.02874899989654],[-96.84326100017884,33.02796199977174],[-96.84326200000378,33.02786300018095],[-96.84327000039968,33.027102000237505],[-96.84326700002664,33.026200999713076],[-96.8432639996536,33.02601999999386],[-96.8432650003768,33.025967000276204],[-96.84326600020172,33.025913999773515],[-96.84326700002664,33.02573700030799],[-96.8432789997222,33.02562399976975],[-96.84327500042257,33.02540199987007],[-96.84327600024747,33.02467600003948],[-96.84332899995093,33.022697999631696],[-96.84333200032395,33.02256000032911],[-96.84334599966937,33.02181899962633],[-96.8433559997151,33.02107899973736],[-96.84335900008814,33.02086200026644],[-96.8433559997151,33.02009699979036],[-96.84336900013388,33.01918300003332],[-96.84337300033185,33.01903800000036],[-96.84336800030897,33.01895599979822],[-96.84336400011102,33.01887299998446],[-96.84336599976085,33.018741999738225],[-96.84336699958575,33.01870000034828],[-96.84337400015676,33.018278000238574],[-96.84343000023327,33.018105000188115],[-96.84349100033263,33.01797999984028],[-96.84349399980736,33.01781599965147],[-96.84358500004396,33.016646999770465],[-96.84358000002108,33.016498999892825],[-96.84360599996036,33.01605000017937],[-96.84361900037915,33.01578899971283],[-96.84362199985388,33.01573900008939],[-96.84363899957232,33.0153799997309],[-96.84364799979315,33.01501900025915],[-96.8436510001662,33.0149130003693],[-96.8436729999075,33.01435699996876],[-96.84369800002186,33.01372000037617],[-96.84370899989253,33.0134470001106],[-96.84370899989253,33.013428999831596],[-96.84370300004474,33.013192999684016],[-96.84370300004474,33.01287800014345],[-96.84370300004474,33.01276999997742],[-96.84370300004474,33.01274300010353],[-96.84370300004474,33.01260399992457],[-96.84371399991538,33.01233499991523],[-96.8437149997403,33.012301999989184],[-96.84372399996111,33.01207599973017],[-96.8437490000755,33.011707999962155],[-96.84377599983968,33.01133600017531],[-96.84377699966457,33.01132200020937],[-96.84379299955812,33.01110399970005],[-96.84379299955812,33.01077100016237],[-96.84379299955812,33.01047099999089],[-96.84379299955812,33.01044699981258],[-96.84379299955812,33.01042899967454],[-96.84379599993115,33.010264000121296],[-96.8438119998247,33.0092809998548],[-96.84382199987043,33.00895000026278],[-96.84383799976395,33.0084590000296],[-96.84376400014409,33.00847099963676],[-96.84377199964172,33.00828400023703],[-96.84378500006049,33.00798899969303],[-96.84377599983968,33.007966000004984],[-96.84377599983968,33.00793599968229],[-96.8437780003878,33.00777900028791],[-96.84377900021272,33.00769399966909],[-96.84378199968745,33.00733400003956],[-96.8437840002356,33.00717300014828],[-96.84378500006049,33.00702900037551],[-96.84379000008337,33.00645100033463],[-96.84379299955812,33.00641000004056],[-96.84382900044142,33.00581200001673],[-96.84380799962672,33.005570999888924],[-96.8438119998247,33.00515200005599],[-96.84381600002266,33.004756000270646],[-96.84382900044142,33.00399100018817],[-96.84382299969533,33.00397100007736],[-96.84382900044142,33.00395300012436],[-96.84383199991616,33.00329799988165],[-96.84383299974108,33.0031849999655],[-96.8438489996346,33.002280999945974],[-96.84386000040358,33.00169000017749],[-96.8438629998783,33.00152599982932],[-96.84390700025924,33.000432999677315],[-96.84391999977971,32.99984399983905],[-96.84392999982543,32.99941999964083],[-96.84392999982543,32.9991320001637],[-96.84394700044218,32.99860799975009],[-96.84397199965824,32.997805000148944],[-96.84397400020639,32.99768999967351],[-96.84398099987907,32.99736600024685],[-96.84398199970398,32.997312000101154],[-96.84398300042722,32.997241999667764],[-96.84398400025214,32.997210999684164],[-96.8439759998562,32.99714400002256],[-96.84397400020639,32.997131999627996],[-96.84394499989406,32.99697499984053],[-96.84394700044218,32.99682499977786],[-96.84395400011489,32.99646699982327],[-96.84397000000843,32.99556700023546],[-96.84398199970398,32.99507399973861],[-96.84402500026,32.99270900021871],[-96.84406299989486,32.99064499976564],[-96.84408600035938,32.989418000000484],[-96.84409700023004,32.98890799967974],[-96.8441220003444,32.98743499974582],[-96.84346399967013,32.987426999858606],[-96.84219800034698,32.987411000082],[-96.84205699988165,32.98741000019008],[-96.84083099984313,32.98739399965689],[-96.84029400044102,32.9873869996582],[-96.84004400019576,32.987384999873754],[-96.83895500042462,32.98736999998198],[-96.83743499975989,32.9873499998711],[-96.83607700037521,32.98733300018775],[-96.83507200026965,32.98732000007308],[-96.83492400013164,32.987318000287125],[-96.83373099970508,32.98730299963045],[-96.83001199958166,32.987255000224565],[-96.82871699994617,32.987240000310685],[-96.82851899957946,32.98723599998158],[-96.82844099976165,32.987234000193716],[-96.8283670001418,32.987234000193716],[-96.82820599958501,32.987231999652295],[-96.82260299964712,32.98715999972228],[-96.82005299966082,32.98712700017431],[-96.81893200010259,32.987112000238625],[-96.81556899963132,32.98707000010395],[-96.81455900040116,32.98705699995051],[-96.81335500010397,32.9870410001069],[-96.80684699961962,32.98695799964699],[-96.80676200012913,32.986956999749886],[-96.80669500018197,32.986955999852825],[-96.80564400004565,32.9869429996826],[-96.80528500002043,32.986938000196275],[-96.80520600037774,32.98693700029895],[-96.80387900005688,32.98691999978259],[-96.80369400010895,32.98691700009002],[-96.80342999962,32.98691399964386],[-96.80324499967206,32.9869119998487],[-96.79876900003848,32.986854999639526],[-96.79735800005206,32.98683600006396],[-96.79663900017674,32.98682800012246],[-96.7954959999789,32.98681300013603],[-96.79381600037895,32.986791000101036],[-96.79236699985935,32.986770999859026],[-96.79221299987356,32.986769000060626],[-96.7915459998768,32.986760000213714],[-96.78838300032037,32.986716000111905],[-96.78647600004138,32.98669200025265],[-96.78562800029464,32.98667999994379],[-96.7844149997766,32.986664000031844],[-96.78400499969777,32.98665899977615],[-96.78384099966625,32.98665699997521],[-96.7817950003684,32.986631000298395],[-96.77867499957136,32.98658800003357],[-96.77659699958815,32.98656200033638],[-96.7747400004362,32.98653699977987],[-96.77349699978092,32.986521999744],[-96.77252699983545,32.98651000016554],[-96.77142800001855,32.986495000125075],[-96.76824700002045,32.986454000353106],[-96.76809499968448,32.986451999794],[-96.76615499979354,32.9864260000568],[-96.7644890004373,32.98640399992537],[-96.76265699960305,32.98638099988487],[-96.76140399980035,32.986363000111076],[-96.76081600034462,32.986356000030625],[-96.7592799997864,32.98633599969007],[-96.7588990000199,32.98632900036094],[-96.75854900021552,32.9863259998948],[-96.75838400035907,32.98632400008632],[-96.75646399966129,32.986298000311365],[-96.75623600005565,32.98629499984418],[-96.75601699977254,32.986292000130426],[-96.75517800024664,32.98627999976719],[-96.75504500017723,32.986277999957665],[-96.75489100019145,32.98627500024325],[-96.75395600040608,32.986262999877766],[-96.75373200010009,32.98626100006786],[-96.75099200014297,32.986222999903426],[-96.74842600026312,32.98618900009931],[-96.74704399969069,32.986169999626924],[-96.74597900020896,32.98615600018834],[-96.74435999981009,32.98613399998962],[-96.74415899996862,32.986131000270376],[-96.74366100002624,32.98612400017148],[-96.74356099956881,32.98612300026498],[-96.74156399977645,32.9860959997705],[-96.74112000026074,32.986090000329284],[-96.7389209999037,32.98605900019578],[-96.73798000027055,32.98604499998612],[-96.73601699991505,32.986020000036724],[-96.73569800007282,32.986015999652324],[-96.73496999997668,32.98600599982082],[-96.73341800042324,32.98598600015448],[-96.73302599988779,32.98597999995227],[-96.73225400030901,32.98596900020838],[-96.72986699963099,32.98593600021517],[-96.72969599992679,32.9859350003065],[-96.7290080000136,32.98592600037462],[-96.7282759997195,32.985915999779394],[-96.72818000035836,32.98591399996162],[-96.72805899998453,32.98591300005275],[-96.72705399987893,32.985898999819874],[-96.72604100027576,32.985885000338314],[-96.72500799968277,32.985871000101056],[-96.72489100040522,32.98586900028227],[-96.7232000000363,32.98584700001201],[-96.72246199989442,32.98583700016136],[-96.72021400003189,32.98580699984916],[-96.71915200002492,32.98579199968923],[-96.71852600003602,32.985783999653115],[-96.7182070001938,32.98577900010116],[-96.7180730002995,32.98577800019069],[-96.71769300035788,32.98577199997435],[-96.71704700027752,32.985764999847035],[-96.7168909997436,32.98576200011521],[-96.71655000016005,32.985756999808466],[-96.71580899964512,32.98574799985844],[-96.71513499997565,32.98573799999658],[-96.713040000274,32.985709000315445],[-96.71179900016686,32.98569200031607],[-96.71167299977017,32.985690999651155],[-96.71152800000522,32.985688999828284],[-96.7112590003917,32.985685000182414],[-96.71106799969768,32.985681999694336],[-96.71098300020718,32.985680999782836],[-96.71072000044144,32.9856770001366],[-96.70973399970413,32.98566499968976],[-96.7092940003864,32.985644999946096],[-96.70855100022163,32.98561299974405],[-96.70838999966485,32.98560499969171],[-96.7054849998513,32.98547800017674],[-96.70494000005324,32.98553000020197],[-96.70483200009821,32.98554100000055],[-96.7047750001968,32.98554600031952],[-96.70475500010532,32.98554800014563],[-96.70463999957926,32.98554499965295],[-96.70435400024733,32.98554100000055],[-96.70412699956829,32.98553700034797],[-96.70393599977258,32.985533999854866],[-96.7019659997444,32.985499999785425],[-96.70168899973496,32.985462999960916],[-96.70124199984622,32.985425000206476],[-96.69985599997412,32.9853800002778],[-96.69977300013343,32.985376999779405],[-96.69969799979037,32.98537799969435],[-96.69960900010192,32.9853800002778],[-96.69889000022661,32.98536300021506],[-96.69708199968183,32.9853210000017],[-96.69601899984993,32.985296999763165],[-96.6956299996875,32.98528799976618],[-96.69534400035555,32.98528100035402],[-96.69533900033267,32.98538399993748],[-96.69516899955504,32.98538200010766],[-96.69506499979798,32.9853800002778],[-96.69481799992577,32.98537599986439],[-96.69451499997707,32.985370000374246],[-96.69379199990381,32.9853569999705],[-96.69303000037077,32.985342999649504],[-96.69266899979743,32.98533899998795],[-96.69233900008456,32.98533199982625],[-96.69185899968554,32.98532399974851],[-96.6909980004183,32.98531000017576],[-96.69077400011231,32.98530599975918],[-96.69034499976695,32.98529799967902],[-96.69020500002485,32.985295999847246],[-96.69010899976537,32.98529499993138],[-96.68944299959352,32.98528400010215],[-96.68869899960384,32.985267999937165],[-96.68795399978926,32.98525899993722],[-96.68576299982816,32.98528799976618],[-96.6849009998377,32.98530900025998],[-96.68454400036066,32.98531700033914],[-96.68431199965873,32.98531299992289],[-96.68246899985218,32.985285999934185],[-96.68229200030014,32.985285000018195],[-96.67874600042909,32.98523399976522],[-96.67589900034186,32.98519400007814],[-96.67570299962495,32.98519100032691],[-96.67480600037273,32.98517899981405],[-96.67353500012837,32.98515999987776],[-96.67339700003608,32.985158999960284],[-96.67257199985558,32.98514700019655],[-96.67216299960167,32.98514099993737],[-96.67159100003944,32.98513299984226],[-96.66989600037088,32.985109000306096],[-96.66948100026919,32.985103999962384],[-96.66942400036777,32.98510300004427],[-96.6690529997487,32.985097999700216],[-96.66804099997044,32.98508300017335],[-96.66665199972529,32.98506300029783],[-96.66643800036336,32.98505999978866],[-96.66618399992016,32.98505600011429],[-96.66579800013076,32.98505199968622],[-96.66547400026568,32.985047000092734],[-96.66517999963948,32.985044000336565],[-96.66508099990526,32.985041999745505],[-96.66144399979763,32.98499000018636],[-96.66066499964788,32.98498000023862],[-96.66050499981428,32.98497699972665],[-96.65397200011388,32.98488099986621],[-96.64914599977764,32.98481699965015],[-96.64840299961288,32.98480599976136],[-96.64776300027859,32.98479599979285],[-96.64087200037793,32.98469899981296],[-96.6406949999276,32.9846940001995],[-96.63888599955789,32.98466999979052],[-96.63412899971692,32.98460400032752],[-96.63306199968707,32.98459500025988],[-96.63193100008314,32.98456800005158],[-96.6302260003688,32.98454700013504],[-96.62938000027188,32.98453400036363],[-96.62919799979869,32.98453099983649],[-96.62865800002353,32.9845229996861],[-96.62816500010403,32.98451600021322],[-96.62421900019989,32.98446099981471],[-96.62350100014947,32.98444999988161],[-96.62312600023076,32.984440999798274],[-96.62304099984193,32.984431999714076],[-96.62296200019924,32.98443999987271],[-96.62283599980252,32.98443800002151],[-96.62104700042264,32.98441199969107],[-96.61953000013098,32.984396000121535],[-96.61889699957108,32.98439099973743],[-96.61804799999942,32.9843730003114],[-96.61336700032643,32.984308999727],[-96.6108089999442,32.98427100022936],[-96.60888699959659,32.984242000066324],[-96.60818600016296,32.98423399988973],[-96.60683899975062,32.984213999821876],[-96.60560400038956,32.984190999964326],[-96.60444500029823,32.984177000211886],[-96.60321300041193,32.984162999703756],[-96.60210899967382,32.98414199969088],[-96.60101700042792,32.98412300028488],[-96.59991199986491,32.98410999969749],[-96.59888199964499,32.98409500000275],[-96.59784200027761,32.98408400002399],[-96.59599899957274,32.98405100007961],[-96.5942510002007,32.9840280001796],[-96.58746400005708,32.98392699963033],[-96.58492900013941,32.9838880000364],[-96.58421100008901,32.983878999895815],[-96.58379599998732,32.983866999958096],[-96.58345200003072,32.98385899974753],[-96.58034300000266,32.983825999719045],[-96.57908400035218,32.983811999908795],[-96.5775710002585,32.98378600014753],[-96.5763479996947,32.98376500004497],[-96.57504899986128,32.983743999937424],[-96.57346200014773,32.98371800015613],[-96.57291200032681,32.983705000262646],[-96.57232200032293,32.98370099977335],[-96.56955600042656,32.983662000079576],[-96.56851000031308,32.98364299981678],[-96.568398999985,32.98364099994752],[-96.56800200032497,32.98364099994752],[-96.5678070003313,32.98363700020886],[-96.56586900009017,32.983607999837545],[-96.5649140002133,32.983590000251866],[-96.56327499972292,32.983570000038114],[-96.56228899988392,32.98355400031597],[-96.56135599974837,32.98353999970904],[-96.56036099968854,32.98352599985338],[-96.55986299974617,32.983516999675835],[-96.5592889996358,32.98351000012326],[-96.55928500033616,32.98349800013539],[-96.55926299969654,32.983508000250986],[-96.5592099999931,32.983507000314795],[-96.55878599967056,32.98350099994415],[-96.55834899982756,32.98349199976407],[-96.55068700017303,32.98338000004224],[-96.54982900038054,32.9833680000367],[-96.54900400020003,32.98335600002952],[-96.54886000025998,32.98335400015376],[-96.54711399963948,32.98332599962767],[-96.54614500041723,32.98331299967645],[-96.54477399971542,32.98329100027631],[-96.54380200012014,32.983275999688864],[-96.54292199968802,32.98327199993367],[-96.54222999957688,32.9832589999745],[-96.54127499970004,32.983242000256816],[-96.53937400016713,32.9832089999977],[-96.53908799993687,32.983205000239465],[-96.53893999979888,32.98320300036028],[-96.53566699973929,32.98315199965812],[-96.53553399966988,32.98314999977773],[-96.53534799989706,32.98314699995704],[-96.53432400042321,32.98313200009868],[-96.53327699958653,32.98311500035654],[-96.53181799991951,32.983092000212665],[-96.53173799955358,32.98309100027183],[-96.53115000009782,32.98308200004995],[-96.52880900034886,32.983044999965536],[-96.52853399998926,32.98304000025846],[-96.52797499994753,32.98303399985601],[-96.52789999960446,32.98303299991452],[-96.52699999997918,32.98301899997845],[-96.52530199993755,32.9829939999256],[-96.5244590002137,32.9829809999255],[-96.5231019997556,32.98296500009661],[-96.52199100024313,32.98294599968382],[-96.52173599997501,32.98294099997113],[-96.52156299972263,32.98293800014334],[-96.52153500013355,32.98291200012468],[-96.52153400030863,32.98293800014334],[-96.52134199978971,32.9829350003155],[-96.51707000037064,32.98288200032555],[-96.5170109999211,32.98286199995142],[-96.5168789996766,32.982861000007965],[-96.51648100019167,32.982861000007965],[-96.5159690000056,32.9828629998949],[-96.51588699998982,32.98285800017746],[-96.51448600004912,32.98285199976264],[-96.51377700021956,32.98285199976264],[-96.51377499967143,32.98298599963598],[-96.5136109996399,32.9829809999255],[-96.51089199959917,32.98290199994163],[-96.5105340002972,32.98289199975738],[-96.50849499977373,32.98284300026999],[-96.5071199997723,32.98282599971865],[-96.50604400041993,32.98281600027935],[-96.50316600037054,32.98279400000186],[-96.49906499975738,32.9827539999627],[-96.49598500004163,32.982726999944894],[-96.49357300014758,32.982704999645165],[-96.4913989999049,32.98269200035606],[-96.4896730002742,32.98268499998447],[-96.48874799963625,32.98266199972858],[-96.48733199962693,32.98264799973368],[-96.48300099975832,32.982611000220935],[-96.48087900029248,32.982591999731945],[-96.47905400002925,32.98257599983257],[-96.47726300010122,32.98255999993028],[-96.47161499995748,32.98250900036372],[-96.46673900029084,32.98246700029964],[-96.46593800039977,32.982458999962205],[-96.46380099996699,32.98244200009048],[-96.4637099997304,32.98243900024579],[-96.4631189999016,32.98243599964744],[-96.44926199975718,32.98237599971539],[-96.44868799964682,32.98237299986845],[-96.44394900024751,32.98235999977687],[-96.44297299955595,32.98235799987854],[-96.43798700028444,32.98234399983549],[-96.43800400000289,32.982259000333556],[-96.43798800010934,32.98210400036623],[-96.43733500035627,32.98210400036623],[-96.43539600029024,32.982111999982266],[-96.43440399970513,32.982114999838075],[-96.43411599982505,32.982114999838075],[-96.43335699976676,32.98211799969383],[-96.43304999962012,32.98211799969383],[-96.43272099973214,32.98211799969383],[-96.4324589997913,32.98211799969383],[-96.43228200023931,32.98211899964569],[-96.43221299974404,32.98212000035109],[-96.43196699969673,32.98212100030298],[-96.43143600014238,32.98211899964569],[-96.43022400034758,32.982114999838075],[-96.42897599966943,32.982131999772776],[-96.428149999664,32.98212600006211],[-96.42737100041256,32.982111999982266],[-96.42180799975932,32.98200799964229],[-96.42111099962531,32.98200000001683],[-96.42007499955761,32.981999000063574],[-96.41928200006245,32.98199600020382],[-96.4191449997951,32.981994000297256],[-96.41911499965785,32.982238999818264],[-96.41911399983296,32.98225199992762],[-96.41664699968732,32.9822320001643],[-96.4165189996408,32.98223100021373],[-96.41334199984067,32.98220599993778],[-96.41334100001578,32.981954999849414],[-96.41321899981703,32.981953999895644],[-96.4128079999133,32.981954999849414],[-96.41225499971932,32.98195699975687],[-96.41137799966027,32.98195899966428],[-96.40983699997749,32.98194600026528],[-96.40947399975434,32.98194099974241],[-96.40889200014637,32.981935000018815],[-96.40884500029071,32.981935000018815],[-96.40863100003045,32.98193200015684],[-96.40861799961168,32.98193200015684],[-96.40848700009042,32.98193200015684],[-96.40837099973946,32.98193200015684],[-96.40603099981544,32.98190999965901],[-96.3987340000339,32.98191400022947],[-96.39807899973268,32.9819150001837],[-96.3969819995656,32.98191600013785],[-96.3969819995656,32.98221099969209],[-96.39642800044504,32.98220799983956],[-96.39587400042618,32.982204999986855],[-96.39561099976213,32.982204999986855],[-96.39534799999639,32.98220400003597],[-96.39529000027007,32.98220400003597],[-96.39490100010764,32.98220200013411],[-96.39451199994521,32.98220000023222],[-96.39361800016772,32.982195999674715],[-96.39272400039022,32.982190999919496],[-96.39261800008502,32.982189999968455],[-96.39251199977979,32.982189999968455],[-96.39201399983743,32.98218800006627],[-96.39151699971995,32.982185000212894],[-96.3902639999173,32.98217899975239],[-96.38955500008771,32.98217499994749],[-96.38904200007674,32.98217300004497],[-96.38877699976285,32.982172000093676],[-96.38784899965017,32.98216700033716],[-96.38740900033243,32.982164999680904],[-96.38603699980573,32.98215800002108],[-96.38555099955892,32.98215600011818],[-96.38546799971824,32.98215600011818],[-96.38508799977666,32.98215400021523],[-96.38330299969638,32.982145999849436],[-96.38280599957893,32.98214399994625],[-96.37969599972597,32.982128999917485],[-96.37941200004384,32.98212799996569],[-96.37871400008493,32.98212500011033],[-96.37596499990697,32.982114999838075],[-96.37542199975876,32.982111999982266],[-96.37212299975988,32.98209200018724],[-96.37208599994997,32.98209200018724],[-96.37072799966698,32.98208399981583],[-96.36569999966436,32.98206699987195],[-96.3615980001246,32.981878000363764],[-96.35747700031828,32.98189099977272],[-96.35737600003594,32.98196100032514],[-96.35693400017007,32.98198799982371],[-96.35584100020093,32.981929000294826],[-96.35502500024123,32.981929000294826],[-96.35463400042899,32.98197900024294],[-96.35434700037382,32.98201600002054],[-96.35401900031077,32.98195599980312],[-96.35343599997958,32.981929000294826],[-96.35303500012158,32.981905999841935],[-96.35236899994969,32.981860999626605],[-96.35193700012957,32.98195199998812],[-96.3516709999908,32.982002999876435],[-96.35105099984968,32.98200000001683],[-96.34187299972844,32.9819600003715],[-96.33766599970836,32.98193999978847],[-96.33662299996796,32.98180499987925],[-96.33649099972347,32.98181900000782],[-96.33531999993654,32.981822999828836],[-96.33420900042408,32.981819999963065],[-96.33398900031605,32.98181700009724],[-96.33388800003372,32.98181100036523],[-96.33363000029085,32.981802000012856],[-96.33279500006458,32.981802000012856],[-96.33249899978857,32.98179900014642],[-96.33229899977204,32.98179199970402],[-96.33118800025957,32.9817820001476],[-96.3297339997171,32.98176400018965],[-96.3293040004451,32.98175799970052],[-96.32913299984257,32.98175799970052],[-96.3289169999325,32.98175499983254],[-96.32888500014543,32.98175499983254],[-96.32848199973932,32.9817529999205],[-96.32832199990575,32.98175199996451],[-96.32799899986557,32.98175100000843],[-96.32769599991684,32.98174900009631],[-96.32659000042725,32.98173200008792],[-96.32589400011815,32.98172099981474],[-96.32525399988556,32.98171200020681],[-96.32459299973658,32.98170199988778],[-96.32376400025642,32.98168999965416],[-96.32360600007266,32.98167600025868],[-96.32351300018625,32.98166799984958],[-96.32341100007899,32.98164999986838],[-96.32333200043628,32.981628000053895],[-96.32320400038975,32.981578999864915],[-96.32307700016817,32.981489999790604],[-96.32285899970994,32.98170199988778],[-96.32270300007436,32.98184199972977],[-96.32253200037012,32.98175699974452],[-96.32241600001917,32.98171000029381],[-96.32227000042928,32.98167299963441],[-96.32219500008623,32.98166899980659],[-96.32214900005546,32.9816669998926],[-96.32099599981188,32.9816450000823],[-96.31894999961574,32.98167400034487],[-96.31888900041467,32.98167299963441],[-96.31376400032767,32.981599999733945],[-96.30906699986284,32.98159699986059],[-96.30409800030976,32.981549000366336],[-96.30378199994229,32.9815599999074],[-96.30321500040293,32.98155200024134],[-96.30276299959301,32.98159399998719],[-96.30132099964442,32.98177199983655],[-96.29876800018337,32.981760000365945],[-96.29792100026154,32.98175499983254],[-96.29750899963457,32.98175199996451],[-96.29722699960227,32.98175199996451],[-96.29708000018748,32.98687399996451],[-96.29703599980655,32.988399999941194],[-96.29702699958574,32.98871000009973],[-96.29702599976082,32.98875300008433],[-96.29701599971509,32.989084000105734],[-96.29701300024033,32.98917800017233],[-96.29701200041544,32.989224000296666],[-96.29699800017173,32.989730999947994],[-96.29699300014886,32.989893999750784],[-96.29699200032394,32.989943999708515],[-96.29699099960072,32.9903000000356],[-96.29698499975295,32.99238599966826],[-96.29698499975295,32.992488000168116],[-96.29698399992803,32.992732999948835],[-96.29698399992803,32.99289600023501],[-96.29697600043042,32.99582100018661],[-96.29697999973008,32.99637799969118],[-96.29682999994225,33.00165100014527],[-96.29674899975137,33.00449500027903],[-96.29674000042887,33.00482899985296],[-96.29675600032239,33.0052429997574],[-96.2967649996449,33.005418999997964],[-96.29676299999508,33.00701199996307],[-96.29675899979712,33.01103399966411],[-96.29675899979712,33.0119350000251],[-96.29673899970564,33.01940600006014],[-96.29673799988072,33.01986600004611],[-96.29673799988072,33.02003500005866],[-96.29673700005583,33.02020399974724],[-96.29673600023091,33.02040099993355],[-96.29672700001008,33.02354099971897],[-96.29671799978924,33.02669000017096],[-96.29671799978924,33.02670800000204],[-96.29668900037524,33.03038000014035],[-96.29668799965202,33.030457999630755],[-96.29664599981922,33.035580999904326],[-96.2966509998421,33.03931299971789],[-96.296651999667,33.03990400034514],[-96.296651999667,33.04041799966872],[-96.296651999667,33.04067500008849],[-96.29665300039022,33.04114700019563],[-96.29664499999431,33.0429260000517],[-96.2966299999257,33.046842999823],[-96.2966299999257,33.04689499981442],[-96.29662400007793,33.04819100033971],[-96.296623000253,33.04867600018719],[-96.29654500043519,33.0515009998614],[-96.29652899964336,33.05209700033837],[-96.29646400024434,33.0544570000625],[-96.29645800039657,33.057242999949],[-96.29645400019861,33.060187000010615],[-96.2964530003737,33.06147899991747],[-96.2964530003737,33.06166799974148],[-96.29645199965046,33.06255399975211],[-96.29645099982555,33.062809999775176],[-96.29645099982555,33.063012000003006],[-96.29645000000065,33.06334800024959],[-96.29645000000065,33.06345399984613],[-96.29644900017573,33.063507000349354],[-96.29644900017573,33.064832000299084],[-96.29644900017573,33.06540999991406],[-96.29639099955111,33.067515000167745],[-96.29635700011421,33.06876900018286],[-96.29634299987052,33.06929099963647],[-96.29626300040287,33.07217300027858],[-96.29625300035715,33.07256100006335],[-96.29625199963392,33.073091999673046],[-96.296250999809,33.073822000343995],[-96.29624699961104,33.07394899982777],[-96.29622200039499,33.07469400025557],[-96.29619899993047,33.075403000323625],[-96.29618100038712,33.076722999888226],[-96.29618700023491,33.07804299996984],[-96.29618700023491,33.07868499999056],[-96.29623099971752,33.08867900036547],[-96.29618300003696,33.09687100027839],[-96.29618300003696,33.09740000032608],[-96.29618300003696,33.09763599987375],[-96.29618300003696,33.09782099971075],[-96.29618300003696,33.098396999785066],[-96.29618300003696,33.09878200012887],[-96.29618300003696,33.09908600032491],[-96.29618100038712,33.09919299988383],[-96.29617299999121,33.09979600028667],[-96.29616600031851,33.100186000358356],[-96.29616499959528,33.10027300001089],[-96.29616299994545,33.100378000151565],[-96.29615500044785,33.10042500029573],[-96.29615700009768,33.10048099993834],[-96.29616299994545,33.10061999990491],[-96.29606400021126,33.101971000249485],[-96.29607599990683,33.10562699994346],[-96.29609000015053,33.109460000336924],[-96.2961239995874,33.11885299967114],[-96.29612000028776,33.12137799995451],[-96.29619100043288,33.12750400029045],[-96.29617100034139,33.12785699978101],[-96.29607500008191,33.130833999630454],[-96.29604599976959,33.13167600019805],[-96.29598600039346,33.13339800031355],[-96.2959679999518,33.13393599994352],[-96.29592699994392,33.13511800030718],[-96.29592500029409,33.13515600018717],[-96.29592500029409,33.1352129999763],[-96.29591699989818,33.140172000148766],[-96.29591699989818,33.14033499987061],[-96.29590900040056,33.14217899982763],[-96.29590699985242,33.14249800007946],[-96.29590600002751,33.14277199991465],[-96.29590100000463,33.14353800031692],[-96.29590000017974,33.14376899965714],[-96.29590100000463,33.14394200017465],[-96.29590000017974,33.144102999675916],[-96.29590000017974,33.144163999643375],[-96.29589900035482,33.14439099963063],[-96.29589900035482,33.144501000006336],[-96.29589500015686,33.1453130001954],[-96.29589299960872,33.1457810000512],[-96.29588799958584,33.14709700028045],[-96.29588599993602,33.1474809996928],[-96.2958840002862,33.14784699981288],[-96.29588299956299,33.14809899988338],[-96.29588299956299,33.14817299977256],[-96.29588199973806,33.14836499996643],[-96.29588099991315,33.14854900019664],[-96.29588000008822,33.148848000311766],[-96.29588000008822,33.14897799988047],[-96.2958769997152,33.14909400014297],[-96.29585999999676,33.14975900032141],[-96.29584999995103,33.150153999663914],[-96.29578899985165,33.15253199966627],[-96.2957579998895,33.153712999734395],[-96.29575600023968,33.153811999862846],[-96.29575500041477,33.15387700012946],[-96.29575399969154,33.15390799985783],[-96.29576600028544,33.15395099965701],[-96.29577299995812,33.15398699989247],[-96.29578800002673,33.154047000252],[-96.29579800007248,33.15406899987216],[-96.295813999966,33.15410800007406],[-96.29582300018683,33.154191999697915],[-96.29581800016396,33.154227999834454],[-96.2958130001411,33.15427700024719],[-96.29579999972229,33.1543360001553],[-96.29576600028544,33.15661700018312],[-96.29572699992735,33.15925700028451],[-96.29572500027754,33.159371000098666],[-96.2957229997294,33.15944699989242],[-96.2957219999045,33.15951000010694],[-96.29572100007958,33.159569000254834],[-96.29572000025468,33.15964899989482],[-96.29566300035329,33.162740000327084],[-96.29557999961426,33.16763700016436],[-96.29556899974364,33.169220999731586],[-96.2955110000173,33.1772449997493],[-96.29550900036747,33.17769000019246],[-96.29551400039036,33.17771199989556],[-96.29548099988007,33.18671600031322],[-96.29548000005516,33.187227000247404],[-96.29547900023024,33.187280999645566],[-96.29547900023024,33.187416000250636],[-96.29547800040534,33.187525000158594],[-96.29546599981147,33.19109099986458],[-96.29545599976571,33.19259700030498],[-96.29539899986432,33.19945100032975],[-96.29539499966634,33.20020800035394],[-96.29537499957488,33.20178399974016],[-96.29531900039669,33.20612200018302],[-96.29529099990928,33.20830100034587],[-96.29523300018296,33.21006900017763],[-96.29522800016008,33.21020600020876],[-96.2952230001372,33.21031700029071],[-96.2951300002508,33.212473999752326],[-96.29505699955754,33.21611899991449],[-96.29507199962615,33.217635000302224],[-96.2950730003494,33.21772500009217],[-96.29509900028866,33.21826100029746],[-96.29510099993848,33.2182800002585],[-96.29514600014431,33.21920800001799],[-96.29515299981702,33.21970600011464],[-96.29525499992425,33.22684699987498],[-96.29542599962849,33.22994499968025],[-96.29542999982645,33.230013000247894],[-96.29529000008438,33.23307399972482],[-96.29533299974206,33.23693899993062],[-96.2953489996356,33.238330999864694],[-96.29535700003152,33.239040999933465],[-96.29529799958199,33.242865000356915],[-96.29506999997633,33.24448599968737],[-96.2950759998241,33.24577899989719],[-96.29508599986987,33.24786400028741],[-96.29508400022004,33.2480129996952],[-96.29508500004495,33.248030000085464],[-96.29508300039512,33.24817500023033],[-96.29508000002208,33.24843199986504],[-96.29506400012856,33.250114000203865],[-96.29520600041877,33.25300999990943],[-96.29520999971841,33.25310699999199],[-96.29520999971841,33.253145999669485],[-96.29522399996212,33.259058999764896],[-96.2952480002516,33.26992300022146],[-96.29526099977204,33.281835000236406],[-96.29527500001576,33.28484599999152],[-96.29527599984067,33.28527700006662],[-96.29527599984067,33.28541799968313],[-96.29530000013011,33.29047500007432],[-96.29530299960484,33.291113999798895],[-96.29530400032807,33.291408999667496],[-96.29530599997788,33.292120999759774],[-96.29530799962772,33.29250600011347],[-96.29531199982567,33.293442000072034],[-96.2953140003738,33.294451999906265],[-96.29531600002363,33.29543399982692],[-96.29531699984854,33.29548199990213],[-96.29532100004651,33.298405999913655],[-96.29532500024447,33.301473999692874],[-96.29533600011514,33.304862000044054],[-96.29533600011514,33.304997000096286],[-96.29535200000863,33.3133100003707],[-96.29535200000863,33.31333600024693],[-96.29537899977282,33.32635499966196],[-96.29539200019163,33.33240499990261],[-96.29537799994792,33.33999300019825],[-96.29538499962061,33.34155800003672],[-96.29542499980357,33.35142499979659],[-96.2954330001995,33.351459000057126],[-96.29541300010801,33.35193600030426],[-96.29945600009654,33.35151100029756],[-96.30534799973942,33.350892999904914],[-96.30739800013356,33.35058100028402],[-96.30928000029819,33.35029299987246],[-96.30972800001184,33.35023100001356],[-96.30980400017982,33.350223999663584],[-96.30999800034859,33.350210999977],[-96.31031999966555,33.350180000023926],[-96.31047600019949,33.35015999997566],[-96.31094400000461,33.35014299996855],[-96.3110629998303,33.35013800014241],[-96.31114300019625,33.35014499974889],[-96.31141199980975,33.35014900005976],[-96.31163600011575,33.350121000131004],[-96.31211399996663,33.35000999984266],[-96.31238400030335,33.349963000042926],[-96.31251999984748,33.349941000159895],[-96.31261299973391,33.34992599989539],[-96.31297400030726,33.349869000367406],[-96.31412900020065,33.349737000092944],[-96.3152099995759,33.34962600006534],[-96.31524899993396,33.34962300000177],[-96.31608400016023,33.34952400009773],[-96.31610699972644,33.349521000030656],[-96.31632500018463,33.34949100010468],[-96.31698100031076,33.34940900020428],[-96.31719999969557,33.34938100003759],[-96.31731600004649,33.349365999676536],[-96.31767199969867,33.34932299987802],[-96.31805599983824,33.349275999707416],[-96.31808900034851,33.3492750001825],[-96.31816999964104,33.349272000106836],[-96.31834399971831,33.34924800024835],[-96.31938700035704,33.349104999734806],[-96.32018999989795,33.34897599988871],[-96.32159000001373,33.34879800036307],[-96.32176900011387,33.34877300009283],[-96.32231800010986,33.34869900027132],[-96.32274499990713,33.348637000027644],[-96.3229109995885,33.34861699962491],[-96.32295099977145,33.34860999989564],[-96.32307200014527,33.34859300033629],[-96.32311300015316,33.34858799967071],[-96.32370900000481,33.34849700011384],[-96.32549800028303,33.34822700023392],[-96.32594799964652,33.34815999971439],[-96.32609499995962,33.34813500001132],[-96.32619500041704,33.34812099972423],[-96.32629499997616,33.34810599989651],[-96.32641999964962,33.34808699966082],[-96.32684999981994,33.34802400019243],[-96.32739899981594,33.347952999855515],[-96.32772500022918,33.347898999909305],[-96.32778399978042,33.34788099991979],[-96.32856100028035,33.34779099991634],[-96.33107600010656,33.34750199973489],[-96.33191499963247,33.34740599981032],[-96.3320419998541,33.34739000031286],[-96.33249999961349,33.34733299987499],[-96.33425799992956,33.3471180001519],[-96.33484399973548,33.34704699982654],[-96.33550400005957,33.34696400032407],[-96.33748599978333,33.346721999722675],[-96.3381469999323,33.346642999631925],[-96.33880200023354,33.3465620003573],[-96.34076700023883,33.346323000316836],[-96.34142300036494,33.346243000304305],[-96.34165500016853,33.34621499986985],[-96.34168299975762,33.34620999981808],[-96.34246299973232,33.34611399996985],[-96.34272300002331,33.34608300005874],[-96.34322400033872,33.346021000203514],[-96.34472900003651,33.34583799981645],[-96.34523100017684,33.345777000102295],[-96.34617699983286,33.345661000195726],[-96.34779000038398,33.345463999838614],[-96.3490160004225,33.34531199997844],[-96.34996299990344,33.34519800009674],[-96.35081400002322,33.34509299997495],[-96.35336900003244,33.34478000025431],[-96.35349399970588,33.34476600017815],[-96.35422099997712,33.344677999862505],[-96.35466899969079,33.344622999807676],[-96.35514499989186,33.344565000230695],[-96.35522100005983,33.344556000267005],[-96.35532999983978,33.34454299973413],[-96.35543899961971,33.34452900037031],[-96.35556400019149,33.34451399992377],[-96.35568899986498,33.344499000225156],[-96.35601399955499,33.34445899976536],[-96.35698500022367,33.34434000010869],[-96.35705899984353,33.34433100012175],[-96.35714400023234,33.344320999801646],[-96.357916999636,33.344225999704946],[-96.35857399958704,33.34414499968281],[-96.35884200027395,33.34411300023698],[-96.36034899962156,33.34392700008284],[-96.36487299983403,33.34337300011012],[-96.36638099990485,33.3431900001615],[-96.3666810003788,33.34315300013748],[-96.36758400037712,33.343043000317984],[-96.3678859996026,33.34300699982837],[-96.36880899969243,33.342894000279486],[-96.36936000023655,33.34282599980949],[-96.37378499981651,33.34228400010271],[-96.37526000027536,33.342103999689286],[-96.37585699995194,33.34203899967788],[-96.37710599955668,33.34190399996097],[-96.38264699957027,33.34131499980392],[-96.38449500029805,33.34111899973977],[-96.38450000032091,33.341202000310886],[-96.38449000027516,33.34132099975295],[-96.38448899955193,33.341337000365556],[-96.38449100010008,33.34174999991716],[-96.38449500029805,33.34181300017268],[-96.38448400042739,33.3419320002808],[-96.38446799963553,33.34213599987336],[-96.38445900031303,33.34282199991264],[-96.38446099996284,33.34355700001514],[-96.38446099996284,33.34382999963097],[-96.38444500006932,33.34458399973405],[-96.38444500006932,33.34543799979249],[-96.38443599984848,33.34610700003929],[-96.38441400010718,33.34889499978295],[-96.38442199960478,33.35025799964285],[-96.38444000004644,33.35051400007534],[-96.38448100005434,33.351843000003434],[-96.38449100010008,33.353015000331425],[-96.3845069999936,33.35338900013818],[-96.38450799981852,33.354134000275465],[-96.38451100019157,33.354464000050996],[-96.3845210002373,33.356297999662196],[-96.3845210002373,33.35664000027572],[-96.3845210002373,33.35830800000139],[-96.38451100019157,33.35906300018194],[-96.38451000036665,33.36117900018272],[-96.38451000036665,33.361825000247585],[-96.38451100019157,33.3625460002596],[-96.38452500043526,33.36536499998639],[-96.38452600026017,33.365542000056614],[-96.38452200006222,33.36567799996769],[-96.38452500043526,33.3659980001556],[-96.38452399971204,33.366473000093116],[-96.38452399971204,33.36670100025239],[-96.38452600026017,33.36692200005694],[-96.38453700013083,33.368438000023495],[-96.38453799995575,33.368633000047055],[-96.38454999965131,33.36883099978536],[-96.38454899982638,33.36926599969657],[-96.38454700017658,33.370197999679135],[-96.38454600035166,33.370226999935355],[-96.38454399980353,33.37032200016384],[-96.38454399980353,33.37035299969474],[-96.3845549996742,33.37130399970781],[-96.38458900000936,33.374158000370784],[-96.38460099970494,33.37511000002244],[-96.38459999988004,33.375129000360204],[-96.38459900005512,33.375187999803146],[-96.38459900005512,33.375208000101075],[-96.3845980002302,33.375222999758954],[-96.3845970004053,33.375270000170396],[-96.3845970004053,33.375285999793896],[-96.38459200038241,33.375481000220184],[-96.38458399998649,33.37584799970602],[-96.38457899996362,33.3760670003436],[-96.38456100042028,33.37626199976902],[-96.38455399984927,33.376624999866216],[-96.38454999965131,33.37763800020191],[-96.38454999965131,33.37775500019668],[-96.38453700013083,33.38223800030243],[-96.38453299993289,33.38373200002567],[-96.38454499962843,33.3847139996807],[-96.38458200033668,33.38765899976974],[-96.38459300020733,33.38850699971202],[-96.38458900000936,33.38864299971849],[-96.3845849998114,33.38879499965041],[-96.38457300011584,33.389248999720074],[-96.38456999974278,33.38940299972059],[-96.38457599959058,33.389956999940615],[-96.38458700035953,33.390871999902394],[-96.38458700035953,33.391028000368486],[-96.38458700035953,33.391621999782664],[-96.38458800018445,33.392177999675084],[-96.38459300020733,33.392353000371656],[-96.38458599963634,33.39362500012261],[-96.38458700035953,33.39368900008987],[-96.3845980002302,33.39458199992036],[-96.38461599977356,33.39605599976152],[-96.38461699959844,33.39611400026777],[-96.3846190001466,33.396330000157576],[-96.38462099979641,33.39645600034539],[-96.38466099997939,33.396619999887584],[-96.38467000020023,33.39665800015806],[-96.38468000024596,33.3966990003523],[-96.38475600041396,33.39678800028674],[-96.38473700014735,33.3969560003611],[-96.38467299967495,33.39756400034419],[-96.38460200042815,33.39782600013072],[-96.38484400027751,33.39785800007336],[-96.38521099980031,33.397906999681545],[-96.38531999958025,33.39791999974133],[-96.38564799964331,33.397964999702474],[-96.38575800014647,33.39797999993427],[-96.3859010002616,33.39799800005908],[-96.38632999970869,33.39805500030471],[-96.38647399964874,33.39807499984263],[-96.38681099993262,33.39808599969895],[-96.38738900024094,33.39810500026574],[-96.39013699969564,33.39819900032453],[-96.39105300011279,33.39823100012988],[-96.39110599981623,33.39823199984236],[-96.39126800019794,33.398238000367],[-96.3913219997263,33.39824100025416],[-96.39140499956697,33.398242999678864],[-96.39165700036038,33.39825099962724],[-96.39167800027677,33.39825200008947],[-96.39174100002595,33.3982440001412],[-96.39181100034614,33.39823400001727],[-96.39183200026255,33.398286000049005],[-96.39188900016396,33.39828899993451],[-96.3924409996347,33.398327999936576],[-96.3926249997577,33.39834099993334],[-96.39276200002506,33.39835000033383],[-96.39285099971353,33.3983560001003],[-96.3931729999288,33.39837900020125],[-96.39331000019614,33.39839000001914],[-96.39336299989962,33.39839500007225],[-96.39380999978833,33.39840800005902],[-96.39394200003284,33.39841199965071],[-96.39409199982065,33.398415000281844],[-96.394229000088,33.39834199964455],[-96.39457100039476,33.398330999820615],[-96.39477300006112,33.39832500005238],[-96.39634399988114,33.398273999756036],[-96.40102700010226,33.39812300036466],[-96.4023529996999,33.398079999913854],[-96.40238000036238,33.39807900019962],[-96.40252599995222,33.39810699969358],[-96.40294899955155,33.39818999990845],[-96.40340700020924,33.39821699965405],[-96.40483800028719,33.3982999997638],[-96.4052280002745,33.39830999988013],[-96.40612700007489,33.39827899981581],[-96.40719599975456,33.398242999678864],[-96.4079020001094,33.39821800011668],[-96.4089220002836,33.39818400013053],[-96.40899199970548,33.39818799973253],[-96.40919900029304,33.39818299966751],[-96.41059199983782,33.39818900019548],[-96.4110410002747,33.39819900032453],[-96.41143899975964,33.39820799998976],[-96.41171999996703,33.39821500022869],[-96.4121059997564,33.398218999829304],[-96.41633100021812,33.39827200033197],[-96.41778300021245,33.39820599981425],[-96.41865699989847,33.398210000165214],[-96.41966000035423,33.39821300005333],[-96.42039299957491,33.39821599994135],[-96.42235199973244,33.39822399989225],[-96.42261799987122,33.39822399989225],[-96.42347700038697,33.39822800024239],[-96.4247059999002,33.39823499972977],[-96.42930000043285,33.3984130001111],[-96.42962599994777,33.398426000095185],[-96.43047399969451,33.39845999998665],[-96.44364799994862,33.398747999945336],[-96.44455400032003,33.39876700036736],[-96.44560999958092,33.39879199977167],[-96.44727199963751,33.39882799968117],[-96.4481789998338,33.39884799979111],[-96.4486790003243,33.39885900029956],[-96.44881599969334,33.39885599968377],[-96.45054700024524,33.39881199988989],[-96.45074800008669,33.39880900002245],[-96.45291300010854,33.39883100029793],[-96.45451800026375,33.39884799979111],[-96.45726099969558,33.39887399962713],[-96.457654000056,33.3988770002423],[-96.46002400011724,33.398902000364885],[-96.4600559999043,33.3989009999102],[-96.46250899980625,33.39885900029956],[-96.46946699965406,33.39874099974934],[-96.46996499959644,33.39873200013932],[-96.47245100000866,33.39868999969708],[-96.47253600039748,33.39868999969708],[-96.47279099976728,33.3986930003186],[-96.4728760001561,33.39869400002576],[-96.4752760003546,33.39872200007161],[-96.47577900031985,33.398729000269114],[-96.48448799991273,33.39885900029956],[-96.48739199990139,33.3989030000697],[-96.48762799990294,33.39890699963861],[-96.48798100008035,33.39891500027582],[-96.48800000034691,33.39891500027582],[-96.4882870004021,33.39892100000333],[-96.48833699973252,33.398921999707866],[-96.48857399955897,33.39892699973036],[-96.48863800003139,33.39892699973036],[-96.48872599989492,33.3989300003437],[-96.48883100037523,33.3989300003437],[-96.48889599977424,33.39893300020696],[-96.48895299967566,33.39893300020696],[-96.48912599992802,33.39893899993322],[-96.48915100004238,33.39893999963756],[-96.48915100004238,33.39890699963861],[-96.48924800012676,33.398908000093286],[-96.4895400002048,33.39891099995731],[-96.4896380001141,33.398911999661955],[-96.49176200012806,33.39893600007011],[-96.49813499999487,33.399011000365434],[-96.50025999983376,33.39903599969954],[-96.50029499999386,33.399034000293014],[-96.50039999957583,33.39903299983984],[-96.50043599956086,33.39903299983984],[-96.50077399966966,33.39903299983984],[-96.50178799999608,33.39903299983984],[-96.50212699992977,33.39903299983984],[-96.50239399989348,33.39903700015274],[-96.50260300013085,33.399040000012306],[-96.50403199966064,33.39907099980513],[-96.50450899968662,33.399082000285375],[-96.50511899978198,33.39909300001428],[-96.50600500006188,33.39910899975383],[-96.5069509997179,33.39912599994255],[-96.50756199963816,33.399136999665885],[-96.50828800008449,33.399148999839745],[-96.51046599962682,33.39918600005277],[-96.51119299989806,33.39920000037253],[-96.51136000030263,33.399201999775194],[-96.51186300026788,33.399208999934096],[-96.51203099959903,33.39921300023889],[-96.51230500013376,33.39921699979352],[-96.51268000005248,33.3992230002501],[-96.51270400034193,33.3992230002501],[-96.5130540001463,33.39922800025533],[-96.51312899959105,33.39922899995633],[-96.513357000095,33.39923300026021],[-96.51340399995067,33.39923399996117],[-96.51620900020511,33.39927399998954],[-96.52066100044755,33.399338000296616],[-96.52071099977793,33.39933899999637],[-96.52100200003109,33.39934199984556],[-96.52569000027508,33.399394999663286],[-96.52657099963376,33.39940499965361],[-96.52835900008708,33.39942600007946],[-96.53294500022382,33.39947800014782],[-96.53333299966302,33.399481999690316],[-96.53374500028998,33.399485999982545],[-96.53440300006592,33.39949399981647],[-96.53462300017397,33.399495999962326],[-96.53871200019324,33.399542000304706],[-96.53875999987382,33.399543000002105],[-96.53983799977432,33.3995489996862],[-96.54098099997216,33.39956500009175],[-96.54102700000291,33.39956500009175],[-96.5417709999926,33.39956599978888],[-96.54251499998225,33.39956599978888],[-96.54262700013525,33.39956599978888],[-96.54288400005318,33.39957200022136],[-96.55159900039219,33.39977200015113],[-96.55279899959311,33.399634000166316],[-96.55283799995118,33.399634999862705],[-96.55468499995573,33.39968600011026],[-96.55493500020096,33.399676000152276],[-96.5549589995921,33.39967800029401],[-96.55511400030112,33.399683000272994],[-96.55651600006672,33.3997620002031],[-96.55699800011556,33.39977400029059],[-96.55800800024402,33.39979900015516],[-96.5580779996659,33.39980199998843],[-96.55842199962248,33.399818000347395],[-96.55852499955465,33.399819999735826],[-96.55865900034726,33.399821999874185],[-96.55960699965313,33.399843999893186],[-96.56049200010811,33.39988299994729],[-96.56051999969718,33.39988000011683],[-96.56061000010888,33.399870000181174],[-96.56065500031471,33.39984899986263],[-96.56068000042907,33.399850000306465],[-96.5620889998674,33.39985500027555],[-96.56422899977488,33.399861999631895],[-96.56431099979065,33.399872000318375],[-96.56436500021731,33.39987799997981],[-96.564448000058,33.399887000221064],[-96.56469800030324,33.39991700001865],[-96.56478199996883,33.399926999948846],[-96.56481100028115,33.39992900008474],[-96.56482999964942,33.399931999913505],[-96.56490099979452,33.399931999913505],[-96.56493099993175,33.399934000049285],[-96.56497299976452,33.399934000049285],[-96.56509999998615,33.399934000049285],[-96.56514299964385,33.39993499974223],[-96.56529900017779,33.39993499974223],[-96.56576699998293,33.3999380003207],[-96.56592299961852,33.3999390000136],[-96.56600700018244,33.3999390000136],[-96.56626199955225,33.39993999970643],[-96.56634699994106,33.39994100014922],[-96.56646699959167,33.39994100014922],[-96.5665179996453,33.39994100014922],[-96.56668500004986,33.39994300028479],[-96.56682700034008,33.39994300028479],[-96.56694699999069,33.399944999670346],[-96.5669960003945,33.399944999670346],[-96.56714299980926,33.399944999670346],[-96.56719200021305,33.39994600011308],[-96.56731500023673,33.39994600011308],[-96.56768699978238,33.39994899994126],[-96.56781099963096,33.399949999633975],[-96.56816399980836,33.399951000076655],[-96.56922400016553,33.39995699973262],[-96.56942300035716,33.399958000175225],[-96.56942500000699,33.399750999808894],[-96.56944599992337,33.39976900031684],[-96.56952100026643,33.39981100023755],[-96.5695949998863,33.39983199981531],[-96.57001699966068,33.39987300001198],[-96.57052299999899,33.39988900035788],[-96.57135099965423,33.3999240001199],[-96.57172499974804,33.39992900008474],[-96.57197099979535,33.3999390000136],[-96.57285000040255,33.39994600011308],[-96.57352800026997,33.39994600011308],[-96.57422299985583,33.39996899979318],[-96.57471499995042,33.39998000015979],[-96.57538100012228,33.399987999948245],[-96.5758050004448,33.40007099986635],[-96.57631199970972,33.40006000026124],[-96.57637399963397,33.40006000026124],[-96.57656199995495,33.40006199964416],[-96.57662499970414,33.40006300008554],[-96.57668099978065,33.40006399977694],[-96.57675799977353,33.40006399977694],[-96.57715699998172,33.400072999998926],[-96.57729099987601,33.400077999955194],[-96.57748000002191,33.400085999734685],[-96.5780159995991,33.40009499995438],[-96.57986599997668,33.40016900030915],[-96.57992799990096,33.40017299981978],[-96.58020300026058,33.40018200003053],[-96.5802750002306,33.40018600029054],[-96.58028899957598,33.40018699998052],[-96.58033700015488,33.40018799967049],[-96.58035600042145,33.40018900011044],[-96.58039900007917,33.40019199993023],[-96.58041199959963,33.40019100024029],[-96.58045400033073,33.400194000060026],[-96.58046799967613,33.40019499974991],[-96.58087000025735,33.40021199972622],[-96.5820770000293,33.400262999635174],[-96.58222099996934,33.40026999970855],[-96.58248000043542,33.40028199972589],[-96.58250200017673,33.400281000037],[-96.58256800029896,33.400271999836555],[-96.58259099986519,33.40026900001952],[-96.5826279996751,33.400262999635174],[-96.5826829999267,33.400254000182784],[-96.58284399958518,33.40023000013866],[-96.58340400035014,33.40025100036512],[-96.58360199981855,33.40025900012863],[-96.58421199991392,33.400281000037],[-96.58426299996754,33.400281000037],[-96.584359000227,33.40028000034809],[-96.585309000081,33.40029799999646],[-96.58559199993823,33.40028800010897],[-96.58580299982542,33.400266000202386],[-96.5898280002706,33.40023799990409],[-96.5899620001649,33.400239000343454],[-96.59140900013635,33.400256000311145],[-96.59290200013855,33.400273999964504],[-96.59486100029609,33.40029799999646],[-96.59490899997665,33.40029899968516],[-96.59675000013341,33.40032100033336],[-96.59781100031549,33.40033400003202],[-96.59877100021522,33.40034600004051],[-96.59981899997852,33.40035899973542],[-96.60148400040815,33.40037999993071],[-96.60820700007935,33.40046199978756],[-96.60858100017316,33.40046699972145],[-96.60961600041597,33.40048000014822],[-96.61011600000816,33.400485999767604],[-96.61137399983373,33.400506999932205],[-96.61226000011362,33.40052199972527],[-96.61739600007127,33.40060999980892],[-96.61869499990472,33.400630000258666],[-96.62072500020734,33.40066600015666],[-96.62079700017738,33.40066400003768],[-96.62083999983508,33.40066400003768],[-96.62120899990603,33.4006619999187],[-96.62172399956683,33.40065799968061],[-96.62325799957692,33.40064900026919],[-96.62437900003346,33.400642999911085],[-96.62507600016745,33.400640000106804],[-96.62526399959012,33.40063899967206],[-96.6256850004379,33.40064700014987],[-96.62695099976109,33.40067500031629],[-96.62732900005287,33.40068500015925],[-96.62737300043379,33.40068500015925],[-96.62977100008415,33.40073700022421],[-96.63696699958336,33.40089899982313],[-96.63936599995691,33.400952999872345],[-96.64052900024625,33.40097899982849],[-96.64663500014937,33.401114000139195],[-96.65270800044053,33.40124999991791],[-96.65325599971331,33.401261999799964],[-96.65334500030009,33.40126399990513],[-96.65382300015098,33.40127500010773],[-96.6564860001152,33.40133100002689],[-96.65650000035889,33.401333000130464],[-96.65658900004736,33.40133800001423],[-96.66186499974712,33.401456000037555],[-96.66529199979249,33.40153200008219],[-96.66728699993504,33.401576999672685],[-96.6683919995997,33.40160100009471],[-96.66918499999318,33.40161799979594],[-96.67555299983714,33.40175999981712],[-96.67606699967303,33.40177199962868],[-96.67658100040723,33.40178299976703],[-96.67679399994425,33.401788000374836],[-96.67700599965636,33.40179300023242],[-96.67906799974605,33.40183799968773],[-96.68100299961415,33.40188200019922],[-96.68284700014392,33.40192399984855],[-96.68759899996202,33.40203000005169],[-96.69394500006467,33.4021720001495],[-96.69494000012452,33.40219499999035],[-96.69603999976631,33.402219000241665],[-96.69732400042948,33.40224800031775],[-96.70015200025014,33.40229600003451],[-96.70329200024034,33.402374999838784],[-96.70362199995323,33.40238300015668],[-96.70521399968963,33.4024239998996],[-96.70595600002947,33.40243999977569],[-96.70818399980051,33.40249000021329],[-96.70892699996526,33.402506999740574],[-96.71070700002267,33.402546000099264],[-96.71247299983634,33.402586000102886],[-96.71604999966955,33.402664999643406],[-96.71780100031292,33.402703999931234],[-96.71783099955184,33.4027060000032],[-96.71811400030737,33.40271999975577],[-96.71827300031603,33.402728000041954],[-96.71896600025207,33.4027610000896],[-96.71922099962188,33.402774000173075],[-96.7192499999342,33.40277499983335],[-96.7206009996462,33.402796999854566],[-96.7246570000535,33.40286999974888],[-96.72469800006138,33.40287199981703],[-96.72600899959038,33.402895000222514],[-96.72604499957541,33.402895000222514],[-96.72610099965189,33.40289599988134],[-96.7261559999035,33.402897000290096],[-96.72619299971342,33.402897999948884],[-96.72640399960062,33.40290099967521],[-96.72703899981033,33.402911999670565],[-96.72725100042076,33.402917999871974],[-96.72741799992701,33.402922000006015],[-96.72748900007213,33.40292299966453],[-96.72770900018016,33.402928000206735],[-96.72788400008234,33.402930999932025],[-96.72796400044828,33.40293299999877],[-96.72807099968009,33.40293500006547],[-96.72820299992458,33.40293700013212],[-96.72844200029917,33.40294300033181],[-96.72912500018948,33.40295799970434],[-96.72915399960345,33.40295900011238],[-96.7295910003448,33.40296800003449],[-96.7311770002334,33.403000999990994],[-96.73160499985558,33.40300999990881],[-96.73186199977354,33.40301499969607],[-96.73271100024353,33.403031999870585],[-96.73514900007683,33.403081000310756],[-96.73755000010024,33.4031279999112],[-96.74064099968663,33.40319099997401],[-96.74072600007545,33.403184000135916],[-96.74079499967243,33.40317700029729],[-96.74086499999262,33.40317700029729],[-96.7415610003017,33.403173999830614],[-96.74271000034732,33.40320199993265],[-96.74503900040071,33.40326000016888],[-96.7455809998257,33.403273000177755],[-96.74569800000157,33.40327599989108],[-96.74615800030911,33.403286999838954],[-96.74787999974185,33.403332000020384],[-96.74856400035537,33.40334999978647],[-96.74963999970775,33.40337900023499],[-96.74999899973297,33.4033880001136],[-96.7502129999932,33.403399000047294],[-96.75100700021159,33.40341600014668],[-96.75140200022179,33.403424000368716],[-96.75155500038267,33.403427000076874],[-96.75336899987693,33.4034660000226],[-96.75365900030515,33.40347200018575],[-96.75402300035323,33.40348100005478],[-96.754466000044,33.40349400003054],[-96.75482900026718,33.40350499995082],[-96.7563930004145,33.40351700027137],[-96.75672300012737,33.403524999734174],[-96.75686200004455,33.40352800018873],[-96.75960600019961,33.40359300001305],[-96.75988900005684,33.40359999981814],[-96.7602659996254,33.40360899967386],[-96.76137899968599,33.40363599998542],[-96.76149300038713,33.40366300028858],[-96.7616459996497,33.40366399993857],[-96.76181700025222,33.403668000038266],[-96.76185200041233,33.40366699963838],[-96.76212100002584,33.40366300028858],[-96.76416200019916,33.403706000226364],[-96.76481300030238,33.403717000119805],[-96.76548199994899,33.403721999866384],[-96.76561800039143,33.40371999981779],[-96.76607899962556,33.4037280000119],[-96.7674839997642,33.403753999887606],[-96.76788700017033,33.40376099967973],[-96.7683270003864,33.40377000026871],[-96.7689890003603,33.40378199980272],[-96.76905299993442,33.40379299968653],[-96.76909599959211,33.40379299968653],[-96.76914499999592,33.40379499973344],[-96.76924399973011,33.40379600013184],[-96.76931200040048,33.40378900034253],[-96.76949800017333,33.403811999755334],[-96.77002899972766,33.40384100004963],[-96.77162399983712,33.40393299985899],[-96.77215600011469,33.40396400015592],[-96.77611100023968,33.404070999765345],[-96.77869999968571,33.40414200005018],[-96.77976699971559,33.40417100023433],[-96.7797969998528,33.40417199987847],[-96.78512899962904,33.40432000032967],[-96.7879770004395,33.40439800015187],[-96.7882169997407,33.40440600028349],[-96.78844400041972,33.40441199963185],[-96.78846199996308,33.40441199963185],[-96.7886600003298,33.40441799972966],[-96.79193300038939,33.40450700000722],[-96.79245800009595,33.40452100021951],[-96.79403599958866,33.4045659997618],[-96.79456200001843,33.40458100035394],[-96.79697599956232,33.40463399997577],[-96.80421899981552,33.40479500017096],[-96.80624099972222,33.404840000321244],[-96.8064640002033,33.40484500000319],[-96.8066340000826,33.40484999968485],[-96.80767900037115,33.404877000360656],[-96.8108150001634,33.40496299976312],[-96.81173400005524,33.40498799963443],[-96.81186100027685,33.40498900001909],[-96.81194800031548,33.40498900001909],[-96.81206600031625,33.40499199967323],[-96.81221000025631,33.40499799973098],[-96.81229800011987,33.40500199976927],[-96.81472799955726,33.40505400025015],[-96.81567499993652,33.40507399967694],[-96.81627699963596,33.405089000181356],[-96.81696399972424,33.40510700033335],[-96.82207000044296,33.40523600018846],[-96.82505200024941,33.40520199994876],[-96.8254449997115,33.405218999695336],[-96.82577299977454,33.40523400017474],[-96.82791199985714,33.40533200004352],[-96.8279369999715,33.405330000032],[-96.82864599980105,33.40536299984126],[-96.82865800039494,33.405277000084844],[-96.83400400041486,33.4055040001122],[-96.83410999982178,33.405498000089395],[-96.83430499981544,33.39819100037138],[-96.83445799997632,33.392479000325],[-96.83462700003072,33.386588999684534],[-96.8346329998785,33.38635300035923],[-96.83472800031305,33.382368000244625],[-96.8349290001545,33.37535900028937],[-96.83505499965288,33.3710009999684],[-96.83513500001884,33.36823599991141],[-96.83514300041475,33.36795699994723],[-96.8350050003225,33.36770800024814],[-96.83529499985242,33.3568050000714],[-96.83533500003537,33.35530999984539],[-96.83535199975383,33.35462500011502],[-96.83536199979955,33.35422200003777],[-96.8353659999975,33.354077999971075],[-96.83538299971597,33.35345099999901],[-96.83545999970885,33.351311999916625],[-96.835610000395,33.34711500000191],[-96.83562999958816,33.346559999744294],[-96.83574699976401,33.34327999966761],[-96.83580500038866,33.34165199967932],[-96.83590699959758,33.33882799995791],[-96.83593000006213,33.3388080003041],[-96.83595400035158,33.33878199977162],[-96.83596400039731,33.338762999752845],[-96.83597799974268,33.33872800014192],[-96.8359900003366,33.338690000076674],[-96.83599799983419,33.33865600008322],[-96.8360050004052,33.338455999941495],[-96.83602399977345,33.337300000119875],[-96.83602399977345,33.33716800030425],[-96.8360260003216,33.336944000250405],[-96.83605899993356,33.33566300003937],[-96.83609099972061,33.3340530001163],[-96.83617500028451,33.330908000044786],[-96.8362229999651,33.32929500004461],[-96.83622700016305,33.32915900033423],[-96.83627800021667,33.32746499970627],[-96.83632400024744,33.32599900010035],[-96.83636199988226,33.32463400000573],[-96.83641100028606,33.322693000283074],[-96.83642299998162,33.32205999975088],[-96.83641799995877,33.32201600014421],[-96.83640299989015,33.32198199964817],[-96.83638100014883,33.32194399978457],[-96.83634099996586,33.32190500006538],[-96.83630300033104,33.3218749996343],[-96.83627800021667,33.32186200021998],[-96.83621999959205,33.321852000322686],[-96.8362229999651,33.321740000194],[-96.83622600033814,33.32162600023695],[-96.83626800017093,33.31999999986753],[-96.8364699998373,33.312384999843935],[-96.83651000002027,33.310920000286266],[-96.83653500013462,33.30993999974689],[-96.8365400001575,33.30976100005282],[-96.83654199980732,33.30969899987177],[-96.83654600000528,33.30953700011091],[-96.8365469998302,33.309506999927514],[-96.83654799965512,33.30947399978895],[-96.83654799965512,33.309448000262506],[-96.83656400044694,33.308858999903535],[-96.83656600009675,33.308765000165074],[-96.83656600009675,33.30874800033734],[-96.83658399964013,33.308089999953395],[-96.83660100025688,33.30744299991434],[-96.8366039997316,33.307311999920756],[-96.83661299995242,33.30697800013553],[-96.83664100043983,33.30590599981159],[-96.8366539999603,33.30569199997733],[-96.83682800003757,33.30289500003741],[-96.83683899990824,33.30238700034189],[-96.83683499971028,33.301341000343555],[-96.83683499971028,33.298892000260565],[-96.83683800008333,33.29871700008303],[-96.83684099955806,33.29847499986825],[-96.8368509996038,33.29821800032615],[-96.83686300019768,33.298085999878445],[-96.8368799999161,33.29796400036773],[-96.83689599980964,33.29788900007306],[-96.836920999924,33.29776700028689],[-96.83696899960458,33.29760799973703],[-96.83698200002338,33.297570999879206],[-96.83700200011484,33.29751399988486],[-96.83703100042719,33.297442999681735],[-96.83704200029781,33.297410000233924],[-96.83704399994764,33.29593500001503],[-96.83697700000047,33.29386299963612],[-96.83701499963533,33.29180700030233],[-96.83703200025208,33.291144999742876],[-96.83708400013063,33.290662999828086],[-96.83708400013063,33.29065099971212],[-96.83706200038931,33.29001999973657],[-96.83710400022211,33.288455999736286],[-96.83716399959825,33.28617600003927],[-96.83716500032148,33.28614900007725],[-96.83720399978121,33.28466399981544],[-96.83720399978121,33.28464800006235],[-96.83720700015428,33.28453300015525],[-96.8372220002229,33.283979999869814],[-96.83727099972837,33.282147999985646],[-96.8372940001929,33.28129700019453],[-96.83732599997995,33.28010199967099],[-96.83734799972126,33.27925899983003],[-96.83737799985849,33.278089999813325],[-96.83738999955405,33.27763399989585],[-96.8373929999271,33.27753700001298],[-96.8373560001172,33.27715800031996],[-96.8373560001172,33.27708399976782],[-96.83743099956195,33.27699499985291],[-96.83751500012586,33.274343000180714],[-96.83752400034668,33.274146999731336],[-96.83760899983717,33.272496000002974],[-96.83766200043894,33.27231799974104],[-96.83768699965498,33.27224799972425],[-96.83774899957925,33.272084999853995],[-96.83776899967073,33.27187899997432],[-96.8377510001274,33.271732999699694],[-96.83765700041606,33.27157799994347],[-96.83754899956271,33.27148599992412],[-96.83750300043029,33.27122599999851],[-96.83755299976067,33.27067699973564],[-96.83755500030881,33.270611999787945],[-96.83758100024808,33.26989799985813],[-96.83758799992077,33.269713999937835],[-96.83761300003513,33.2688799999528],[-96.83779100031038,33.26294700009089],[-96.83779499961,33.26283500018696],[-96.8378230000974,33.261876999929655],[-96.83787300032613,33.259513999980875],[-96.83799100032691,33.25622300020637],[-96.83799299997672,33.25607299993056],[-96.83815199998539,33.24954700020632],[-96.83818999962021,33.24895200016716],[-96.83818499959735,33.248815999889935],[-96.83820100038919,33.24833100012795],[-96.83824999989469,33.247768000332684],[-96.83826800033634,33.24755299998903],[-96.8382940002756,33.24699999990415],[-96.83833399956026,33.24579100017038],[-96.83834199995619,33.24551200034194],[-96.83845099973614,33.24186500032173],[-96.83845999995695,33.240979999678245],[-96.83847400020066,33.23971099982172],[-96.83852699990409,33.23732200004812],[-96.83855100019356,33.2362359998081],[-96.83864800027794,33.231886000003314],[-96.83838899981184,33.230538000330775],[-96.83839600038286,33.230179000129596],[-96.83852699990409,33.226718000271845],[-96.83854500034577,33.226253999748025],[-96.83855600021644,33.225973999757024],[-96.83858800000348,33.225129000187245],[-96.83861999979054,33.22428299976331],[-96.83864200043016,33.223693000176546],[-96.83866800036942,33.222997999793826],[-96.83870400035444,33.22203400033482],[-96.83880200026373,33.2194789997778]]]]},"properties":null}