{"type":"Feature","geometry":{"type":"MultiPolygon","coordinates":[[[[-97.45222227140097,32.99228568574661],[-97.45222427190633,32.99215768518942],[-97.4513122554263,32.98330248529192],[-97.44833540762363,32.97477029421921],[-97.44341002821882,32.96689445880858],[-97.43672855296352,32.959982684508525],[-97.42855202155403,32.95430501114044],[-97.4191998873931,32.95008326301018],[-97.40903753412142,32.947482381751875],[-97.39846200035788,32.94660398112552],[-97.39712700038463,32.94660398112552],[-97.39536546352709,32.94662812071961],[-97.39529246214607,32.9466301220148],[-97.3949995338167,32.946638821007184],[-97.39429638899882,32.94666130730969],[-97.39181206850402,32.94673224186206],[-97.38887167610484,32.946721417522724],[-97.38864252110355,32.9467209959663],[-97.38824699599036,32.94671889147761],[-97.38817174600982,32.94671853469158],[-97.38648474504167,32.94671153509851],[-97.38643719103396,32.94671135505879],[-97.38559540095572,32.94670848540128],[-97.38390293535252,32.946700667944846],[-97.38390287759515,32.94670961174734],[-97.3835580004471,32.946686981632624],[-97.38286900093485,32.946686981632624],[-97.38276659186248,32.94669272533885],[-97.38229418118496,32.94668899061244],[-97.38202976268234,32.94668744380776],[-97.37596376180392,32.94666444373337],[-97.37336569472704,32.94665448995195],[-97.37336365221631,32.94665448226733],[-97.37210869477288,32.946649490556275],[-97.37209934464185,32.94664945432877],[-97.3713625272757,32.946646630779],[-97.3698932886671,32.946638876995145],[-97.36965417314437,32.94663805913178],[-97.36842488885307,32.946636143465234],[-97.36762662420578,32.946633560334355],[-97.36499550941042,32.946618969432315],[-97.3649117284034,32.94661855995172],[-97.36398749886438,32.94661463969658],[-97.36275681526946,32.946608736808884],[-97.3619706888591,32.94660479130426],[-97.36191388710844,32.94660453112491],[-97.36094688560965,32.94660053182793],[-97.36087524809022,32.946600274941986],[-97.36058939372634,32.94659941097088],[-97.36018412468187,32.946597613867084],[-97.36018325438327,32.94659760947587],[-97.35634453925204,32.946580636340926],[-97.3554902735813,32.94657667327146],[-97.35545897171066,32.94657653604606],[-97.35401397150855,32.94657053545389],[-97.35392576681186,32.94657035212075],[-97.35383975558264,32.946569719786126],[-97.35382298362923,32.946569599027775],[-97.3536819821306,32.946568598929076],[-97.35336625407838,32.946567479169836],[-97.35326725269101,32.946566745837316],[-97.353007163366,32.946565345040455],[-97.35211516375358,32.946562345842175],[-97.35189900022313,32.94656198246932],[-97.35120036179298,32.94656198246932],[-97.34743889846033,32.94654098369013],[-97.3473667595019,32.946540621415075],[-97.34267036313892,32.94651967313483],[-97.32912667536996,32.94645569865461],[-97.32900479943768,32.94645523867508],[-97.3279496943176,32.94645225484604],[-97.32768638370639,32.94645148528601],[-97.32748927879624,32.946450425905944],[-97.32686552279972,32.94644522012327],[-97.32648757955583,32.94644364367791],[-97.3264875808685,32.94644323200171],[-97.32269764052579,32.946432645885665],[-97.32149484717853,32.94642374270189],[-97.32118820016049,32.946422204679635],[-97.32080819996654,32.94642120458094],[-97.32080067575608,32.94642118482048],[-97.31886211780206,32.94641630947657],[-97.31748382999068,32.94641071726718],[-97.30528720560984,32.94634200137503],[-97.3051701353535,32.94634144918003],[-97.30492731679557,32.946340523731955],[-97.30158286300606,32.94632581975618],[-97.30061744327168,32.94632010678844],[-97.30023699939608,32.94631898154018],[-97.30021242888469,32.94631898154018],[-97.299989060122,32.94631828992418],[-97.299989060122,32.946318412878135],[-97.29965099965659,32.9463159823419],[-97.29955430856413,32.9463159823419],[-97.2993516628842,32.94631456178459],[-97.2991992293638,32.94631367366181],[-97.29510322876546,32.946294672884406],[-97.29498225726111,32.94629634374084],[-97.29190226266692,32.94627989864923],[-97.29188537257342,32.946279810824976],[-97.29149137277994,32.946277810627585],[-97.29141329006279,32.94627761192521],[-97.29141329006279,32.94627755374164],[-97.2912576798869,32.94627689725534],[-97.29119142036646,32.94627644935164],[-97.29106857174752,32.94627573687738],[-97.28921157245435,32.94626673708692],[-97.2890062410566,32.946266239782084],[-97.28356568032717,32.94623503911795],[-97.28313487858597,32.94623401157418],[-97.28229741506,32.94623482065512],[-97.27807957659674,32.94621013764846],[-97.27807844638997,32.94621013106164],[-97.27741257608012,32.946206137253675],[-97.27740789773294,32.94620610980859],[-97.27285089747618,32.94617911043723],[-97.27277616862466,32.94617871083687],[-97.27219197380306,32.946175929003616],[-97.26917529966663,32.946157277327615],[-97.26903799463985,32.9461563738356],[-97.2689435967776,32.9461558216406],[-97.26839444624186,32.94615301455787],[-97.2666832882526,32.94614225389112],[-97.26578461241297,32.946142884030145],[-97.26576990528564,32.94614299710387],[-97.2656431593567,32.94614249211441],[-97.26559884895055,32.94614233073734],[-97.26446546421317,32.946138596010925],[-97.2631682152463,32.946131065081126],[-97.26310717357941,32.94613073903358],[-97.26023528404951,32.9461167936398],[-97.25526381163601,32.946090916223284],[-97.25474588683618,32.94608800045804],[-97.25467625244745,32.946087645867614],[-97.25445625198972,32.94608664576892],[-97.25445625067707,32.94608692680654],[-97.25432640947803,32.94608628459167],[-97.25432641341602,32.94608564786583],[-97.25390894968992,32.94608374866633],[-97.24244588463432,32.94602385911174],[-97.2424282148163,32.94602376909188],[-97.23576121434617,32.945990769128336],[-97.23576100825736,32.94601991360712],[-97.23570785309718,32.94601913746027],[-97.23570815369806,32.945989614239394],[-97.23528715364553,32.945986613943305],[-97.23525763043943,32.94598641084972],[-97.23495763076993,32.94598441065233],[-97.23486342849515,32.945983850772706],[-97.22909642834621,32.94595385110525],[-97.22899372261098,32.94595358433908],[-97.2251832377083,32.94593317068898],[-97.2246799071464,32.9459296884573],[-97.22430879108649,32.945926855027295],[-97.22421244653825,32.94592619195417],[-97.22356044718651,32.94592219155939],[-97.2235231031071,32.94592197309656],[-97.21814576963602,32.94589210406768],[-97.21705903447841,32.94588525706926],[-97.21692272314097,32.94588454349719],[-97.21673236796742,32.94588374758989],[-97.21413573432352,32.945869016169034],[-97.2141269263242,32.9458689667679],[-97.21069492548443,32.94584996599048],[-97.21067736067981,32.94584987157941],[-97.20668736192493,32.94582887170241],[-97.20648558129294,32.94582812629405],[-97.20567642413025,32.94582640713428],[-97.19906754857968,32.94578523073266],[-97.19901681004048,32.9457849343258],[-97.19809781016902,32.94577993383233],[-97.19804309687245,32.94577965938153],[-97.19376546640183,32.945760024073884],[-97.19324205990227,32.9457518805699],[-97.1894729489684,32.94573194336638],[-97.18788997559172,32.94572300615071],[-97.18788888607764,32.945723000661694],[-97.18682288712948,32.945717000069514],[-97.18678112592372,32.945716778313276],[-97.18582568115012,32.9457120204343],[-97.18510594815228,32.945707341597156],[-97.18507553101959,32.9457071505794],[-97.1847435311403,32.94570514928421],[-97.18467411990505,32.9457047683465],[-97.18433766745741,32.94570310297908],[-97.18428034851573,32.94570270008531],[-97.18364044670822,32.94569783791504],[-97.18351984406348,32.94569703542091],[-97.18046864283221,32.94567957705697],[-97.18021745601858,32.945677399015466],[-97.18021653190063,32.9457520177953],[-97.17995263452703,32.94573121332727],[-97.17995303751596,32.945675818178884],[-97.17956103691517,32.94567381798149],[-97.17952251406028,32.94567363355056],[-97.17920408322557,32.94567219981961],[-97.17913673156573,32.94566688974564],[-97.17908611641728,32.94567166848287],[-97.17898820585664,32.945671227165995],[-97.17807259660549,32.94566335701501],[-97.17776729244638,32.94566145781551],[-97.17685382546868,32.945657943747534],[-97.17595375951412,32.94565093317644],[-97.17583532933418,32.94565011970428],[-97.17484523538766,32.94564423108804],[-97.17312704018762,32.945633019224175],[-97.17302319374429,32.94563201144086],[-97.17279834691792,32.94563022202168],[-97.17247634825277,32.945628221824286],[-97.17233875443912,32.945627513741236],[-97.17189972883567,32.94562572651766],[-97.17093279297025,32.94562021115449],[-97.16961917241356,32.94561142104445],[-97.16939027600777,32.94561065477782],[-97.16768358108823,32.94559938363259],[-97.16767785785765,32.94559934630728],[-97.16737085773205,32.94559734610989],[-97.16735453339828,32.94559724181859],[-97.16687765177505,32.94559425579395],[-97.16544765273781,32.94558525490569],[-97.16539079191712,32.94558492227132],[-97.16432516839187,32.94557915770683],[-97.16392442148712,32.94557644942639],[-97.16390829799148,32.94557634293948],[-97.16191029851234,32.94556334275425],[-97.16188694484379,32.945563194550815],[-97.16123594574472,32.945559195253836],[-97.16116572328093,32.9455588022403],[-97.16081776924013,32.94555704465741],[-97.15918718541103,32.94554636193468],[-97.15908508481554,32.94554577351218],[-97.15871292387226,32.94554392590943],[-97.15724567526767,32.94553521593902],[-97.15448097160738,32.945517327236225],[-97.15446282791638,32.94551721196689],[-97.14124120050793,32.94543539489161],[-97.13803721264868,32.945412607791035],[-97.13794806283134,32.94541203583558],[-97.13063476786269,32.94537016562236],[-97.12455396271952,32.94533129460742],[-97.1245432684169,32.945331227641425],[-97.11041671949658,32.94524327384638],[-97.10964564675781,32.94523831287382],[-97.1095921975601,32.94523799121748],[-97.10853257423827,32.9452320542979],[-97.10721336828111,32.94522415560403],[-97.10183933485628,32.94519119186799],[-97.10181696831373,32.945191057936],[-97.09648302375619,32.94516019649305],[-97.08859814738852,32.945108460322665],[-97.08690061882655,32.94509656123402],[-97.08684440252563,32.945096191274345],[-97.08565783637474,32.945088911741465],[-97.08566610618035,32.94458690281505],[-97.08566893497895,32.94446373039624],[-97.08571980215957,32.94159929074647],[-97.08577864117028,32.938365072563116],[-97.08577921743134,32.938332611620936],[-97.08584692088608,32.93442576394118],[-97.08590490009955,32.931243545400974],[-97.08590598173761,32.93120220323108],[-97.08591172334552,32.930950765684514],[-97.08593072420845,32.92997576496528],[-97.08593268008312,32.929675573979566],[-97.08597113205396,32.92777953834973],[-97.08597244603419,32.92771169740672],[-97.08599644553519,32.92641269764424],[-97.08599976920945,32.926161011994154],[-97.0860894362178,32.9213111974919],[-97.08609353174059,32.92103474979333],[-97.08609640779521,32.92077644219447],[-97.08611735403147,32.919792030008594],[-97.08611971026974,32.91967226626865],[-97.08638553726466,32.904978742681564],[-97.08684845341772,32.87990932027823],[-97.08685486317341,32.87921500038662],[-97.08685486317341,32.87839502813883],[-97.08686038425317,32.87701341539377],[-97.08687899525384,32.87603971227789],[-97.08687901231852,32.87603877365617],[-97.08691667537614,32.87406577214331],[-97.08697246243479,32.87162081516384],[-97.0869758241764,32.87148210004763],[-97.08697732061742,32.871418110198164],[-97.08707332124676,32.86715711011526],[-97.08707349451888,32.86714938597209],[-97.0871654941375,32.863028385435115],[-97.08717022236604,32.86277976375371],[-97.08717257335364,32.86263008487715],[-97.08733394351479,32.853622065288214],[-97.0873359217048,32.85352580770992],[-97.08733743389784,32.85344838843418],[-97.08760043340683,32.83922738787795],[-97.0876033160248,32.8390485239039],[-97.08760831597553,32.838684524206236],[-97.08760935035757,32.838602743358464],[-97.08761535056098,32.83808374373225],[-97.08761141124565,32.83808371079816],[-97.08761630224497,32.837816377061564],[-97.08761872149128,32.837816394626415],[-97.08762059204255,32.83764115559846],[-97.08762186664275,32.837562964567084],[-97.08762647804389,32.837120202980394],[-97.08762764894335,32.83686135965359],[-97.08763210019906,32.836609583983645],[-97.08763242180261,32.83655902026705],[-97.08766305158746,32.83505648120848],[-97.08766431306098,32.834991841459534],[-97.08778269861021,32.828649325312995],[-97.08778720631062,32.82848663856658],[-97.08788591759847,32.82324151941124],[-97.08789951683438,32.82270113457911],[-97.08796308538632,32.81893176588918],[-97.08798474308838,32.81774599574213],[-97.08798934923885,32.81755120703517],[-97.08798156249489,32.81702787437981],[-97.0879840263719,32.81691670973217],[-97.08811702716176,32.81040271014235],[-97.08811739208333,32.810366989822526],[-97.0881199425964,32.81023927030295],[-97.08819094347206,32.8062382695336],[-97.08819151448245,32.80620529042832],[-97.08819851493854,32.8057902900884],[-97.08819460187655,32.80432136686096],[-97.08817317520396,32.8033560970691],[-97.08824520258565,32.80043947663866],[-97.08840706499716,32.79397897299772],[-97.08841634424414,32.79347222705058],[-97.08842124311947,32.79304890646038],[-97.08846469766637,32.789423704577246],[-97.08847214705477,32.78913772136026],[-97.08847381414257,32.7890421279529],[-97.0884831524596,32.788777209383305],[-97.08851701928265,32.786637633802975],[-97.08851705735,32.786635224125],[-97.08853101756951,32.785765633369145],[-97.088531734286,32.78571922373978],[-97.08853320184834,32.78562022494696],[-97.08854059741736,32.78517827353902],[-97.08854117105308,32.78514299453607],[-97.08855321083995,32.78438083699486],[-97.08866120531277,32.7824219279814],[-97.08866236308558,32.782348419080584],[-97.08868927933389,32.78090139043972],[-97.08888024489785,32.77513616287696],[-97.08888151424739,32.77268479143351],[-97.08887551404396,32.77249779164011],[-97.08887136338915,32.77237471692578],[-97.08886032122963,32.772062477550186],[-97.08886927230972,32.76798349213645],[-97.08887554423532,32.76776588339483],[-97.088876544488,32.76769988346774],[-97.08888086316428,32.76713000066421],[-97.08888086316428,32.76593798511487],[-97.08892813494845,32.76387962940489],[-97.08891900928357,32.76335683467309],[-97.08893430973666,32.7625901596718],[-97.08893509602451,32.76244531442264],[-97.08893975336902,32.76182503147519],[-97.0889466212457,32.76096358532112],[-97.08894759918303,32.760844314494804],[-97.08894772651178,32.760813380596844],[-97.08894883177787,32.76075053465829],[-97.08895283147592,32.76021053405728],[-97.08893357333015,32.759530584409276],[-97.08893404982848,32.75943267024599],[-97.08894238658014,32.758399673682646],[-97.08894453410427,32.75828601702179],[-97.08894580739181,32.75813442906551],[-97.08901306979025,32.75638564946062],[-97.08903655866358,32.755509052524886],[-97.08905034954896,32.75459775183507],[-97.08906302729226,32.75380010670832],[-97.08907998170646,32.75274792713223],[-97.08908172492897,32.75262782966013],[-97.08908661724098,32.75224918526807],[-97.08909558013508,32.751570942704014],[-97.08910009439882,32.75123411253722],[-97.0891006732852,32.75119536776965],[-97.0891016000285,32.751129382114],[-97.08911234683782,32.75031364738648],[-97.08912407158446,32.749488025843526],[-97.08912486443568,32.74942890914237],[-97.08913571494573,32.74856980899369],[-97.08914436673761,32.747913057024654],[-97.08914757489713,32.747728293456326],[-97.08917835170074,32.74540111209524],[-97.08920596760088,32.744346796194165],[-97.08921271208679,32.7440421316605],[-97.08923371214242,32.74288113234436],[-97.0892341742014,32.74285510782221],[-97.08923589642124,32.74275612330083],[-97.08925961107337,32.7414557249371],[-97.08926020571178,32.741422289145696],[-97.08927645784884,32.740485395370385],[-97.08928034203215,32.74029213480546],[-97.0892828571032,32.740129977200176],[-97.08928287810588,32.74012894087397],[-97.08928318658276,32.74011379558132],[-97.08928518708812,32.7400147956907],[-97.08928820491084,32.73984692841109],[-97.08928950051371,32.7397646590409],[-97.08931169772217,32.73853898704172],[-97.08931284893161,32.738472075938],[-97.08932520638402,32.73771538655442],[-97.08934350365715,32.736720633062596],[-97.08934424137631,32.73667924917618],[-97.08936124042121,32.73569624986299],[-97.08936227086525,32.73563368605985],[-97.08936341551136,32.73556041538232],[-97.08937740067155,32.734806234479],[-97.08937837860887,32.734751312483795],[-97.08939137795572,32.73399031202713],[-97.08939227450767,32.733935497616635],[-97.08939599460753,32.733697368738],[-97.0894606828649,32.729800135618476],[-97.08946076950095,32.72979492105338],[-97.08951376976636,32.72657492051899],[-97.08951386821643,32.726568929807044],[-97.08955686858036,32.72393092962767],[-97.08955686989302,32.72393085387925],[-97.08958467875529,32.72222461304972],[-97.08960145202137,32.72123592162705],[-97.08960171586754,32.7212201549778],[-97.08966622428945,32.717321377249206],[-97.08967029487155,32.71713068883712],[-97.08967408716813,32.71692733506977],[-97.08972802599084,32.71354319100415],[-97.08975742186819,32.71173726415701],[-97.08975993693923,32.71159565193821],[-97.08976124173078,32.711517564100326],[-97.08977842717448,32.71042144275642],[-97.0897844838226,32.71009270010564],[-97.08978608921502,32.70999919581773],[-97.08979794522843,32.70925514324654],[-97.08982187253271,32.70778668548764],[-97.08982320095228,32.70762364085739],[-97.08983716248446,32.706799016119724],[-97.08983848696602,32.70676093003406],[-97.08997029454106,32.69896728165838],[-97.09000207684802,32.69715568356002],[-97.09000526137953,32.69693839537692],[-97.09000748110037,32.696749668739116],[-97.09001117625955,32.696582163734554],[-97.09001317545224,32.69647616315306],[-97.09001415076425,32.69642239055778],[-97.09003815157791,32.695045390781665],[-97.09004148837884,32.69481262467156],[-97.09004255163957,32.694717983059554],[-97.0900498382572,32.69425325552907],[-97.090056409471,32.693867466633925],[-97.09005687284265,32.69383961646509],[-97.09006463727127,32.6933630030196],[-97.09008845562414,32.69195879419171],[-97.09008911064525,32.6919188637967],[-97.09011696413822,32.69016704437481],[-97.09018681774242,32.685903003377106],[-97.09018766178767,32.6858491879675],[-97.09020525153296,32.68467268547487],[-97.09024539815762,32.6822324633205],[-97.09025799714087,32.68151919205263],[-97.0902584972672,32.681490250667444],[-97.09031049727993,32.67841225207198],[-97.09031117855439,32.67837056080067],[-97.09033096439252,32.67711714951078],[-97.09033560335968,32.676835033854395],[-97.0903404261003,32.67655148336926],[-97.09034117563347,32.67650574449763],[-97.09034681879132,32.67614835686852],[-97.0904044330832,32.67275798935668],[-97.09040468511536,32.67274302739716],[-97.09050163086535,32.66690132247378],[-97.09055650168203,32.663651967780204],[-97.09056124303726,32.66280110774218],[-97.09056024409723,32.662627107036215],[-97.09055494354563,32.661684305982],[-97.09058358332645,32.660228947210626],[-97.09058738612438,32.66000040544715],[-97.09058779698933,32.659970212566336],[-97.09060048129595,32.659330115369315],[-97.09060291235627,32.659193806637674],[-97.09060488267028,32.65910832070418],[-97.09060868546821,32.65892361971063],[-97.09062047978624,32.65827300446136],[-97.09062503868067,32.65802955672632],[-97.09065365614615,32.656558195278016],[-97.09066665680567,32.6558941956124],[-97.09066728688609,32.655861256028025],[-97.0906822867383,32.655059255916065],[-97.09068237731236,32.655054446440346],[-97.09070037660995,32.65408544631328],[-97.09071021374064,32.65355718452165],[-97.0907185268643,32.65312031813803],[-97.09073694884083,32.65222247541738],[-97.0907384754732,32.65214411532431],[-97.0907544755781,32.65127611528527],[-97.09075469610625,32.65126405372175],[-97.09076814569806,32.6505215018475],[-97.09078554116857,32.64964008884922],[-97.09078613711965,32.649609236188695],[-97.09079966547152,32.64889400863556],[-97.09080587045108,32.64862490963146],[-97.09081528752814,32.64796610916169],[-97.09081805988204,32.64746524743959],[-97.09082366234718,32.64673878387092],[-97.0908261459142,32.6464406995695],[-97.09083088989476,32.646210343137376],[-97.09083260292593,32.646122150021235],[-97.09083717888505,32.6458714139709],[-97.09087050226373,32.644163087315334],[-97.09089321928852,32.643027202442504],[-97.09089602970977,32.64288954451075],[-97.09089687112967,32.64284718797072],[-97.09092969175668,32.64114542508035],[-97.09096849552242,32.639185389720836],[-97.09096991582872,32.639102071948614],[-97.09097196884079,32.639019052778856],[-97.09101279805257,32.63688697409643],[-97.0910396775462,32.63551214028599],[-97.09104023805524,32.63548283333234],[-97.09106223836355,32.634310834028355],[-97.09106828976101,32.63381281671429],[-97.09106929001369,32.63363181641525],[-97.09106974025866,32.633520322426655],[-97.09107062368393,32.633175468416425],[-97.09107539654318,32.63221608943642],[-97.0910756787667,32.63214636356535],[-97.09107716470638,32.631670195827944],[-97.0910891572372,32.631461076398296],[-97.09109415718794,32.63117407661557],[-97.09109427664069,32.631167228519345],[-97.09110127578413,32.63076122906769],[-97.09110216052206,32.630707656272584],[-97.09121669864268,32.623464927248335],[-97.09129218752872,32.619120342627035],[-97.09129310508334,32.61906525925476],[-97.09129992307865,32.61863675374014],[-97.09132369155016,32.617203658417225],[-97.09132388188696,32.61719212379923],[-97.09135886316477,32.615043281662274],[-97.09138078077501,32.613710281837555],[-97.09138288891911,32.613564965630836],[-97.09138630054211,32.61329373688857],[-97.09149591353405,32.60601289652918],[-97.09156200765835,32.602237629342774],[-97.09171093635638,32.59384961495708],[-97.09171430728668,32.59346989362011],[-97.09171949494888,32.593188020578225],[-97.09172019066268,32.59314913419404],[-97.09176219077393,32.590731134869415],[-97.09176347850081,32.590652230265974],[-97.09176681792708,32.59043353799261],[-97.09182803286608,32.58695022058346],[-97.09183992169616,32.58628142132235],[-97.09184033124845,32.58625800408275],[-97.09187608831279,32.584173499798865],[-97.09189156203797,32.583437126360906],[-97.09189479382552,32.583264506691336],[-97.09194153397932,32.58041835314911],[-97.09205225486268,32.57400852080948],[-97.0921661090835,32.56742589864078],[-97.09225710844943,32.56222489909737],[-97.09225786454594,32.562180101043076],[-97.09226864942262,32.56151861644454],[-97.09228315308648,32.56080253040931],[-97.09228069183482,32.559166388703936],[-97.09227969158214,32.55912338885124],[-97.09227940016993,32.55911148756699],[-97.0923379293911,32.55581702633641],[-97.09233963848426,32.55571260439589],[-97.09235010438272,32.555014366444745],[-97.09244651062633,32.549300428246475],[-97.09156037207458,32.540511586159894],[-97.08863988627894,32.53203647975465],[-97.08379741889523,32.5242011840198],[-97.07721927945558,32.51730715570812],[-97.06915855814157,32.51161963943674],[-97.05992538579095,32.50735745811762],[-97.04987500437481,32.50468459719831],[-97.03961209945537,32.50372429167242],[-97.03961252869766,32.50370817372616],[-97.03939682722618,32.5037041480819],[-97.03939409293966,32.503703892293764],[-97.03936725413872,32.503703595886904],[-97.03896952899471,32.50369617363961],[-97.03878685948972,32.5036930240423],[-97.03790185902074,32.50367902375836],[-97.03688499978267,32.50367098125228],[-97.03507799999686,32.50367098125228],[-97.03507799999686,32.503965646994594],[-97.03437952171215,32.50401026171576],[-97.03437666666021,32.503671095423805],[-97.0307350249351,32.50369252673745],[-97.0205542930049,32.503560395146906],[-97.02016910908675,32.50355655064018],[-97.01636036871925,32.50352994318454],[-97.01424998126896,32.50351151655819],[-97.01293910156213,32.503499626251966],[-97.01286681952293,32.50349901148219],[-97.01048958250968,32.5034801226807],[-97.00739106092554,32.50344204427966],[-97.00624492362283,32.50342730078297],[-97.00564397653784,32.50342441465841],[-97.00439769713964,32.503407954197556],[-97.00371408218972,32.50339833963732],[-97.00358430006072,32.503396645727015],[-97.00001429979304,32.50335364477652],[-96.99991172926255,32.50335249098538],[-96.99714318342433,32.50332356167603],[-96.98301642710253,32.50313095540179],[-96.98291069304324,32.50312960071266],[-96.98254796624171,32.50312525231428],[-96.97960409527349,32.503084992578316],[-96.97767369686102,32.50305848172936],[-96.97743239574679,32.50305493253168],[-96.9774117382974,32.503054632831414],[-96.97713373762353,32.503050633534436],[-96.97709243978942,32.50305005169875],[-96.9768014397687,32.50304605240177],[-96.9763819322192,32.50304165679785],[-96.96911708781019,32.502989230109264],[-96.95690804821956,32.50281828239393],[-96.95625735628471,32.50281246623269],[-96.94181935729576,32.50275646619476],[-96.94178379713156,32.50275633775179],[-96.92858246093826,32.502712436602685],[-96.92579366982825,32.50270056495911],[-96.9255231907395,32.50269998861245],[-96.92197761265177,32.50268852096045],[-96.92146271355067,32.50268584780971],[-96.92140489710799,32.50268557335891],[-96.92000689565519,32.50267957386454],[-96.92000689302986,32.50267999761657],[-96.91963999982148,32.50267798204993],[-96.91869940000534,32.50267798204993],[-96.91804888659327,32.50267546368944],[-96.91786527590564,32.50267501468794],[-96.91697018758646,32.50267410570691],[-96.90873706445312,32.50264267450411],[-96.90050641963613,32.50252916165547],[-96.8996580937861,32.50251728342508],[-96.8996563256229,32.5025172581756],[-96.89529132531214,32.50245625764419],[-96.8944699340878,32.502450027611154],[-96.89112793367394,32.502446028314175],[-96.89085960604731,32.50244626763527],[-96.87406335646871,32.50249627037444],[-96.87386002426366,32.50249475869946],[-96.87382734015408,32.502494523769585],[-96.8713733396546,32.502477524287364],[-96.8713724286633,32.50247751770055],[-96.857196427618,32.502379517908615],[-96.8539102943355,32.50235655186612],[-96.8538204593057,32.502355986497484],[-96.8528262462084,32.50235042722219],[-96.85180010641068,32.50234216625327],[-96.84657264675828,32.50229826290857],[-96.84277464532408,32.502266263043715],[-96.84249736661738,32.502264525221285],[-96.83988970394064,32.50225380187984],[-96.83981071679555,32.502253311161816],[-96.83862828686014,32.50224541576136],[-96.83854266680586,32.50224490089167],[-96.83599819594546,32.50223129911029],[-96.83437419645686,32.50221886539149],[-96.83418448711575,32.5022176929377],[-96.83142148729796,32.50220469275246],[-96.83111900012344,32.502203981376],[-96.82922114405244,32.502203981376],[-96.82501537031672,32.50219050803759],[-96.8235501379695,32.50218300784628],[-96.82310486144313,32.50218023150204],[-96.82241537755654,32.502182316230275],[-96.82198482653484,32.5021762805084],[-96.82100241956957,32.50217328789694],[-96.82068005992085,32.502172289993844],[-96.82050829474528,32.50217198700017],[-96.81110292272612,32.50216799429001],[-96.80552638932748,32.5021631211417],[-96.80511135403636,32.5021610495871],[-96.80155407482998,32.50213743364513],[-96.79952320221715,32.502123495935976],[-96.79949148160554,32.50212328625557],[-96.78865848122678,32.5020542860324],[-96.78865101477369,32.502054238826865],[-96.78289401452624,32.50201823856723],[-96.78285321025513,32.502017995952734],[-96.78275884258423,32.5020174657138],[-96.78235701797942,32.502014159130624],[-96.7821259176048,32.502021844850674],[-96.7820028694604,32.50201166931301],[-96.78047186853043,32.50199766902908],[-96.78036591131765,32.50199678749313],[-96.7791108409848,32.50198737931989],[-96.77898872352168,32.50198616405177],[-96.77896606950493,32.50198594339333],[-96.77719506962694,32.501968943911116],[-96.77714068449727,32.50196844441067],[-96.77211368362063,32.50192444445928],[-96.77210405782941,32.50192436102624],[-96.77018022931809,32.50190781054552],[-96.76984171598237,32.501904346976495],[-96.76943243411314,32.50190225346583],[-96.76877699951041,32.50187198154319],[-96.76615156856558,32.50187198154319],[-96.75816709354679,32.50180055407719],[-96.75811067246973,32.501800074337204],[-96.74658367394062,32.50170707394095],[-96.7464730042513,32.50170627583803],[-96.74428069584393,32.50169236228055],[-96.74297332489748,32.501683468977006],[-96.74283804794207,32.50168269063455],[-96.73602704784061,32.50165069076971],[-96.73601750474745,32.50165064685758],[-96.73513850448188,32.5016466475606],[-96.7351278049286,32.50164660035506],[-96.7235679975865,32.50159592905376],[-96.72304823242676,32.50159243474624],[-96.72290634093952,32.50159163664333],[-96.72180394697058,32.501586658105914],[-96.72180316330805,32.501586654812506],[-96.72179934082011,32.501586637247655],[-96.71548294729193,32.50155765853716],[-96.71547629863075,32.50155762889647],[-96.712489524436,32.50154423459989],[-96.70963264919764,32.50151940887881],[-96.709437749569,32.501518010277564],[-96.702020588467,32.501476043457664],[-96.69694742894828,32.50144610197378],[-96.69685583756927,32.501445626625],[-96.69385166659134,32.50143217634046],[-96.69240734110036,32.50142019381877],[-96.6898824499893,32.501399203822],[-96.68980706611666,32.50139862088851],[-96.68644606615254,32.501374620715424],[-96.6864187862953,32.501374431893275],[-96.68254778610543,32.5013484326206],[-96.68254329809504,32.501348402979914],[-96.66629429830955,32.501240402201034],[-96.66586700007807,32.501238981643716],[-96.66570434744071,32.501238981643716],[-96.66031659532722,32.501205241760836],[-96.66020758747503,32.501204652240524],[-96.66001314990537,32.501203764117754],[-96.65985756073214,32.501201400547515],[-96.65937192886696,32.50119585664146],[-96.65884792904167,32.501191855148875],[-96.65880242410803,32.50119152471012],[-96.64654492083109,32.50110659755844],[-96.64588437207553,32.50110180454976],[-96.64295590657379,32.50107894170077],[-96.64288899728292,32.501078454276154],[-96.63165699715992,32.50100245445992],[-96.63158239957515,32.501001992284785],[-96.62787280105046,32.50098119659918],[-96.61412051202886,32.50088853761971],[-96.61358321619385,32.50088465798328],[-96.61344747586679,32.50088382035945],[-96.6129199029604,32.50088112525265],[-96.60826007751567,32.50084868297312],[-96.60762779311801,32.500843855932544],[-96.60758294451816,32.5008435287872],[-96.59778831012274,32.500775586846295],[-96.59245257114866,32.50073760944314],[-96.59243472412051,32.50073748539138],[-96.5785457864059,32.50064248589553],[-96.56742595897659,32.50056552220811],[-96.56732622249537,32.50056498867576],[-96.56117002035288,32.500482721501186],[-96.56081650322695,32.50047896920992],[-96.5535675027154,32.500421969073294],[-96.55338761606563,32.500420806499726],[-96.54706961583236,32.50038880663488],[-96.54700693201836,32.50038852010825],[-96.53359316552115,32.50033366068782],[-96.53149573147434,32.500322837446284],[-96.5314916989596,32.500322816588024],[-96.53035900862336,32.50031704324111],[-96.53022082410932,32.50031614853152],[-96.5299483655179,32.50031321959264],[-96.52984852927395,32.50031238636003],[-96.5294603183444,32.50030889754153],[-96.52445771601971,32.500258355781],[-96.52377875053828,32.50025137704619],[-96.51267586308383,32.50110414726174],[-96.50202201032297,32.503853736938595],[-96.49227533029885,32.508381904989804],[-96.48385495120007,32.51449393296783],[-96.47712296712238,32.52192698922692],[-96.47236886720616,32.53036143739365],[-96.46979709023518,32.53943457647152],[-96.46961958870237,32.54536800614387],[-96.4693878267433,32.545367022512224],[-96.46932934871617,32.55501295357205],[-96.46932166436027,32.555299425311446],[-96.46931604745578,32.55553670888164],[-96.46928424939681,32.557086825632155],[-96.4692654782507,32.557977948699545],[-96.46926373502818,32.5580655248503],[-96.46924786619005,32.55891255135962],[-96.46915404458886,32.56380727369649],[-96.46915278180266,32.563876441883544],[-96.46914578134657,32.564280442235614],[-96.46914491761132,32.564332378206174],[-96.46913810880469,32.56475939839309],[-96.46913227137205,32.56511259021846],[-96.46913209022392,32.56512369449761],[-96.46912768359891,32.5653951768324],[-96.46911144327586,32.56572305002307],[-96.46901147182716,32.56834533954116],[-96.46899670562978,32.56864508701439],[-96.46895504943743,32.57103848566759],[-96.46895805019547,32.5712464864358],[-96.46896074247664,32.57139545174029],[-96.46896427486504,32.57166882888337],[-96.46900656245049,32.57199138870665],[-96.46900636948835,32.57200328559969],[-96.46898110326316,32.572635916637296],[-96.4689572678456,32.57345791982097],[-96.4689141125869,32.57584750251032],[-96.46889245882282,32.57627884035714],[-96.4688906552176,32.576350734389486],[-96.46888532053664,32.57642314438933],[-96.46887532063516,32.57663414325801],[-96.46884192112176,32.577602178416086],[-96.46871792129338,32.58333817916483],[-96.46871436133895,32.58352413933863],[-96.46871236083359,32.58364413910625],[-96.4687071364167,32.58427100009035],[-96.4687071364167,32.584393000055364],[-96.4687073346295,32.58451523824367],[-96.46872092598942,32.58869655867409],[-96.46868482238085,32.59051855516415],[-96.46866917013286,32.591275730874536],[-96.46866850067241,32.59130881317332],[-96.46863258740063,32.593123368753446],[-96.46852287464596,32.59744259851254],[-96.46852069824315,32.597518219586675],[-96.46852117867947,32.59751822946691],[-96.46851715929141,32.59763337584668],[-96.46851615903873,32.5976713763037],[-96.46851575079911,32.59768699584732],[-96.46847075124249,32.59942399602411],[-96.4684696013457,32.59946944068448],[-96.46841883130249,32.601525164960236],[-96.4684030701031,32.60215065808158],[-96.46840263692279,32.602168025327856],[-96.46834663721202,32.60443202482262],[-96.46833530101497,32.605473285648294],[-96.46833588909004,32.60567182774432],[-96.46833551235444,32.60575607645363],[-96.46833588121403,32.60616057301274],[-96.4683365664265,32.606269573890316],[-96.4683473867452,32.609237112627774],[-96.46834743400123,32.60924946510914],[-96.46834936230987,32.60973472265686],[-96.4683495067033,32.60978203468044],[-96.46834841981456,32.609880660220185],[-96.4683482885478,32.60989280192334],[-96.46834242486182,32.61044100860311],[-96.46828069404447,32.61588330089391],[-96.46827002730788,32.616776348410276],[-96.46826426732262,32.61722277665958],[-96.46826405467048,32.61723957195041],[-96.46813005494062,32.627996572042214],[-96.46812940910817,32.62805393994291],[-96.46812641885147,32.628188521830154],[-96.4681246008069,32.62835221745769],[-96.46812391165643,32.62835220757746],[-96.46786522951105,32.6419790221634],[-96.46782867434483,32.64270554611124],[-96.4678178435248,32.64328544856438],[-96.46781380182138,32.64336450137125],[-96.46780780161797,32.64351550090503],[-96.46780587068397,32.643564924004124],[-96.46780487174397,32.6435909243746],[-96.46779178313572,32.64398555936775],[-96.46778578161964,32.64420055972902],[-96.46778001375839,32.64446245933988],[-96.46777973284752,32.644462454948666],[-96.46771373323527,32.647383455613785],[-96.46771360065584,32.64738934971905],[-96.46758675365152,32.653042561836706],[-96.46756984649335,32.65378646291106],[-96.46756598856338,32.653977561901534],[-96.4675647375912,32.654048484378066],[-96.46753175550609,32.655506438356156],[-96.46753172925274,32.655507622885786],[-96.46742273058922,32.660332623742796],[-96.46742245886703,32.66034475776132],[-96.46741145871289,32.660838757115755],[-96.4674110373466,32.660876562163814],[-96.46740709278058,32.6610387219647],[-96.4674046840356,32.66116395825348],[-96.46739664132146,32.661504157578236],[-96.46739604930839,32.661529550863555],[-96.46738504915425,32.66200855203096],[-96.46738458315725,32.6620290820482],[-96.46732189934326,32.664825146124805],[-96.46729132600312,32.66497706891106],[-96.46724232674843,32.665625069193155],[-96.46714247869049,32.66771991258737],[-96.4671024790846,32.669743912546885],[-96.4671013620045,32.66980279980717],[-96.4670553621952,32.672330799010275],[-96.46705323961174,32.67245959327916],[-96.4669822387361,32.67726659345745],[-96.46703069717174,32.67980975661585],[-96.4670458204147,32.68009557735797],[-96.46697970922571,32.68133319784694],[-96.46697883761445,32.681349577070364],[-96.46696317749046,32.68164515398932],[-96.46693554190031,32.68216331708951],[-96.46688571960307,32.684686119292365],[-96.46689472056453,32.68533811887144],[-96.46689592165535,32.68541890620734],[-96.4669239208544,32.68717390706284],[-96.4669241190672,32.687186169524345],[-96.46693797952398,32.68803757297494],[-96.46694727058497,32.688626498272406],[-96.46690933186714,32.691536795356534],[-96.46690915071902,32.69155087907351],[-96.46690827648243,32.69161993308904],[-96.4668864350069,32.693268934460846],[-96.46688339093082,32.69390529034463],[-96.4668843911835,32.69417729084253],[-96.46688534549281,32.694340582478496],[-96.46691134549918,32.69758258189078],[-96.466911579154,32.69761039583211],[-96.46691725906653,32.69825884950692],[-96.46692000647974,32.698662769719355],[-96.46692050004275,32.698727310666015],[-96.46693012583395,32.69985732887866],[-96.46690159369187,32.701202482482365],[-96.46690158712853,32.70120277998703],[-96.46674336999486,32.70866489399844],[-96.46673723721202,32.70892945139079],[-96.46673495448313,32.709042473521414],[-96.46673349742214,32.70910207874498],[-96.46670307241344,32.71054478643253],[-96.46624970460421,32.730667779969295],[-96.46624970329154,32.73066777887149],[-96.46594081686266,32.744359799672814],[-96.4659280196666,32.74491790195044],[-96.46592777419778,32.74492867249742],[-96.46592177399435,32.74519367230445],[-96.46594673830602,32.74757783953073],[-96.46594854453657,32.74794361876734],[-96.46590694085093,32.75003871685189],[-96.46590029612774,32.75035761550157],[-96.46589982488008,32.75038057276164],[-96.4658909223687,32.75082077207571],[-96.46588106292265,32.75130092922987],[-96.46588058248632,32.751324705451104],[-96.4658685820795,32.751927705683116],[-96.46586161050207,32.75248716155206],[-96.46585361110597,32.75408016178814],[-96.46585313723298,32.75426900040187],[-96.46585313723298,32.754410363419346],[-96.4658494420738,32.7554071665097],[-96.46584304413211,32.75687576039619],[-96.4657944426157,32.761264579898764],[-96.46579380990994,32.76132638731551],[-96.46575140680974,32.76582298035171],[-96.46570358501786,32.76841676870368],[-96.46494366601534,32.76841216232154],[-96.46455400065014,32.768410981085324],[-96.46444099966324,32.768410981085324],[-96.46246880722832,32.768441240932134],[-96.462302292723,32.76844635230373],[-96.45289414966263,32.76853574202533],[-96.44982307595716,32.76856348900066],[-96.44798288931008,32.76857937860387],[-96.44721706592888,32.76859055424023],[-96.44174777221923,32.768702962698875],[-96.43951365403738,32.76872657205403],[-96.43929210331927,32.768729294605905],[-96.43922238623249,32.76873027165074],[-96.43915669247178,32.76873089739855],[-96.43908147530792,32.76873165817615],[-96.43778129515437,32.76874556404901],[-96.43651808103198,32.76874402932017],[-96.43643999962751,32.76874398211463],[-96.43466000010073,32.76874398211463],[-96.43408953578182,32.76874651364876],[-96.43230661163172,32.768762335188164],[-96.42728423790824,32.76880394961325],[-96.42487214563326,32.76882172853573],[-96.42469198726131,32.7688233082745],[-96.41802593847517,32.768891126163645],[-96.40936957587844,32.76897420790819],[-96.39891982979651,32.769049656627224],[-96.39864082755729,32.76905227708341],[-96.39241282643728,32.76912427760267],[-96.3923834200586,32.76912462450847],[-96.38800627100957,32.76917723013898],[-96.38742065850701,32.769116768628926],[-96.38194889698235,32.76878766809431],[-96.38079689730631,32.76876766831601],[-96.37968099992618,32.76875798239856],[-96.37896600040757,32.76875798239856],[-96.37658531107864,32.76880208334784],[-96.37350969160542,32.76891608691451],[-96.37291289911325,32.76892616474769],[-96.3696873231233,32.768939136390046],[-96.36949971536295,32.76893952062116],[-96.35875571515741,32.76898352057255],[-96.35861968079283,32.768984222068774],[-96.35604368097032,32.769000222550105],[-96.35586895310406,32.76900154540293],[-96.3557969454124,32.769002188715596],[-96.35557643170165,32.76900388482151],[-96.35499982147321,32.76902383958988],[-96.35316393249974,32.76904404246177],[-96.35308749718038,32.769044270804834],[-96.35301969265024,32.76904450902812],[-96.35271835668514,32.76904572868745],[-96.35085509071703,32.769042103741356],[-96.35052047600396,32.76904606790863],[-96.3500326585473,32.769048000042226],[-96.34660859803361,32.76907512895437],[-96.34361040231842,32.76908863412907],[-96.34356124948162,32.76908887454797],[-96.34289630328973,32.769092378735714],[-96.34043312855667,32.76909815866945],[-96.34040237275575,32.76909823880908],[-96.34004837256815,32.76909923890778],[-96.33984837191336,32.76910011495471],[-96.33767337102776,32.769113026217894],[-96.335518224239,32.769124840775696],[-96.33431188406398,32.769130753543614],[-96.33418359312533,32.76913151102781],[-96.33400565709957,32.769132738371766],[-96.33382455885764,32.769133356434956],[-96.3337575471787,32.76913361990771],[-96.32754753485493,32.76916129003683],[-96.32389211799645,32.769169129449324],[-96.32364033523176,32.76917016248211],[-96.32354405631689,32.7691707465134],[-96.32212374739159,32.76916902845143],[-96.3218507689838,32.76916927765275],[-96.3198747685003,32.76917527824492],[-96.31984940382503,32.769175360580164],[-96.3183924032161,32.76918035997584],[-96.31838721424123,32.76918037754069],[-96.31195105817554,32.76920298130813],[-96.3078475268034,32.76920298130813],[-96.3033984186314,32.76920198340504],[-96.30320209213312,32.769202239193184],[-96.2971940927835,32.7692192386754],[-96.28675408669486,32.770105181209594],[-96.27671867756492,32.77267016101056],[-96.26747012468849,32.776816476888825],[-96.259360711284,32.78238619229234],[-96.25269933296904,32.78916715126787],[-96.24821717445322,32.79615654135044],[-96.23487899004145,32.79618051737186],[-96.23473150921575,32.79617932954882],[-96.23319619223483,32.79616537317702],[-96.22848694354379,32.796091821461864],[-96.2284668767948,32.79609151078357],[-96.2276354843563,32.796078785049126],[-96.22651210477107,32.796036805055586],[-96.22648761958307,32.79603589497675],[-96.22272961906744,32.795896895529516],[-96.22080790263821,32.79585458509722],[-96.20674184668974,32.795755272332684],[-96.20415162017619,32.7957177318552],[-96.20414124878981,32.79571758255396],[-96.20148248265228,32.79567947780564],[-96.20009658924506,32.795653914360834],[-96.1957651551565,32.79557353979893],[-96.19575017761963,32.79557322472942],[-96.19557392837169,32.79556975567137],[-96.19229265589716,32.79550967290342],[-96.19225873000407,32.795508940668704],[-96.19205819640626,32.79550492600248],[-96.18826519623546,32.79543492568062],[-96.18783352157034,32.795428409120944],[-96.17849872380988,32.79531884397253],[-96.17482891092627,32.795261788945744],[-96.16868044170837,32.795165954021684],[-96.16605893563955,32.79512415297006],[-96.16602781491704,32.795123664447644],[-96.16442355532321,32.795098860682636],[-96.16057786598923,32.7950380237239],[-96.1605379569574,32.795037404562905],[-96.1581166681335,32.79500060400476],[-96.154240825513,32.79492422215302],[-96.14702728802824,32.794625138850705],[-96.14550947415657,32.79458016953911],[-96.143768473983,32.794549169772964],[-96.14047076165996,32.7945750548741],[-96.13921776140386,32.794617054628105],[-96.13914055948665,32.79461968935573],[-96.13901641132682,32.79462400042881],[-96.13514847096502,32.79454904791681],[-96.13514166215839,32.794548916180425],[-96.13187266181289,32.79448591654943],[-96.13182679589568,32.794485049284916],[-96.1281114465744,32.794416100658495],[-96.12687214269161,32.79439093242283],[-96.1187989589118,32.794144020020966],[-96.11594023543752,32.79412019439859],[-96.11500523546117,32.79413319458382],[-96.11500132502451,32.79413324947398],[-96.11464332513886,32.79413824886966],[-96.11450425982488,32.794140341282514],[-96.11352254463542,32.79415617489776],[-96.10829253578261,32.79408751389577],[-96.10464335409503,32.79403102533542],[-96.10224138248695,32.79398253866244],[-96.1006037890131,32.79392193773139],[-96.0995849528977,32.79389232558846],[-96.09944295377171,32.79388932529237],[-96.09661592071768,32.793891769002244],[-96.0964438811946,32.79389570133323],[-96.09519242332287,32.79392406307834],[-96.09517623944453,32.79392435399619],[-96.09503962488088,32.79392749371328],[-96.0950407248963,32.79386248290685],[-96.09460492057903,32.793857325427524],[-96.09458591709075,32.79385695876126],[-96.0945557086722,32.79385674359184],[-96.09436472473088,32.79385448321509],[-96.09436470897887,32.793855381218094],[-96.09302109265576,32.79384579739635],[-96.09265631284217,32.793847635118865],[-96.09144874269765,32.79385250497377],[-96.09141473541916,32.79385265098159],[-96.09134229717253,32.79385298142035],[-96.09129500044767,32.79385298142035],[-96.09129500044767,32.793853197687575],[-96.09119573521411,32.79385364998248],[-96.0911962865345,32.79393799749408],[-96.08780105351309,32.79379999485214],[-96.086897289774,32.79376963071403],[-96.08513031847275,32.79372271060618],[-96.08333128920437,32.793674671836904],[-96.08263354076281,32.793655424053775],[-96.08254352852289,32.793653004495575],[-96.08155052833041,32.79362700412509],[-96.081550423317,32.79362700192949],[-96.08021533802037,32.793592046778485],[-96.0801435324795,32.79359007951519],[-96.07933962598703,32.79356713762437],[-96.07920359949846,32.79356519670835],[-96.07920362837714,32.793564442517564],[-96.07853762942587,32.79354644293665],[-96.07838765846981,32.79354256549583],[-96.07806365798663,32.793534565804066],[-96.07670998794268,32.79351540474739],[-96.0714669889317,32.79349640396998],[-96.07118736448805,32.793495997782806],[-96.06711424105995,32.79349895197116],[-96.06474014919817,32.79349602961909],[-96.06466099928231,32.79349598131576],[-96.06364899953957,32.79349598131576],[-96.06283254525789,32.79352146242533],[-96.06267170016376,32.79349957442556],[-96.05925070210348,32.793450575078495],[-96.05908635218695,32.79344843106889],[-96.05906002663905,32.79344812148839],[-96.05894754021782,32.79344621460427],[-96.05870703064213,32.79344272798138],[-96.05864947279495,32.793441828880574],[-96.05856778024203,32.79344060483003],[-96.05835877993844,32.79343760453394],[-96.05830488049577,32.79343695573226],[-96.05463656536583,32.79336900720454],[-96.05344600082955,32.79335798196722],[-96.05337999990464,32.79335798196722],[-96.05274408598117,32.79336112717333],[-96.05153108533095,32.79337312616207],[-96.05088414237466,32.79337952086558],[-96.04666009761917,32.79334600493454],[-96.03399346342978,32.793245364925966],[-96.03307741574767,32.79323679547436],[-96.03298225260023,32.793235975415385],[-96.03289299251881,32.79323527282135],[-96.0320847949161,32.793227959256576],[-96.0317317175338,32.79322434638632],[-96.03150322017896,32.79322317722593],[-96.03150323724364,32.79322192573031],[-96.03108523663649,32.793217925335526],[-96.03107582349742,32.793217835315666],[-96.03012082371812,32.793208835525206],[-96.03007297698555,32.79320840299076],[-96.02949697714755,32.79320340359508],[-96.02946455950948,32.79320313024209],[-96.02909755866237,32.793200129946],[-96.02909753372168,32.79320225858636],[-96.02909033636546,32.79320219381598],[-96.02909036786947,32.79319994551507],[-96.02742436826962,32.79318394613155],[-96.02733874952801,32.79318353555316],[-96.02733876134202,32.793182678168876],[-96.02679276120843,32.7931776776754],[-96.02673534906735,32.79317717707715],[-96.02661818298628,32.79317620881475],[-96.02661575586396,32.793176189054286],[-96.02661434868433,32.793176176978456],[-96.02457618289053,32.79315920933253],[-96.02453514496459,32.79315903807523],[-96.01948613196565,32.79311268992284],[-96.01946909879139,32.7931125362304],[-96.01690213799768,32.79308965252315],[-96.01541457061194,32.79307577848658],[-96.01539841955028,32.793075629185346],[-96.01484741946594,32.79307062869187],[-96.01468618057153,32.79306936841382],[-96.01416633140107,32.79306595424593],[-96.01136198649314,32.79303978152036],[-96.01119350429914,32.793038430124646],[-96.0110966176192,32.79303778022516],[-96.01018870453795,32.79303021416566],[-96.01017149677891,32.793030073646854],[-96.01004749695052,32.793029073548155],[-96.00997700145187,32.79302878921713],[-96.0098961962622,32.79302817664296],[-96.0096092143169,32.79302559131648],[-96.00959397424653,32.79302545518888],[-96.00903731525233,32.793020572160344],[-96.00865941007581,32.79301708114624],[-96.00860069839385,32.793016469669865],[-96.00850891405271,32.79301557935149],[-96.00806391581186,32.79301157895671],[-96.00802738689899,32.793011414286234],[-96.00802738689899,32.79301140660161],[-96.0071127463965,32.793003461800005],[-96.00098061463906,32.792948971241444],[-95.99828315237454,32.79291129792977],[-95.99561613874675,32.792873453360805],[-95.99541834074813,32.792870950369554],[-95.99532834032222,32.79286995027086],[-95.99529074946129,32.792869544083686],[-95.99519574908464,32.79286854398499],[-95.99517446811815,32.79286832332655],[-95.99280035787903,32.79284411676647],[-95.99268392951713,32.792833640430736],[-95.99127192977748,32.79281664094852],[-95.9904980006741,32.79281198187183],[-95.99007399986353,32.79281198187183],[-95.98973737414376,32.79281286340778],[-95.98954637445043,32.79281386350648],[-95.98954637707577,32.79281428396509],[-95.98920539986304,32.79281481200842],[-95.98861544243086,32.792812808517624],[-95.98683560304951,32.79278299767232],[-95.98630799601376,32.79280321591345],[-95.98568600030445,32.79277298241392],[-95.98283443874439,32.79277298241392],[-95.98107871306613,32.79271868945993],[-95.98107789264891,32.79273726538751],[-95.98045252469663,32.79276218222625],[-95.97834925059183,32.79264237128077],[-95.97696600746042,32.79263044584484],[-95.97484897922493,32.79261154386972],[-95.97484897791227,32.79261154386972],[-95.972723459343,32.792592566146176],[-95.96458245921903,32.792519565528224],[-95.96458129225756,32.79251955564799],[-95.9606702924618,32.79248455658487],[-95.96067028458579,32.79248524271185],[-95.96056530399768,32.7924827386228],[-95.96045730427417,32.7924817385241],[-95.96036429258888,32.79248094371461],[-95.96023629174977,32.79247994361591],[-95.96020004506042,32.7924798019993],[-95.95809290252433,32.792460732060285],[-95.95789219565441,32.79245883944761],[-95.95781735391347,32.79245817747229],[-95.95769635484312,32.7924571773736],[-95.95762679133844,32.79245688974916],[-95.95762679133844,32.79245685461946],[-95.9575513510211,32.792456278272795],[-95.95728774374702,32.79245380711784],[-95.95727125664247,32.7924536545232],[-95.95694225752122,32.79245065422711],[-95.95692545537645,32.79245050273027],[-95.95490001983264,32.79243256133293],[-95.9534924949767,32.792419676417026],[-95.95347941424447,32.79241955785428],[-95.94342953951801,32.792329603861845],[-95.94342670153074,32.79232957861237],[-95.94342441355118,32.79232955775411],[-95.93922154081076,32.79229160340483],[-95.93501354079086,32.7922536029478],[-95.92459778098473,32.793009685246226],[-95.91455389464767,32.7954372683926],[-95.90526164700617,32.79944456286757],[-95.89707238272135,32.80488005207207],[-95.89029574169328,32.81153821627308],[-95.88518795137898,32.81916730724573],[-95.88194213930593,32.82747886622687],[-95.88068103201498,32.83615862839403],[-95.88107789867442,32.840645432319285],[-95.88109348922703,32.8411739641705],[-95.88115321428835,32.84149691810512],[-95.8814523134679,32.84487840878046],[-95.88219701602807,32.8471411227477],[-95.88320430460695,32.85258788968425],[-95.88329930629627,32.85286188928174],[-95.88774418505339,32.86188161255036],[-95.89441054887975,32.86988731478358],[-95.89832968852706,32.87291091393815],[-95.90086409910327,32.87540379771098],[-95.90941144072113,32.880997127958665],[-95.91912776530792,32.88504098037728],[-95.91985650320521,32.88520282730426],[-95.92129682899815,32.88586623525397],[-95.92084187417385,32.88773931581934],[-95.9199155942481,32.889966227131524],[-95.91909473727944,32.89454814033294],[-95.91895608151773,32.89493315637464],[-95.91894843260387,32.89495328898713],[-95.9169534325701,32.90049428915291],[-95.91598328460717,32.903581866081105],[-95.91596928500763,32.90363386572425],[-95.91595918009276,32.90367182666036],[-95.915957576013,32.90367778553601],[-95.91595642611621,32.90368217235751],[-95.9159126801571,32.90384652008014],[-95.91590768020637,32.90386552085754],[-95.91590835623016,32.903865646007105],[-95.91582460672717,32.904185286771735],[-95.91581720196946,32.90421435001308],[-95.91577545914106,32.90433916254984],[-95.91572143368228,32.904494434733586],[-95.91569576840615,32.904568434352434],[-95.91521279600545,32.90596542841783],[-95.9151943661529,32.9060184731696],[-95.91514674519915,32.90615493559369],[-95.91468474528806,32.9074899367136],[-95.91468453526126,32.907490542700955],[-95.91444191360347,32.90819166348325],[-95.91438253377372,32.90836227527081],[-95.91438298008069,32.908362383953325],[-95.91432713132667,32.90851924685388],[-95.91415359667523,32.909022539112215],[-95.91370457773364,32.91019298612251],[-95.91370033125409,32.91020405966317],[-95.91252403410151,32.91327301236044],[-95.91197911298065,32.91469298673977],[-95.91138209996033,32.91635874058809],[-95.9113771000096,32.91637373987291],[-95.91136100014197,32.916422142015044],[-95.90957696810045,32.92179724545792],[-95.90559302599371,32.93332023113062],[-95.90558313110564,32.933348385390936],[-95.90510695569756,32.93472559374965],[-95.90400296946288,32.93472063167928],[-95.90243112881977,32.93473278326266],[-95.89876187119452,32.934806022103906],[-95.89706507641371,32.934683612658304],[-95.89706555816271,32.9346313188039],[-95.88295355884962,32.93454031860504],[-95.88292670429668,32.934540150641155],[-95.87642724483791,32.93450095467647],[-95.87436827851394,32.93443749067473],[-95.87190276329463,32.9344088127623],[-95.87137276326591,32.93441281315708],[-95.87073857681295,32.93448304511542],[-95.870737167008,32.934425355558396],[-95.86710716733148,32.934487355090695],[-95.86665966189558,32.93449655687694],[-95.86374866143574,32.934566557198806],[-95.86374866274839,32.93456655829661],[-95.86218533344176,32.93460393410362],[-95.86168804640131,32.934610378208276],[-95.85115222608212,32.935621675594],[-95.84105869203262,32.93834276410473],[-95.83180012087736,32.94266778477559],[-95.8237367072822,32.94842847621562],[-95.8171821446646,32.95540072629717],[-95.81239143182478,32.96331329090874],[-95.80955094524091,32.971858340550085],[-95.8087711905189,32.98070344065834],[-95.80891819090827,32.985583439258974],[-95.8089220133962,32.985703934135834],[-95.80892601309426,32.985823935001264],[-95.8089279374649,32.985874029955895],[-95.80922913034922,32.99589044653456],[-95.80922922223596,32.99589348635156],[-95.80936122277312,33.000271485906005],[-95.80936261682608,33.00031682078606],[-95.80938061612366,33.00089082144932],[-95.80953052669702,33.00209792191213],[-95.80953611603549,33.01001097943732],[-95.80953514597417,33.01009688143822],[-95.80954108710753,33.01872866850869],[-95.80954014461223,33.01895856276568],[-95.80954514456296,33.026613562991145],[-95.80954514981363,33.02662012016953],[-95.80955014713903,33.032659072878985],[-95.80955408645438,33.03889630750511],[-95.8095534747513,33.03904082451112],[-95.80955315052242,33.03923175663551],[-95.80955813734647,33.045137210989466],[-95.80955813734647,33.04821100060754],[-95.80955814390981,33.048233377129726],[-95.80955914416249,33.049914376170776],[-95.80955915335116,33.04992586248543],[-95.80956215279654,33.05325686299699],[-95.80956215804721,33.05326248045586],[-95.80956265686089,33.05373755807471],[-95.80929146761898,33.056189115046884],[-95.80926446735994,33.0626201152274],[-95.80925448846115,33.06492948912314],[-95.80925441626444,33.064947018844286],[-95.80925145357375,33.06571541849437],[-95.80924577759922,33.0670318425889],[-95.80924531816558,33.06708986258468],[-95.80924452662704,33.06721683340248],[-95.80916452741526,33.08479283354556],[-95.80916452085192,33.08479409382361],[-95.80914751918168,33.0885570941573],[-95.8091473564109,33.08859822664679],[-95.80911135650307,33.09911122680857],[-95.80911128430635,33.0991534450254],[-95.80905947069242,33.11142826230262],[-95.8090591359622,33.111587000251],[-95.8090591359622,33.11164524529643],[-95.80905519533418,33.124907287331276],[-95.809013783298,33.128778493733044],[-95.80901139293037,33.128960091237005],[-95.80901058957782,33.12902541162392],[-95.80900859038513,33.129200411330785],[-95.80900819789753,33.1292691513746],[-95.80900641135698,33.129434494804705],[-95.80897442558654,33.13233303880801],[-95.80897411842233,33.13236192310743],[-95.80895418819077,33.13430315419632],[-95.80884626197665,33.144455231802745],[-95.8088462357233,33.14445773150059],[-95.80881723627157,33.14720273126235],[-95.80881690154133,33.1472356993896],[-95.8088130304847,33.14763532280039],[-95.80878418592773,33.15039844948823],[-95.80878400477961,33.15041616473812],[-95.80877517446494,33.1513020677514],[-95.80874836716802,33.15376345006203],[-95.80892096063683,33.153764765230235],[-95.80879249905139,33.15477032878996],[-95.80874123150717,33.15477005433916],[-95.80873933207721,33.1550189625472],[-95.80873784482486,33.155196663947684],[-95.80873782776018,33.15519827113154],[-95.80873275167473,33.15523800282417],[-95.80873602809297,33.15536446645691],[-95.80871333994685,33.15745983460105],[-95.80871202990463,33.15770191666893],[-95.80866627425148,33.16203805369477],[-95.80866627293882,33.16203805259697],[-95.80863827373976,33.1646640526898],[-95.80863785237348,33.164743070366974],[-95.80854716410975,33.17334863860413],[-95.80854652090265,33.1733907678989],[-95.8085439454489,33.173596155895545],[-95.80852309503737,33.175721887079995],[-95.80849625229844,33.178252051150956],[-95.80849621029307,33.17825600104679],[-95.80845621068718,33.182064000332765],[-95.80845616999449,33.18206799853194],[-95.80843916963693,33.183702998522016],[-95.80843846735978,33.183838100767964],[-95.8083902648943,33.18844773569524],[-95.80838432507359,33.18899827410897],[-95.80838366348914,33.18906513361594],[-95.80838189401328,33.189261504257274],[-95.80831216773782,33.19597122239334],[-95.80831121867918,33.196076786049176],[-95.80830461989935,33.19694677091636],[-95.80830417359238,33.19698970160746],[-95.80830314708635,33.19710543531193],[-95.80829937841779,33.197619673765765],[-95.80829566225592,33.198032243569436],[-95.80829534065236,33.198070084845],[-95.8082939676021,33.198241672579584],[-95.80829392822207,33.19824490560994],[-95.8082930815515,33.198320667202886],[-95.8082626565428,33.20131311838787],[-95.80826240188529,33.20133244191942],[-95.80826229424655,33.20134871026472],[-95.80826208159439,33.20136966732739],[-95.80826215772912,33.20136966732739],[-95.80826147382932,33.2014733921629],[-95.80826108265438,33.20147338886949],[-95.80823033998013,33.20449491427385],[-95.80819894622276,33.204704897674596],[-95.80818394505789,33.2049348973207],[-95.80817743291412,33.20503687445354],[-95.80817243296339,33.20511687466456],[-95.80817391233973,33.207646721470404],[-95.80813478040709,33.207646464584464],[-95.80813401380924,33.20772853744788],[-95.80813173239302,33.207943020743855],[-95.80813130971407,33.20797551791354],[-95.80813010862325,33.208078874984984],[-95.80812723781929,33.20835924513432],[-95.80808839729886,33.211901703396286],[-95.8080883027868,33.211910410073294],[-95.80807138906528,33.21348628457979],[-95.80807045838398,33.213570076602984],[-95.80807044919531,33.21357092191143],[-95.80804544944162,33.21582492151704],[-95.80804510946074,33.215856836851046],[-95.80803711006462,33.216637837086004],[-95.8080369814232,33.216650583678714],[-95.80803420381864,33.21693101969623],[-95.80803044433875,33.21727036602791],[-95.80803031175932,33.217282552741],[-95.80802938501603,33.21736871601906],[-95.8080153854165,33.21864871610193],[-95.80801313681697,33.219060000378086],[-95.80801313681697,33.219195999529234],[-95.80823340899688,33.219195999529234],[-95.80823391568656,33.219229009373],[-95.8080085792352,33.219227628336604],[-95.80799106168661,33.2212276533725],[-95.80791847510855,33.22743944750778],[-95.80789223357135,33.228519488230724],[-95.80788253427075,33.229108858138474],[-95.8078195327912,33.236417858247194],[-95.80781928338438,33.236448209211666],[-95.80780328327948,33.23849620934426],[-95.80780315201272,33.23852987457653],[-95.80780291573257,33.23855130369457],[-95.80777291471549,33.24163630407871],[-95.80777243034115,33.24169004154429],[-95.8077594309943,33.24325704140989],[-95.80775932073023,33.24327054219338],[-95.807742322998,33.24541237485704],[-95.80774232168532,33.24541237375924],[-95.80773032259115,33.2469233735869],[-95.80773696600168,33.24720524113977],[-95.8077145561411,33.24978538379823],[-95.80771344956234,33.24995856115182],[-95.80770462712367,33.25212095347341],[-95.80770390778184,33.252233197261575],[-95.807703137246,33.25247400038875],[-95.807703137246,33.252529393341526],[-95.8076854661153,33.25675264985336],[-95.80768513663574,33.25691000017852],[-95.80768513663574,33.256910529319654],[-95.80765447140887,33.26417424065605],[-95.80765444253018,33.264181475178994],[-95.8076204431277,33.272619475836805],[-95.807620382745,33.272635205160746],[-95.80761641061297,33.273735207238886],[-95.80759743862872,33.27847032765627],[-95.80759739137268,33.27848262744308],[-95.80759469252818,33.279216045594886],[-95.80741560266763,33.2841164490632],[-95.80724409346223,33.287176810352804],[-95.80724377579669,33.28718248819084],[-95.80704529914894,33.29073365642323],[-95.80696834007523,33.29199191231855],[-95.80696061633931,33.292121871356606],[-95.8069546161359,33.29222587064291],[-95.80693094611445,33.292684822630875],[-95.80691894570761,33.292948822339206],[-95.80691724055245,33.29298676571046],[-95.80689524024415,33.293481766261394],[-95.80693584236445,33.293944213654676],[-95.80688824110072,33.29394297203928],[-95.80682424199382,33.29565997243777],[-95.80680677301393,33.29625507287811],[-95.80677937632929,33.29753322755384],[-95.80676994743821,33.297904110477425],[-95.80674265707964,33.298921654363234],[-95.80679686106119,33.30218621033742],[-95.80681386141876,33.302469209725366],[-95.80681826148042,33.302509579241644],[-95.80681198824216,33.30283822528574],[-95.80681016494691,33.30294105760726],[-95.80678419906991,33.30452883778923],[-95.80678282208163,33.30458310439594],[-95.80677882238358,33.30481310404204],[-95.80677346801261,33.30530940219633],[-95.80675280925054,33.31023890513349],[-95.80674550163023,33.31109659021387],[-95.8067453047301,33.31112058050673],[-95.80673997267448,33.31179698644607],[-95.80659073812491,33.31756050253368],[-95.80658940445467,33.317613461656805],[-95.80653911090977,33.31966761826963],[-95.80653488412023,33.31982992737175],[-95.80653372109677,33.31987562452685],[-95.80649472043089,33.321446624787235],[-95.80649001845569,33.32166058992011],[-95.8064260193488,33.325005589617795],[-95.8064257607533,33.32501921994206],[-95.80642162322515,33.32523961820156],[-95.80641708795872,33.3253220434598],[-95.80639808840846,33.32572404361447],[-95.80637744014774,33.326234326683455],[-95.8063574403448,33.326828326027204],[-95.80634139429654,33.32872279070069],[-95.80635639414875,33.32961979030849],[-95.80636217776203,33.32990222213219],[-95.80639713672448,33.33134466634698],[-95.80639713672448,33.33287341106522],[-95.80620032191386,33.340941870314936],[-95.80620014076574,33.34094932220291],[-95.8060372767889,33.34768067584402],[-95.80595289064213,33.35113157622311],[-95.80586154866997,33.352088761792366],[-95.8058642501398,33.35208894292989],[-95.80577296986301,33.352982972980094],[-95.80572297035565,33.35361897317566],[-95.80565488491465,33.35467436931505],[-95.80558988555508,33.35596336918838],[-95.80557667618142,33.35624651019293],[-95.8055486756697,33.35689951096851],[-95.80552003326353,33.35784506531309],[-95.80550731220221,33.35856336012831],[-95.80547660759531,33.360218432351694],[-95.80547563359599,33.36027306782028],[-95.80547363309063,33.36039006729182],[-95.8054689928108,33.36077933841864],[-95.80545299270591,33.36315133869229],[-95.80545295595121,33.36365328175052],[-95.80545464272903,33.36390867138853],[-95.80545744658694,33.36459963310021],[-95.80545774981314,33.36466175339086],[-95.80546348091971,33.36566530577516],[-95.80544363601155,33.36695152930425],[-95.80542898664157,33.367557461768556],[-95.80536854223843,33.36882761894813],[-95.80535854233696,33.3697116183707],[-95.80552332674644,33.36971292256087],[-95.8053616244804,33.371936019007016],[-95.80541455911242,33.373090497372274],[-95.805282204155,33.37482569824965],[-95.80527420344623,33.37588769877297],[-95.80535647357289,33.37667703792088],[-95.8053521273306,33.377239510552954],[-95.80532430665433,33.37825276971296],[-95.80531889977665,33.37847322944943],[-95.8052938987103,33.379631229567295],[-95.80531663805044,33.37963157317969],[-95.80521715885207,33.38048368471333],[-95.80522068861514,33.38374585516121],[-95.80521951377767,33.383799141429684],[-95.80520389040838,33.3844885596301],[-95.8051720844734,33.385877069872535],[-95.80513320719827,33.38755674825636],[-95.80513297223078,33.38756696002152],[-95.80508697242146,33.3895779597958],[-95.80508685821938,33.38958294052882],[-95.80505085831156,33.391165940875744],[-95.80505079530352,33.391168722709],[-95.80496479457565,33.39496272280884],[-95.80495568466279,33.39561194275027],[-95.80495468572276,33.39579694234628],[-95.80495438643456,33.39586295654481],[-95.80494238602773,33.399155956599344],[-95.80494232958303,33.39917239290853],[-95.80493232968155,33.40229039325621],[-95.8049322994902,33.40230036679809],[-95.80493209996473,33.4023682428708],[-95.80488383974189,33.405139086017186],[-95.80488635875093,33.40658034680014],[-95.80494624133236,33.409443650223615],[-95.80494624001969,33.40944365132142],[-95.80495122553108,33.40968377490843],[-95.80493958610782,33.41060874544342],[-95.80486105839638,33.41478435400389],[-95.80484544159042,33.41557986609907],[-95.80484544027775,33.41557986500127],[-95.80483292530523,33.416214821186],[-95.8048152515492,33.41688387952867],[-95.80480768664606,33.41723092585184],[-95.80473316650867,33.421568070661],[-95.80465368973859,33.42582499020949],[-95.80465312922954,33.425855663928104],[-95.80465012978416,33.4260236629441],[-95.80464747688302,33.42617215838882],[-95.80462182867156,33.42753154720634],[-95.80462181685756,33.42753222015969],[-95.80458282931835,33.42960055929177],[-95.80458282800569,33.42960055819397],[-95.80454382865248,33.431667558006176],[-95.8045438194638,33.431668060800035],[-95.80451858342997,33.43300654634724],[-95.80451697016153,33.43307314347925],[-95.8045149683435,33.433178143962046],[-95.80451435926575,33.433241989999296],[-95.80450203463003,33.43384330071222],[-95.80450058281971,33.433917697735815],[-95.80446258371919,33.43596969716539],[-95.8044619234474,33.43600629902116],[-95.80445115038474,33.43662033217512],[-95.80444864581503,33.436738064979174],[-95.80444721238206,33.436808520889365],[-95.8044362122279,33.43737552086175],[-95.80443382579828,33.437511126999354],[-95.80443356851544,33.4375274447458],[-95.8044285528127,33.437744341013165],[-95.80442055341658,33.43817734093399],[-95.80441771542931,33.43835320351415],[-95.80441571492395,33.43849820355356],[-95.80441388506537,33.438654398989776],[-95.80440688460928,33.4393803992855],[-95.80440652625103,33.43941965782496],[-95.80440238478488,33.43990130689364],[-95.80437511542898,33.44093906023816],[-95.80437359798529,33.440998630332025],[-95.80435559737504,33.441727630923836],[-95.80435353386163,33.441815306974675],[-95.80433553456405,33.442620307382725],[-95.80433446605265,33.44266958996301],[-95.80428346629262,33.44509258868331],[-95.80428252773531,33.445138506496846],[-95.80426652763042,33.44594550710229],[-95.80426038434624,33.44638479084851],[-95.80425938278088,33.44650779091222],[-95.80425813574671,33.446814000054964],[-95.80425813574671,33.44682213916773],[-95.80425769075241,33.44683935821058],[-95.80425583464047,33.44691402639156],[-95.80421983473263,33.44842302711964],[-95.80421809151012,33.44849936396145],[-95.80420709135596,33.44900336320504],[-95.80420535075878,33.449087398940534],[-95.80416135145484,33.45133339885439],[-95.80416091171121,33.451356228769285],[-95.8040329108721,33.45809922900431],[-95.80403269296927,33.4581107976542],[-95.8039921787977,33.46028023567659],[-95.80399099083355,33.46033211456139],[-95.80398876848739,33.460435365145926],[-95.80398076909127,33.460832364807125],[-95.80397866094717,33.4609518639765],[-95.8039751955048,33.46110353756143],[-95.80396519560334,33.46158653802581],[-95.8039636676583,33.461664177959996],[-95.80396066690025,33.46182517738293],[-95.80396285905508,33.461825207023615],[-95.80396163039825,33.4619185620103],[-95.80396100163048,33.46194748802624],[-95.80395733666265,33.4621522601553],[-95.80395675908893,33.46217535244516],[-95.80395175913819,33.4623963523008],[-95.80394557253598,33.46273871649342],[-95.80394552396729,33.46274232167905],[-95.80394469567405,33.46278103900155],[-95.80393669496527,33.46318003886014],[-95.80393338966836,33.46336840212509],[-95.80393265194918,33.463417443188675],[-95.80391528929538,33.464307532125474],[-95.80391502282386,33.464321368836735],[-95.80385902311308,33.46724736889753],[-95.80385853217541,33.46727351088462],[-95.80384136773439,33.46820419987636],[-95.8038362929616,33.46844781118406],[-95.80383458386844,33.46853467595836],[-95.80381858376356,33.46939867560262],[-95.803817764659,33.469444456190764],[-95.80381460375551,33.469627174551775],[-95.80381363894486,33.469664795168896],[-95.80381277783493,33.46970788504145],[-95.80381197054439,33.46974744328118],[-95.80381088234297,33.46985402569835],[-95.80380745102998,33.46995487209393],[-95.80380545052462,33.47007387176286],[-95.80380498452763,33.470129288867305],[-95.80378446490833,33.4711686933078],[-95.80378384139124,33.47120092700472],[-95.80371784046632,33.4746959283331],[-95.80371782865231,33.474696579330384],[-95.80369594254609,33.47585666307867],[-95.80369594123341,33.47585666198087],[-95.80367294067243,33.47706566164318],[-95.80367273458363,33.47707662540353],[-95.803604734466,33.48070662468655],[-95.80360435247975,33.48072732815669],[-95.80358435398948,33.481827252290806],[-95.80357998411917,33.481990429755236],[-95.80357629683598,33.482183615669555],[-95.80357585052901,33.48220327293326],[-95.8035705867321,33.48247949667999],[-95.80354958667648,33.48384449636956],[-95.80354944622106,33.483853679493144],[-95.80348744630686,33.48794867856184],[-95.803487161458,33.48796785279215],[-95.8034679846976,33.489278581483795],[-95.80336297523081,33.49523735723592],[-95.80338079469294,33.49723378696641],[-95.80349831781959,33.50054586354678],[-95.80347058509204,33.502999882891494],[-95.80347054571202,33.503003368416586],[-95.803470537836,33.5030040303919],[-95.8033757461735,33.5113107733105],[-95.80337193287424,33.511623450709564],[-95.80337147212792,33.51166290026678],[-95.80336047197378,33.512649899974754],[-95.80335970143791,33.51272601396252],[-95.80335743839903,33.51297417676221],[-95.80334651569227,33.51378885979429],[-95.80334632929348,33.5138029929124],[-95.80331132832566,33.51648899234014],[-95.8033109620914,33.51651791067147],[-95.80330588994396,33.516931604625604],[-95.80330393931996,33.516978988006386],[-95.8033019388146,33.517043987834775],[-95.80328543202003,33.51851315257892],[-95.8032874325254,33.51875415221287],[-95.80328903397982,33.51890878547516],[-95.80329591629584,33.51946318596047],[-95.80329584147378,33.51947100671031],[-95.80329509062794,33.51956121429529],[-95.80328608966649,33.520825213896835],[-95.80328510516581,33.520963384502664],[-95.80328336719396,33.52104183900681],[-95.80328183662358,33.521113988827295],[-95.80325983631528,33.522200988524595],[-95.80325916422949,33.52223500066267],[-95.80325216508606,33.52259700016293],[-95.8032544136856,33.52259703090142],[-95.80324739353948,33.52285309129717],[-95.8032463932868,33.522929091113404],[-95.80324593647849,33.52299868963931],[-95.80324583277775,33.522998688541506],[-95.80322983398553,33.524334688662314],[-95.80322950188064,33.524363287532914],[-95.80321850041382,33.52534428774652],[-95.80321837045972,33.52535605400098],[-95.80318537130994,33.52838305414979],[-95.80318519935048,33.52839921161697],[-95.80317206873688,33.52965314546118],[-95.80315429784345,33.5308475355588],[-95.80315415345002,33.530857338941175],[-95.80309815373924,33.534688339399345],[-95.80309786626505,33.53470836113371],[-95.8030798656548,33.53598636101919],[-95.80307949810788,33.536013199013496],[-95.80306549850835,33.53706019805638],[-95.80306488680526,33.537108206087176],[-95.80302688639208,33.540250206607936],[-95.80302660154321,33.540274452688934],[-95.80301486892056,33.541299165229496],[-95.80301016563268,33.54166980004956],[-95.80300907480594,33.541765216710616],[-95.80299707439912,33.542947217001554],[-95.8029970547091,33.54294918536266],[-95.80299311014308,33.54333974311481],[-95.80298319031434,33.54428906402209],[-95.80298305248424,33.54430241111314],[-95.80295405171984,33.547175411432086],[-95.80295379574966,33.547201734556694],[-95.80294581079289,33.548051731721415],[-95.80293344283913,33.54886884089852],[-95.80293284688807,33.54890972308888],[-95.80289384753486,33.551685722616796],[-95.80289384228419,33.551686067327],[-95.80288084162467,33.552612067601366],[-95.80287901832943,33.55276373350167],[-95.80286502004257,33.55416273325347],[-95.80286492946851,33.554171897714404],[-95.80282392829727,33.5583718983637],[-95.80282375765049,33.55838983207643],[-95.80281117966993,33.55974441141822],[-95.80279371594071,33.56123560138754],[-95.8027936188033,33.561243955669724],[-95.80274061853791,33.56585695536374],[-95.80274043345177,33.56587337301028],[-95.80272370612906,33.56738682972146],[-95.80270400955233,33.56898015710288],[-95.80270372601613,33.569003703883254],[-95.80264672736534,33.57386070350731],[-95.80264672342733,33.573860946121805],[-95.8026282371301,33.57543704238454],[-95.80262686407983,33.57553459537058],[-95.80262571549571,33.57562367660949],[-95.80262071554498,33.57605067593814],[-95.80261905764584,33.576227962369025],[-95.80261805739316,33.57637096330884],[-95.80261809677319,33.57690267659367],[-95.80261909702587,33.57704267613959],[-95.80262080218102,33.57722166087199],[-95.80262580213177,33.57764166060758],[-95.80262697171857,33.57773096689614],[-95.80262778032177,33.57778759377969],[-95.80263595955334,33.57861827070628],[-95.8026362365262,33.57864543255252],[-95.8026652372906,33.58138943221558],[-95.80266538299671,33.581402970324376],[-95.80267501928927,33.58228470607679],[-95.80267572025375,33.582361084635124],[-95.80267871838645,33.58268793247762],[-95.80268230328156,33.582948361032216],[-95.80268286904128,33.58302876084359],[-95.80268289135662,33.5830302834966],[-95.80268270364516,33.5830302845944],[-95.8026937037993,33.58423528386193],[-95.80269389544877,33.58425577655386],[-95.80272889510393,33.58787377684814],[-95.802728997492,33.587884186217885],[-95.80274099789884,33.58909018668191],[-95.80274243395715,33.589214023271644],[-95.80274643234253,33.58951596525343],[-95.80275841305935,33.59042343241454],[-95.80276103708181,33.59062218748438],[-95.80276624049601,33.59130116996778],[-95.80276624180868,33.591301168869975],[-95.80278423848092,33.593652803796864],[-95.8027846362192,33.59370071631878],[-95.80279163536262,33.594484715752024],[-95.80279284170412,33.594600060834175],[-95.80280084241289,33.595267060795884],[-95.80280156044205,33.59532337151211],[-95.80282855938843,33.597324371397235],[-95.80282936274097,33.59738082812129],[-95.80283807229023,33.5979617218907],[-95.8028414077785,33.59828507981689],[-95.80284127519909,33.59828508091469],[-95.80284927459519,33.599035081383505],[-95.80284927590786,33.5990350802857],[-95.80287326884552,33.601288413524784],[-95.80287327015819,33.60128854745677],[-95.80288120523359,33.60203353096506],[-95.80289420326777,33.60327325813833],[-95.80289420458044,33.60327325704053],[-95.80293320262098,33.60699323227205],[-95.80294615339912,33.60822954637524],[-95.80295915405864,33.60948454728414],[-95.80295925513404,33.609494192582865],[-95.80297925493699,33.611378191898645],[-95.80297925756233,33.61137843012194],[-95.80299925867793,33.61326143043682],[-95.80299947264274,33.61328110306978],[-95.80301323202411,33.61451571448024],[-95.80301901826272,33.615094139290306],[-95.80301901957539,33.615094138192504],[-95.80303701230963,33.61689561234996],[-95.80304140449529,33.61733555368028],[-95.80210804272805,33.62484202662473],[-95.8020990417666,33.62613902618981],[-95.80209891181251,33.62615852207646],[-95.80207391337149,33.63005152316473],[-95.80207368496734,33.63009018449926],[-95.80206674751928,33.63137649036359],[-95.80206581158731,33.63153276154823],[-95.8020658037113,33.631534103063714],[-95.80206280295326,33.6320381034051],[-95.80206227001024,33.63221711668039],[-95.802060474281,33.63244061403826],[-95.80205971687182,33.63261935396055],[-95.80205813904543,33.63283544004916],[-95.80205778725052,33.63288873619786],[-95.80205678699784,33.63305873650906],[-95.80205613591473,33.633279999837455],[-95.80205613591473,33.63341973481282],[-95.80204195910508,33.63556328992967],[-95.80204192103771,33.63556896886551],[-95.80201992204208,33.638972969995024],[-95.80201992335475,33.63897297109283],[-95.80199792304644,33.64237588320158],[-95.80199785216239,33.6423869776005],[-95.80198406521501,33.644621608664636],[-95.80198334062251,33.64471208521139],[-95.80198265803539,33.644815026215426],[-95.80198166828404,33.64500292181622],[-95.80198066803136,33.64519092280612],[-95.801980136401,33.64539100072879],[-95.801980136401,33.64540307985716],[-95.80196983721133,33.647089314321576],[-95.80196971644591,33.64711020002704],[-95.80193971674149,33.65251319974648],[-95.80193913654243,33.6527219997154],[-95.80193913654243,33.652729213380084],[-95.80193106626227,33.654249120782744],[-95.80192676727602,33.654710867777595],[-95.8019265572492,33.654734214757795],[-95.80191255764967,33.656345214574785],[-95.80191217697609,33.65639233777621],[-95.80190851988426,33.65688415579573],[-95.80190798037789,33.65693858487732],[-95.80190717702534,33.65703120323806],[-95.80190217707461,33.65770320259545],[-95.8019018213417,33.65775598058105],[-95.80188782174217,33.66007498111285],[-95.80188763928138,33.6601076714959],[-95.80188381679345,33.66084734932142],[-95.8018690532214,33.662962519639294],[-95.80186905190874,33.66296264149545],[-95.8018240523521,33.66941264135557],[-95.80182393421202,33.66943011289316],[-95.80180993329984,33.671580113212464],[-95.80180930190673,33.67171361047017],[-95.801804301956,33.67340161020209],[-95.80180425995063,33.6734164656747],[-95.80179126060379,33.67848046596826],[-95.80179124222644,33.67848791785624],[-95.80178735804313,33.680127596683455],[-95.8017856030066,33.680479394298786],[-95.80178534309843,33.680542115087775],[-95.80178134471304,33.681746115354414],[-95.80178113731156,33.681871000346185],[-95.80178113731156,33.68205679145829],[-95.80178062143321,33.6821016619676],[-95.80177924050695,33.682245829872194],[-95.80177324030352,33.68302883030455],[-95.80177240938495,33.68317361956574],[-95.80177191713463,33.683302694872246],[-95.80176636586351,33.683812595905714],[-95.8017663579875,33.68381325678323],[-95.80174535793188,33.68574525644518],[-95.80174476854414,33.6858036343248],[-95.80173876834073,33.68644763530992],[-95.80173839291781,33.68652832603914],[-95.80173634121842,33.68665508498093],[-95.80173534096573,33.686780085242034],[-95.80173428164301,33.68704512237437],[-95.8017342173223,33.68704512237437],[-95.80173414906359,33.68707800706858],[-95.80173413724958,33.68708099968004],[-95.80173413724958,33.68708378810012],[-95.80173321706962,33.68752812174096],[-95.8017331369969,33.68760599989843],[-95.8017331369969,33.68948099393474],[-95.80173213674422,33.689602999388775],[-95.80173213674422,33.6896039764336],[-95.80173184795736,33.6896306761047],[-95.80173077682062,33.68963067171349],[-95.801728880016,33.689955826743486],[-95.80172200688865,33.69096616574703],[-95.80172129542284,33.691112653309744],[-95.80172058264435,33.69135765004506],[-95.80171239291144,33.69235961500596],[-95.80171212906527,33.69239383023762],[-95.8016881282516,33.69569783028001],[-95.80168789459677,33.69573215748759],[-95.80168107003813,33.69680675310678],[-95.8016713274195,33.6980546479357],[-95.8016403602791,33.70189365577025],[-95.80164006492889,33.701932767204084],[-95.8016312149242,33.70319237559292],[-95.80162338354954,33.70415367023947],[-95.80162318402407,33.704179266618375],[-95.80160389962494,33.70676249520158],[-95.80158229180424,33.70711122226142],[-95.80157429109545,33.70725622230082],[-95.80157401674794,33.70726119315361],[-95.80155001724694,33.70769719337053],[-95.80153631299761,33.707963317328016],[-95.8015293125415,33.70810931746612],[-95.80154182751403,33.70810973792473],[-95.80148513734011,33.70992700068749],[-95.80148513734011,33.70999900010895],[-95.80148515309212,33.710033075919604],[-95.80148915279018,33.71444707573368],[-95.80151496902309,33.71506964540515],[-95.80149534989373,33.715266454069955],[-95.8015271361387,33.724719213486914],[-95.8015271361387,33.72498100002404],[-95.80152715320338,33.725017134215655],[-95.80152915370874,33.727099134410494],[-95.80152952388099,33.72723368116803],[-95.80154113705089,33.72979236287216],[-95.80154113705089,33.72979300069581],[-95.80154114098889,33.72979315987727],[-95.80154152428783,33.729877680841774],[-95.80154186820673,33.72987767974397],[-95.80153705859279,33.73056476840604],[-95.8015366936712,33.73062345037714],[-95.80152666357837,33.73246751820011],[-95.8015099021263,33.73246681889948],[-95.80147990110922,33.732969818044374],[-95.80145444585989,33.73394131896708],[-95.8014539312942,33.73394130250003],[-95.80139593107806,33.73523430276814],[-95.80138845674898,33.738429881573026],[-95.8013982282463,33.73867311194303],[-95.801410533192,33.73944141608423],[-95.80140767026406,33.740866630278134],[-95.80137588270642,33.74214419433575],[-95.80137520143195,33.74225228184109],[-95.8013737509343,33.74228164807611],[-95.80135975264744,33.74278364822011],[-95.8013575775573,33.74286479124424],[-95.80134957684852,33.74317579229785],[-95.80134145274899,33.743573268405626],[-95.80133334702681,33.744108255339526],[-95.80131527815784,33.74447679115992],[-95.80131331309451,33.744517311075235],[-95.80129931218231,33.744809310253636],[-95.80126707175437,33.74570485527223],[-95.80126150604391,33.74583134854565],[-95.80122858827951,33.746975475724746],[-95.80122358832877,33.74734447591588],[-95.80123933902682,33.74905566125093],[-95.80124633948293,33.74927466090918],[-95.80129013663607,33.74982891099545],[-95.80129013663607,33.750104999712384],[-95.80129797982474,33.75074821576823],[-95.80129514840081,33.750974236975615],[-95.80129614865349,33.75221823679886],[-95.80129986219002,33.75240902291542],[-95.80129313739411,33.7525460002092],[-95.80129313739411,33.75266099948335],[-95.80130176293264,33.752769052956786],[-95.80129315314612,33.753452880045614],[-95.80129415208613,33.754529879853756],[-95.80129948807976,33.75512939675629],[-95.80130443552379,33.75542262218084],[-95.80130328956501,33.75556950275709],[-95.80130569962266,33.75587718954291],[-95.80129771597855,33.756124632183706],[-95.80130320292896,33.756723301582184],[-95.80130115779289,33.756833612138955],[-95.8013006721059,33.75729710464086],[-95.80129603313874,33.75746771862403],[-95.80128424538405,33.758888347294054],[-95.80129313870677,33.75972783738455],[-95.80129120646012,33.76062742341665],[-95.801300343939,33.76134259059061],[-95.80130461142124,33.762192779870894],[-95.80131002223693,33.76266927036243],[-95.8013370211833,33.76419527057273],[-95.80134019521347,33.764195231051815],[-95.80131846531468,33.76614745993293],[-95.80131818702915,33.76617326928566],[-95.80127833050403,33.769989529540545],[-95.80126748130664,33.770961050223704],[-95.80126684203755,33.77102285654265],[-95.80125604665953,33.77215634491114],[-95.80110927729964,33.78590970436725],[-95.80110919066358,33.78591791922844],[-95.80108219040454,33.788500919468575],[-95.8010821917172,33.78850092056638],[-95.80101722648699,33.79466359130282],[-95.80101739844645,33.794663593498434],[-95.80100356686836,33.795573976424784],[-95.8010041969488,33.79570549434336],[-95.80098644837071,33.797306012335596],[-95.80098617664852,33.79733128815598],[-95.80095524363747,33.800300820504006],[-95.8009233116864,33.80326951413041],[-95.80092324080236,33.80327617011108],[-95.80090305460062,33.80518422997912],[-95.80089618803662,33.80565198195736],[-95.80089494625311,33.805744300617846],[-95.8008852430145,33.80653801121801],[-95.80087455264989,33.8073311454715],[-95.80087422842101,33.807355871292486],[-95.80086727784628,33.807897965404166],[-95.80085927713749,33.8085169650197],[-95.80085925876016,33.808518350447315],[-95.80084725966599,33.809449350117355],[-95.8008352736985,33.81037725398244],[-95.80083525663382,33.81037861086716],[-95.80082774686271,33.81096159046261],[-95.80082580280205,33.811092219160614],[-95.80082480254937,33.81117621866861],[-95.8008264683245,33.81117623294005],[-95.80082546544648,33.81126047725815],[-95.80082352138582,33.8112604585955],[-95.80082207613884,33.811368201390636],[-95.80081570576317,33.811776841058936],[-95.80081197647463,33.81211190705603],[-95.8008117677605,33.81214312967622],[-95.80080167465962,33.812920394086966],[-95.8007941005678,33.813442082233166],[-95.80079234028061,33.81358103118146],[-95.80078791265292,33.813990171448005],[-95.80076463380641,33.81569721038044],[-95.80076430038885,33.81572220735882],[-95.80075368353363,33.81654065366019],[-95.79965778333111,33.817834207221104],[-95.7952097397325,33.82646114858834],[-95.79300220044342,33.835672761265734],[-95.79313152970211,33.84506693751388],[-95.79559208172539,33.85423360173793],[-95.80027644749016,33.86277260907058],[-95.8069801448946,33.87031121142064],[-95.80767660298393,33.87082416324915],[-95.8078540493847,33.87101794197718],[-95.80788460172215,33.87099837363552],[-95.80930207134753,33.872566583280225],[-95.8098134433109,33.873207332572335],[-95.81046091527223,33.87393642867302],[-95.81112530620574,33.8747551878483],[-95.81144830512356,33.87511718734857],[-95.81250459033178,33.876246060552496],[-95.81250364127314,33.87624667971349],[-95.81312864036583,33.87691667997129],[-95.81327975071734,33.877059180312855],[-95.81332368832592,33.87710398166056],[-95.81332575577733,33.877102563298855],[-95.81761961475699,33.88115176421456],[-95.81785061536888,33.88134376450144],[-95.82116714740673,33.88377570373083],[-95.82111470371237,33.88382716984163],[-95.82147670329607,33.88408517005559],[-95.82241046936491,33.8846874051188],[-95.82289795996736,33.885044870691935],[-95.82313496078265,33.8851978704231],[-95.823159957911,33.88517078761869],[-95.82563473531263,33.886766902322385],[-95.82611573477399,33.88704690141424],[-95.83237137017149,33.89018426042316],[-95.83269437040198,33.8903222608695],[-95.83544084504786,33.89141489668832],[-95.83591484536579,33.891589897492985],[-95.8411179524096,33.893247340971236],[-95.84197395211419,33.89347834071603],[-95.84480756032004,33.89390141320271],[-95.84495778987161,33.894030874935936],[-95.84854189869023,33.89684922880827],[-95.84864089876494,33.89692022813103],[-95.85254059386769,33.89940681819824],[-95.85457093878817,33.90083849296384],[-95.85480638671775,33.900980836319555],[-95.85547370752525,33.90146082990104],[-95.85556570714387,33.90151582984028],[-95.85946751301604,33.903376386666984],[-95.85937688907303,33.9034986270509],[-95.85961988877908,33.9036246274107],[-95.86222263157781,33.90470038779905],[-95.86213560303123,33.90483712357613],[-95.86244560260222,33.90497512292467],[-95.86253283198693,33.90483806988247],[-95.86511604097969,33.90606986213437],[-95.8656820422289,33.90627886190347],[-95.86574645876406,33.906156848764816],[-95.8688596651602,33.907443594848225],[-95.86989598732018,33.907680683009445],[-95.87078152204485,33.90812590257745],[-95.87119724648646,33.90839069380188],[-95.87128468589796,33.90845346399201],[-95.87159199581312,33.90870252808811],[-95.87197399519977,33.90897152828992],[-95.8723275687704,33.909202126238746],[-95.8727053820602,33.909473349491996],[-95.87289038286278,33.909594349358315],[-95.87323457611103,33.90979366979679],[-95.87372228724163,33.9101117494853],[-95.87372134474631,33.91011273421475],[-95.8744853448323,33.910623734149205],[-95.87645754645587,33.91188157507492],[-95.87771454641003,33.91264557582767],[-95.87917409228137,33.91350211699714],[-95.87954309232119,33.91371111676624],[-95.87956590648338,33.91368294494107],[-95.8799634609806,33.91393881102566],[-95.87994876304194,33.91395637368091],[-95.88041255080626,33.91422784503768],[-95.88050954775026,33.914290271615414],[-95.88065337148416,33.91436880516139],[-95.88148976256072,33.914858373782195],[-95.88315146448699,33.915792957779615],[-95.88386246562021,33.916176958353375],[-95.88551414139165,33.91703402317496],[-95.88579114050017,33.917172023621305],[-95.88579671671197,33.91716419628464],[-95.88654489390316,33.917563526581986],[-95.88691989414639,33.917745526979715],[-95.88771522629435,33.91808875953465],[-95.88859677444765,33.91850821366206],[-95.88936770541834,33.91886569899565],[-95.88936788787912,33.918865847199086],[-95.88984888865315,33.919195846834505],[-95.89206336539029,33.92063597139117],[-95.89231336555244,33.92078997122103],[-95.89773407349769,33.92372622805693],[-95.89801107260621,33.9238572278124],[-95.90038642462883,33.924915862471174],[-95.90068942505638,33.925042862929665],[-95.906573498087,33.92715258045914],[-95.9068824974053,33.927245580855406],[-95.9111575996782,33.9283663610543],[-95.91162559979271,33.928471360439296],[-95.91509579532048,33.92914769172802],[-95.9155237958291,33.92921869214858],[-95.9184735068553,33.92955502610834],[-95.91881640056268,33.929632144586016],[-95.91975288647869,33.92970090439029],[-95.91997825574674,33.929726600669284],[-95.91997471810767,33.929749599645874],[-95.9202257185225,33.92977660011505],[-95.92070215383875,33.92980914229466],[-95.92194590766456,33.92995095870485],[-95.92256490786652,33.929989958162764],[-95.9240191151189,33.93003570362121],[-95.9252003150848,33.930116384470196],[-95.92555213361891,33.930126704917875],[-95.9281849995128,33.930320018177355],[-95.92825000018503,33.930320018177355],[-95.93864965093488,33.929470871810096],[-95.94153967102912,33.928744424708476],[-95.94440493027517,33.92834155399588],[-95.94456892970946,33.92830355353886],[-95.94679837348211,33.92758732918044],[-95.9483008869007,33.92711289158084],[-95.9483617697348,33.92725865678906],[-95.94836717398715,33.92725707814809],[-95.94836720942918,33.92725716377674],[-95.94841554447407,33.92724294722558],[-95.94880676928832,33.927128657132286],[-95.94874200752159,33.926973602313566],[-95.95478793771302,33.92506452587978],[-95.95503093741907,33.92496552598916],[-95.96385441703553,33.920444445355265],[-95.96670039713314,33.918260469125386],[-95.96683407919745,33.91838961469129],[-95.9670840793596,33.91820861549006],[-95.96896149457133,33.916525326431575],[-95.96985017182216,33.91584336451035],[-95.96993910636202,33.91591817760135],[-95.9701171067085,33.915770177265856],[-95.97082604826632,33.915094487094194],[-95.97147889428864,33.91459350022253],[-95.97163789508485,33.91444549988704],[-95.9715646889277,33.91439049116537],[-95.97391393593055,33.91215143375882],[-95.9825821742307,33.91571616534948],[-95.99188322724619,33.91792706849572],[-96.00150737500424,33.91870897880952],[-96.01114334727167,33.91803660619905],[-96.01219534793297,33.91788260636919],[-96.02338500796382,33.915173126029266],[-96.03361422589568,33.91051163307545],[-96.04240281743373,33.90411694822407],[-96.04711224464756,33.89880162235987],[-96.0527763434738,33.896921156872516],[-96.0532935161151,33.89668450014795],[-96.05514891789187,33.895839629724065],[-96.06545455276573,33.88973449155879],[-96.0661882971771,33.88903350251287],[-96.07012296830698,33.88995528063622],[-96.084151139357,33.8916202638267],[-96.08611304835425,33.89163475592646],[-96.08803753319935,33.89198708817194],[-96.08876953176288,33.89204108911028],[-96.08888418539824,33.89204944449027],[-96.08914818647258,33.89206844416988],[-96.0893726631267,33.8920842031345],[-96.08947906139578,33.89209148486299],[-96.0897633760006,33.89211234202557],[-96.09002851515773,33.89213244060616],[-96.09019265898544,33.89214467123137],[-96.09117958546513,33.89221693302778],[-96.09185617370561,33.8922666404579],[-96.09458034612963,33.89258351585632],[-96.09639864798315,33.892830632449574],[-96.10630659578034,33.892635933762485],[-96.11600349682524,33.89092368136274],[-96.12515988337428,33.8877520500364],[-96.12527788299926,33.88770004929544],[-96.1253707266631,33.887659037564305],[-96.12590372744985,33.88742303842384],[-96.13119071132543,33.884560261945886],[-96.13458620688036,33.88450433106956],[-96.13688076421467,33.884049470594036],[-96.13756783410561,33.884111110046895],[-96.14636028094829,33.883690652527385],[-96.14984721167477,33.88328235427587],[-96.15117824607931,33.88312747400786],[-96.1512528108474,33.88311895176179],[-96.15246500289439,33.88302510166587],[-96.1538972610325,33.882847564935865],[-96.15440775613393,33.882784370993704],[-96.16620161604,33.880153008132346],[-96.16698961693963,33.879894007819686],[-96.16700308228346,33.87988957928167],[-96.16715358618255,33.87984071716],[-96.1677435856201,33.87964671667572],[-96.17984069273521,33.87407519209257],[-96.18071217404099,33.873541362243216],[-96.18089234160162,33.87343156106712],[-96.18860696104873,33.86770622108504],[-96.19487242963892,33.86085426608017],[-96.19579242976306,33.85961826594868],[-96.19799937835174,33.85558183467955],[-96.1983610156392,33.855476604755886],[-96.20729840067051,33.8511221827203],[-96.20771539971231,33.85087118319721],[-96.2079269728443,33.85074317934661],[-96.20800097316534,33.85069817929653],[-96.21219008783706,33.847872212159146],[-96.21271908761308,33.84747721269534],[-96.21950858884526,33.84137116664683],[-96.22483332110185,33.83432171794797],[-96.22505532206495,33.833956717053816],[-96.22507047549925,33.83393178374803],[-96.22690447423145,33.83091178429009],[-96.22888378788787,33.82725725569284],[-96.22903978923871,33.8269312553544],[-96.23210501369752,33.81787415188756],[-96.23284849285152,33.808481815557535],[-96.23207187277963,33.803990382196275],[-96.23607986820674,33.80625644995223],[-96.23752156311194,33.806790911038405],[-96.23765159989844,33.80685929100278],[-96.23787560005422,33.80695329039993],[-96.23789088081729,33.80692782136619],[-96.2380426632546,33.8069840903659],[-96.2379938425227,33.8070642234111],[-96.23869084274374,33.80736122418078],[-96.24252054903751,33.80883788033382],[-96.24273090401401,33.80891076568244],[-96.24297868970598,33.8089967906373],[-96.247096246931,33.81026419672211],[-96.24730024728383,33.810319195563544],[-96.25621966583425,33.81189621837216],[-96.25768771647873,33.812263903395085],[-96.25833171774703,33.81240190274362],[-96.25833879302517,33.81240299725339],[-96.25926156812854,33.8126545160374],[-96.25925247002968,33.81267638537451],[-96.26018046954992,33.81294638457722],[-96.26152124526044,33.813320033964814],[-96.26197524577542,33.813441034928935],[-96.26319428207108,33.81368363955113],[-96.26337391668866,33.81372274769156],[-96.26337490118934,33.8137195849206],[-96.2698023988998,33.81499874518404],[-96.27029539876798,33.81506474511112],[-96.27396429147166,33.81544823849982],[-96.27483929203916,33.8155142384269],[-96.27716204941066,33.815647113230206],[-96.27813857693793,33.81568523334777],[-96.27855414517211,33.81571860217318],[-96.28036787762983,33.81585752696979],[-96.28063897629767,33.81588489739864],[-96.28082390359087,33.815892456871325],[-96.28113914464342,33.81591660305223],[-96.28114037330025,33.81590539448178],[-96.28829053519522,33.8161976768934],[-96.28946153704685,33.81617567691771],[-96.29699879804193,33.815588296229315],[-96.29791279664998,33.815462295869516],[-96.3029430752575,33.81456022221542],[-96.30413407559942,33.81429622250709],[-96.3118056907446,33.81206491998219],[-96.315459520588,33.81045106368133],[-96.31667417126135,33.81006654604227],[-96.32407938052522,33.806514002262496],[-96.32434838023764,33.80636000133483],[-96.32841938764564,33.803783733921584],[-96.32897838712609,33.80339373495126],[-96.33043323102223,33.802341252381495],[-96.3306972307839,33.802143251502436],[-96.33278955592857,33.80048730872113],[-96.33318355572206,33.800158309184404],[-96.33730870804158,33.79629177283736],[-96.3377367085502,33.79584077223782],[-96.3376734300978,33.79579877028821],[-96.33907966853953,33.794453053511475],[-96.34362945831339,33.788361143874496],[-96.3441434582372,33.78753214329336],[-96.34661543309359,33.78169950732203],[-96.3473278715978,33.780196765169876],[-96.34732903199593,33.78019509760684],[-96.34733590249793,33.78017982606683],[-96.34801845418713,33.77874012635999],[-96.34806235504101,33.77856515848942],[-96.3504873665901,33.7731751523684],[-96.3511972401419,33.770135503331375],[-96.35175213097288,33.76909251236789],[-96.35198413052478,33.768623513285235],[-96.35229335430923,33.76766500156974],[-96.35242205873816,33.76742178876459],[-96.35269576698911,33.76686142281681],[-96.35348057023057,33.767423870199416],[-96.35404744177838,33.76785736413167],[-96.35403361020029,33.76786935543579],[-96.354170319276,33.76797965501453],[-96.35446846283358,33.76822117720279],[-96.3548709989042,33.76854389950094],[-96.35517599983712,33.76878590033138],[-96.35520385464274,33.76880798593572],[-96.35533385336188,33.76891098512333],[-96.35592491737282,33.76936786336109],[-96.35668905660155,33.77024887895462],[-96.35680705622653,33.77037987871009],[-96.35686514570406,33.77044424839946],[-96.35693114662898,33.77051724791961],[-96.35901312532793,33.772678022079305],[-96.3591711245588,33.77283202190917],[-96.35954977139251,33.77317926803252],[-96.35963820580602,33.77326510196963],[-96.35975221492161,33.77336492411484],[-96.36136137470346,33.77484064164615],[-96.36155137545677,33.77500464246297],[-96.36157899266956,33.77498226484298],[-96.36161795395542,33.77501839025217],[-96.36165188378651,33.77504982035717],[-96.36187988495301,33.77526082032366],[-96.36188490196842,33.77525702851148],[-96.3625053539807,33.77585695379679],[-96.36254046258726,33.775888689091076],[-96.36263741883857,33.77598096274163],[-96.36284906810529,33.776167636487486],[-96.36289035412538,33.77620495411093],[-96.36289090150777,33.776204531456706],[-96.36344307380423,33.77669154439171],[-96.3638873999593,33.77714011335721],[-96.36407139919652,33.777310112570596],[-96.36407579006952,33.77730678842257],[-96.36409247144887,33.777360023094296],[-96.36410350835772,33.77739558533046],[-96.36410410430878,33.77739714311317],[-96.36410873539994,33.777411920641754],[-96.36410968052058,33.77741171315695],[-96.36592946831377,33.78216790041733],[-96.3659901673744,33.782300573224845],[-96.36615793416459,33.78266833289839],[-96.36618624052785,33.78273024570424],[-96.36633424116991,33.78305324574659],[-96.36732328760772,33.784704080449714],[-96.36724203348574,33.78473259478947],[-96.3676750339451,33.78559559543284],[-96.36780004846553,33.78555172392442],[-96.3679446046679,33.785844282982445],[-96.36844205710446,33.786989560659265],[-96.36884328707087,33.78766306949602],[-96.37000350798382,33.790011170594475],[-96.37041650732758,33.790666170469635],[-96.3720446863497,33.7930668091348],[-96.37212177275215,33.793172753728335],[-96.37253255500039,33.793855927624264],[-96.37388675142404,33.796129100362386],[-96.37394269337744,33.79620113601135],[-96.37423951639146,33.79669478297096],[-96.37478851728311,33.79743678265021],[-96.37614355906466,33.799177046595844],[-96.37709555939857,33.800340046109376],[-96.38088127688974,33.8044370936788],[-96.38117227691046,33.80471709386846],[-96.38633193597072,33.80873598553621],[-96.3877124448156,33.80997530542451],[-96.38841244448201,33.81048030476679],[-96.3889302734571,33.810759846074724],[-96.38945149173983,33.81116582686372],[-96.38980949031281,33.811390827114145],[-96.3973720372231,33.81536748848923],[-96.39784503860102,33.81557248896135],[-96.39784510948508,33.81557237588762],[-96.40089266937653,33.817217553610966],[-96.4016576684025,33.817514554380644],[-96.40805760928288,33.81959498581474],[-96.4086150965703,33.81974270291701],[-96.4092393868225,33.81994902843756],[-96.40925656701553,33.81991267248971],[-96.40963220652786,33.82001220701048],[-96.41455393802951,33.82166997763408],[-96.4163249379075,33.82212097823363],[-96.42716630391664,33.82388991789608],[-96.42780740418962,33.823882882075516],[-96.42844590669351,33.82401294760048],[-96.42999590717375,33.82431094737105],[-96.43413910210889,33.82489839502544],[-96.43474653770963,33.824998963676805],[-96.43532161999302,33.8250914579858],[-96.43626962062888,33.82523945722349],[-96.44221033395205,33.82588300371809],[-96.44260233324016,33.825907003891174],[-96.44652799947058,33.826027017930244],[-96.44685800015718,33.826027017930244],[-96.44848209940851,33.82600649889104],[-96.4496690987397,33.82597649922358],[-96.45352276909244,33.825550594404696],[-96.45353630532033,33.82567769146987],[-96.45442230472932,33.82561169044498],[-96.45717688509738,33.82514674554947],[-96.4604369619288,33.824786445448524],[-96.46106296258685,33.824662445286116],[-96.46101657422795,33.82449864646508],[-96.46602646842095,33.823653028437235],[-96.4662994678314,33.823580028917085],[-96.46682594072239,33.82343674913526],[-96.46741094152186,33.82327474961364],[-96.46773511527715,33.823144470017056],[-96.46781889497151,33.823330727695506],[-96.4689208295068,33.825671462534636],[-96.46909453874302,33.826078161286915],[-96.47109353059885,33.83012466709582],[-96.47131053029854,33.83050966667047],[-96.47202062044047,33.83170055258034],[-96.47203186737613,33.8317220936743],[-96.47346561801726,33.834250512238214],[-96.47360361744518,33.834475511390835],[-96.4744069384879,33.83559298061535],[-96.4743624311816,33.83561317909603],[-96.47472643127068,33.83617417847624],[-96.47500087855346,33.83655961168315],[-96.47499592192075,33.83656199501385],[-96.47500692076224,33.836577995495176],[-96.47501217011981,33.83657547164567],[-96.47543330275177,33.83716691310802],[-96.47566308520815,33.83754739083138],[-96.47717405089315,33.8402956554598],[-96.47737205104258,33.840602655020824],[-96.47747910039477,33.84055436595242],[-96.47870561233218,33.84258523925763],[-96.47882461220983,33.84275023907534],[-96.48515125635899,33.84983815809098],[-96.48541425586798,33.85007915882273],[-96.48854545237303,33.852720271274116],[-96.48863045284821,33.852786270103394],[-96.4930068628654,33.855839628506516],[-96.49321786236166,33.85597162945849],[-96.4945183063614,33.856653181899134],[-96.49449808209229,33.856676580476076],[-96.49476108291395,33.85683557970161],[-96.49680535129926,33.85789586435856],[-96.49746801738759,33.858478893355155],[-96.50769524006475,33.86411298613265],[-96.5077212400711,33.864123986120504],[-96.518560778847,33.867540425360026],[-96.53002374413987,33.86893587920756],[-96.5370487458083,33.868516176976634],[-96.53670367176012,33.869202979112075],[-96.53610967262452,33.87043597894747],[-96.534539669716,33.87415855377692],[-96.53391866900868,33.87586655438495],[-96.53184969228191,33.88456052651645],[-96.53171769174473,33.88568652567166],[-96.53209727188508,33.89697049763637],[-96.53232127335353,33.8981774981991],[-96.53690147500942,33.91060189774618],[-96.53782947452966,33.912232897341475],[-96.54053802227172,33.916409149214616],[-96.5413390225182,33.91750214950409],[-96.54536804556696,33.92227382676731],[-96.54612104549878,33.923052826804884],[-96.55565959814324,33.93074785073862],[-96.56715908447295,33.936257776487636],[-96.5677270836022,33.93645677636758],[-96.57944882423983,33.93930701263982],[-96.57977734292474,33.9393539437257],[-96.58300432346898,33.939820839417465],[-96.59385527982731,33.94045692414387],[-96.60151928018799,33.94025592406653],[-96.60706058027664,33.93987001331523],[-96.6085108022703,33.939705507508954],[-96.60875951076757,33.93988646499366],[-96.61466751372781,33.94361980378328],[-96.6148045142157,33.94369456857093],[-96.6151452748383,33.94399750077119],[-96.61514527352563,33.94399750186899],[-96.61582127369104,33.94459850190361],[-96.62241572302511,33.9495670745581],[-96.62563872224864,33.951619075085475],[-96.63111062816674,33.95467935184423],[-96.63277262806854,33.95549035174665],[-96.6328334925253,33.95540311262147],[-96.64113516184595,33.958805860059755],[-96.65144276309582,33.96107280166703],[-96.65595676167598,33.96167380170166],[-96.66830405010136,33.96211493195282],[-96.66953905105989,33.962039931137475],[-96.67595648979882,33.961323342308404],[-96.67749848957028,33.96107134378441],[-96.68831713461663,33.95828807131044],[-96.69819932656364,33.95367232052166],[-96.69944183335527,33.95293861145201],[-96.70162983227505,33.9516466123804],[-96.7106155103459,33.9449640659708],[-96.7118465102937,33.943818064841686],[-96.71185223746227,33.94381273171384],[-96.71345223744987,33.94232273176318],[-96.7217149730507,33.93209127091111],[-96.72357197365655,33.92892727151246],[-96.72647385632752,33.922925251097524],[-96.72676432471788,33.9221725851626],[-96.72755861460779,33.92011876228194],[-96.72794614557554,33.91890561511922],[-96.72856345899967,33.91747304344842],[-96.72857000789813,33.917457837776595],[-96.72862941266855,33.917319824156614],[-96.72947429407891,33.9156637397587],[-96.73000218596351,33.914630692696406],[-96.73002197967764,33.914591906212316],[-96.73016840118063,33.91430462429417],[-96.73038513834682,33.913880654902286],[-96.73246379730952,33.90907605122833],[-96.73272194651187,33.90835342777518],[-96.73299909657716,33.90757976086545],[-96.73460587124205,33.901672350226235],[-96.73474187147727,33.900950350325296],[-96.73474375121722,33.90094036031637],[-96.73520175143025,33.898505360411725],[-96.735205783945,33.89848389067497],[-96.73535937261286,33.89766474287736],[-96.73565845997842,33.89607621509143],[-96.73566098161281,33.896062812012424],[-96.73603241533826,33.894086153717176],[-96.73617947348501,33.89330568701456],[-96.73656772641992,33.89125745414769],[-96.73713088574387,33.88664483319577],[-96.7381476530952,33.88785548066065],[-96.73886665362454,33.888680480847],[-96.73888010059102,33.88869590388386],[-96.74004810037195,33.890034903202945],[-96.74692665822205,33.8965060522413],[-96.75516070809869,33.9017546799756],[-96.75742570809756,33.90292868057478],[-96.75855399443411,33.90349761487637],[-96.75963738885278,33.90402888574651],[-96.76022581046392,33.90431769251327],[-96.76025950270218,33.90433421554891],[-96.76085950335387,33.9046282160225],[-96.76093828572283,33.90466674452285],[-96.76166838223105,33.905023101314775],[-96.76171056611577,33.90504391566304],[-96.7618616751546,33.90511745749796],[-96.76186155832718,33.905117624364046],[-96.76280255719429,33.905579624951436],[-96.76284223125862,33.90559908351277],[-96.76709523214781,33.907683082807196],[-96.78160753599667,33.91258602878767],[-96.7832481774846,33.91291868510678],[-96.78460024869946,33.913194089892336],[-96.78509111417021,33.91329453668755],[-96.78522789544263,33.913322368193725],[-96.78572198613757,33.91342232975994],[-96.79281569807678,33.914863394036125],[-96.79281569938945,33.91486339293832],[-96.80007923638156,33.91633987673626],[-96.80551801844645,33.917200215206925],[-96.81532882884422,33.91831834201554],[-96.8166324954428,33.91853274846529],[-96.81772652903204,33.91871379048085],[-96.82285978640967,33.91934975664451],[-96.82588778624181,33.919600756167604],[-96.83245513686678,33.91980758777542],[-96.83342113680023,33.91978858809581],[-96.84309442033039,33.918860821456136],[-96.84311153751537,33.91885646317751],[-96.84314702548285,33.919096007124445],[-96.84321795153646,33.919583393312536],[-96.84323272823518,33.919683991604586],[-96.843325007452,33.92030641746384],[-96.84335313923047,33.92052708358732],[-96.84335677925762,33.92055555621055],[-96.8434257796279,33.92109355661418],[-96.84342658429311,33.92109982287472],[-96.8434875852673,33.92157482364735],[-96.84352025887554,33.92182276139738],[-96.84352525882628,33.9218597606579],[-96.84407924129131,33.924976253721816],[-96.84437824070814,33.92633025452134],[-96.8444705094236,33.92672226027588],[-96.84461279339844,33.92861757574682],[-96.84511118570497,33.93207101973588],[-96.84510529707829,33.93207158290891],[-96.84521029735642,33.93284058305733],[-96.84521377330012,33.93286596975583],[-96.84530645419319,33.933541340466775],[-96.84547481824711,33.9348247777714],[-96.84550286864021,33.93503408821879],[-96.84602386902013,33.93884108850387],[-96.84756871334218,33.94555639226251],[-96.8479835635472,33.94682886361119],[-96.84798471344398,33.94683239304841],[-96.84826087769594,33.947680035425314],[-96.8486073405464,33.94880369516195],[-96.84874636122969,33.94925623268594],[-96.84881986798771,33.949240438591616],[-96.8506008100098,33.95445682274876],[-96.8520388097558,33.957690823567084],[-96.85388914201044,33.961348855254265],[-96.85489578606955,33.9631169583907],[-96.8549616281617,33.963249536787146],[-96.85536148507784,33.964033619653435],[-96.85599848589003,33.96525062010531],[-96.85988267576356,33.97134793532514],[-96.86118367502166,33.97305893622925],[-96.86118528829009,33.973061058282795],[-96.86183928945987,33.97392105753228],[-96.86186035514886,33.97394873534601],[-96.8620393531227,33.97418373548559],[-96.86474831829304,33.97741757602464],[-96.86656331878763,33.97939357673579],[-96.86860580719572,33.9814842045658],[-96.86941780759635,33.98226620380166],[-96.87082514474083,33.983569256653475],[-96.87214714405457,33.98474625645094],[-96.87281257855878,33.985328174470716],[-96.87414557933934,33.986473174403336],[-96.87699828554551,33.988750177376744],[-96.87747965386646,33.98910712588459],[-96.87755646854674,33.98916731184604],[-96.87834924755629,33.989788867147375],[-96.88087498139994,33.99164838545228],[-96.88205298108232,33.99246238455298],[-96.88440608864049,33.99392061627527],[-96.88467527475169,33.994095432649004],[-96.88473830773526,33.99412649389213],[-96.88661513355926,33.99528957134969],[-96.8876191339059,33.99584557133423],[-96.88778970324132,33.99563014502532],[-96.89648429728074,33.99991462821602],[-96.89745029721418,34.00026062833276],[-96.90142378917447,34.00153075367604],[-96.90353878933858,34.00212775331589],[-96.91812906695317,34.00443625445809],[-96.91951006673573,34.00449225449602],[-96.93095450372597,34.00393302806794],[-96.93240350362613,34.00373102789191],[-96.94220906729166,34.00155247371193],[-96.9429140669088,34.00133447415237],[-96.94764729541083,33.999442927439745],[-96.94766796729957,33.99948205643843],[-96.9486719676462,33.99911105714771],[-96.95192340056175,33.997798761890934],[-96.95330440034431,33.99719276136283],[-96.953808414806,33.99696873157042],[-96.9550634142548,33.99640373179542],[-96.9561306983045,33.99590378344556],[-96.95852631791426,33.994919414074005],[-96.95928280954179,33.99456505747947],[-96.9600351623285,33.994212764754906],[-96.96093769872341,33.99378050694902],[-96.96200969918767,33.993255506730634],[-96.96479511936738,33.99179392561085],[-96.96549911873186,33.99139892504924],[-96.96634104926552,33.990916783066936],[-96.96704605019534,33.990504783023106],[-96.96826915576042,33.989758082550644],[-96.9685936826233,33.98960283012736],[-96.96868418842622,33.989559958717635],[-96.96963961350981,33.989096482682776],[-96.97128061335599,33.988281482385574],[-96.97204328633505,33.987894143392346],[-96.9720435514939,33.98789450566739],[-96.97217387312925,33.98782782290673],[-96.97218691841947,33.98782119766455],[-96.97219350144728,33.98781778020326],[-96.97247188804542,33.98767533475185],[-96.97258640122534,33.987616985415116],[-96.98133642790314,33.98205892648575],[-96.9885527009871,33.97512929751479],[-96.9939338490701,33.96711750137613],[-96.99725513821518,33.95835812981588],[-96.99837786409196,33.94921700049375],[-96.99837786409196,33.948823091148505],[-96.99837884727997,33.94776700997993],[-96.99837886303197,33.94773199993876],[-96.99837886303197,33.947513733613036],[-96.99837926995892,33.94744131922198],[-96.99837971232789,33.94728382837801],[-96.99838083203332,33.94716694637141],[-96.99838282728801,33.94563387850425],[-96.99839299521092,33.93913504396754],[-96.99840846106012,33.9384626790417],[-96.99844139851454,33.93731441753584],[-96.99845685648772,33.93621433751367],[-96.99845385966769,33.93101095903078],[-96.99845285941501,33.92892595853986],[-96.99845285416433,33.92891798629317],[-96.99845085759698,33.926031958343906],[-96.99844886365496,33.92026957299357],[-96.99844886365496,33.91989400025481],[-96.99844885971694,33.91987639807864],[-96.99844786340228,33.91774781150813],[-96.99844786340228,33.912889426456466],[-96.99844885840427,33.910907884034884],[-96.99844878358223,33.91081160340273],[-96.99844810362043,33.91048100436677],[-96.99849325282116,33.90320619094683],[-96.99849328563785,33.9032037966381],[-96.9984963021479,33.902890491295615],[-96.99850130209865,33.9019754910091],[-96.99850137692069,33.901961298609606],[-96.99850337480072,33.901568667107256],[-96.9985233444123,33.89765049558771],[-96.9985302766097,33.89635524592089],[-96.99859509744647,33.88538065135889],[-96.99859697456108,33.88510751792811],[-96.99859742743139,33.884975780448904],[-96.99859810739319,33.8849054211454],[-96.9985994870068,33.88471045569213],[-96.99860038224607,33.884510547928954],[-96.99865113916262,33.87568385358879],[-96.99878192810763,33.870493368804226],[-96.99879351633685,33.86970739881428],[-96.99881551664515,33.86458139898841],[-96.99881554421117,33.8645748330276],[-96.99883214026714,33.86054414985591],[-96.99883222033986,33.86053553100316],[-96.99883386379965,33.860184000154],[-96.99883386379965,33.86007800067031],[-96.99883343061934,33.859928406324606],[-96.99883480366961,33.859854251915515],[-96.99883549938342,33.85985425411112],[-96.99883571597357,33.85980493640113],[-96.99883586299234,33.85979699928415],[-96.99883586299234,33.859771510489956],[-96.99885147717296,33.856218338766766],[-96.99886645470983,33.85300212455554],[-96.99886669098998,33.85290097516629],[-96.99889248359487,33.84716201364237],[-96.99887290778355,33.84576803194889],[-96.9987489223945,33.84196315152175],[-96.99874389356508,33.84180054271937],[-96.99874177885764,33.84173405646548],[-96.99871977723666,33.8410610570094],[-96.99871851445047,33.84102299068419],[-96.9987070863667,33.84068391441209],[-96.9986737958047,33.83966809627288],[-96.99866381953125,33.83934612706771],[-96.99866211831409,33.839292474132975],[-96.99864300587441,33.838702841850264],[-96.99863781689955,33.83853517107742],[-96.99863570744279,33.83793521066241],[-96.99863486339754,33.837578485008606],[-96.99863486339754,33.8374319996415],[-96.99863420181309,33.83720898641483],[-96.9986315672893,33.83676484379174],[-96.99862776711672,33.83532342602293],[-96.99862682330874,33.83484684660933],[-96.9986238422407,33.83205188692273],[-96.99862212002087,33.83172995065165],[-96.99861488984794,33.83097897313801],[-96.99860732757013,33.829572191059476],[-96.99858162947731,33.82475983140607],[-96.99858086287945,33.82442927738004],[-96.99858086287945,33.82413300006266],[-96.99858084712744,33.824099194311586],[-96.99857384798402,33.81631319433065],[-96.9985732008389,33.81612369923062],[-96.99855158251685,33.81248310395132],[-96.99855220340862,33.8123551956096],[-96.99851139257417,33.805467194237366],[-96.99850952464824,33.8050272759609],[-96.99850929755675,33.80498077521388],[-96.9984892977538,33.801333775350834],[-96.99848925968644,33.80132688004907],[-96.9984694055896,33.79782354859017],[-96.99843654164457,33.79016641533314],[-96.99843355663853,33.78942798351422],[-96.99843299744215,33.78932478452644],[-96.99839305953164,33.78344001497997],[-96.99836711596998,33.779323030207024],[-96.99836708052796,33.779317387498686],[-96.99836208057722,33.7785423878559],[-96.99835911657387,33.77825423098862],[-96.99835311768312,33.77782923075956],[-96.99835233402058,33.77777833770201],[-96.99834829625517,33.77743270644714],[-96.99834794314759,33.77740346975288],[-96.99814294385475,33.76095046956674],[-96.99811578738826,33.75991521482225],[-96.9981137868829,33.75986521537649],[-96.998094833276,33.75944914138507],[-96.99808954191307,33.7593456009805],[-96.99814741873845,33.75759090092307],[-96.99807516163995,33.75605766399422],[-96.99814754081655,33.75605787367463],[-96.99814767470863,33.75602561802164],[-96.99814941136782,33.756025612532625],[-96.99814847018517,33.75583365945128],[-96.99814853975656,33.75581687404068],[-96.99814113893684,33.754898860284435],[-96.99813213928806,33.75445486037576],[-96.99811019804979,33.75445517105406],[-96.99813358584771,33.754040658138756],[-96.99802958582227,33.75050665735247],[-96.99802942436415,33.750501146380515],[-96.99801342425927,33.749960146778605],[-96.99801299501698,33.74994575567674],[-96.99799416742616,33.74931728970439],[-96.9979502048769,33.74561988640402],[-96.99795014580687,33.74561499020185],[-96.99788298185848,33.74002742451865],[-96.99787648415406,33.73858016973034],[-96.99787645265005,33.738573318340705],[-96.99785945229247,33.734934319267225],[-96.99785937353242,33.73491813764838],[-96.9978084656591,33.724940161745806],[-96.9977875338622,33.71994443492971],[-96.99778557667486,33.71973966389845],[-96.99778570400362,33.71973966280065],[-96.99777970380019,33.718975663145706],[-96.99777889782231,33.71888661484089],[-96.99777315227641,33.718324553885004],[-96.99777037335917,33.71801230133577],[-96.9977703681085,33.71801164924068],[-96.99776387171676,33.717283170105375],[-96.99775820755623,33.71632313244346],[-96.99775758928982,33.716235520065204],[-96.99775377205255,33.71577171908061],[-96.9977480041913,33.714955564992266],[-96.99774309743995,33.71418617402591],[-96.99774266163432,33.714125480879396],[-96.99774166269431,33.71400048061829],[-96.99774164037896,33.71399765706852],[-96.99773905179853,33.71367672089614],[-96.99773685308037,33.71332919812639],[-96.99773584101368,33.71324921218681],[-96.99773284813165,33.71289681736655],[-96.99773212091381,33.712782574478794],[-96.99772713671508,33.711980367979834],[-96.99772713671508,33.71198033285013],[-96.99771228519431,33.70959010245691],[-96.99770839838567,33.70880892218222],[-96.99770533724492,33.70848109509929],[-96.99770418341014,33.70839682443391],[-96.99770382242656,33.708362187645825],[-96.99770282217388,33.7082661913447],[-96.99770265415242,33.70825034675143],[-96.99764565418897,33.702992347071394],[-96.99764485608709,33.702924377685406],[-96.99763120171913,33.7018448342673],[-96.9976307173448,33.7016705130028],[-96.9976306241454,33.70164082730705],[-96.99759062453951,33.69042982741742],[-96.99759061403817,33.69042715426668],[-96.99758561408744,33.68905315368885],[-96.99758470703415,33.68889505356412],[-96.99755705700467,33.68536975396582],[-96.99753430191251,33.681201696095606],[-96.997534039379,33.681158114407225],[-96.99752286332739,33.67946947246045],[-96.99752286332739,33.679262999834265],[-96.99752048871179,33.678840375251276],[-96.9975198966987,33.67878768289432],[-96.99751823486157,33.678609101055685],[-96.99751716241218,33.67853385652804],[-96.9975161660975,33.67836754044432],[-96.99751550582572,33.67831241206211],[-96.9975131797788,33.67792640470414],[-96.99751218215145,33.67776070229239],[-96.99751189467726,33.67771699765006],[-96.99749790951708,33.67576912485195],[-96.99746096842661,33.670414565697754],[-96.99746058381501,33.67036377802932],[-96.99745683089846,33.66990882753394],[-96.99744409145978,33.66799885858617],[-96.99744376723089,33.6679138655663],[-96.99744076647285,33.66752086629988],[-96.99744059320074,33.66749947121374],[-96.99743982266487,33.66729226305942],[-96.99743092802949,33.66609650839246],[-96.99739305100705,33.66048370970321],[-96.9973830904856,33.65893078806557],[-96.99738111885893,33.658617428930725],[-96.99737104019741,33.6579518045164],[-96.99736804075202,33.6578268053531],[-96.99736797643132,33.65782413769138],[-96.9973616690637,33.65756207889906],[-96.9973555625342,33.65726920038032],[-96.99735227298929,33.65714060591161],[-96.99734929717194,33.65659783225976],[-96.99734916721785,33.65657535473969],[-96.997336167871,33.65443735450692],[-96.99733512430029,33.65430432601117],[-96.99733392058414,33.65417914790596],[-96.99733335219908,33.654070088844804],[-96.99733324849835,33.65405106611133],[-96.99731024925002,33.65002706636539],[-96.99731018886732,33.6500168106881],[-96.99729821471384,33.64801711938437],[-96.99725831880869,33.641224835471256],[-96.99725440574669,33.64043230830292],[-96.99725424822658,33.64040289925357],[-96.99724824802317,33.6393539000133],[-96.99724824802317,33.6393538319495],[-96.99723024741292,33.63620783213176],[-96.99723024610024,33.63620769600416],[-96.99722429446552,33.63516810932834],[-96.99721732682612,33.633864079431696],[-96.99721659698295,33.63375625979033],[-96.99720666008953,33.632545908732304],[-96.99720173758618,33.63190994256865],[-96.99720144748665,33.631874682228364],[-96.99719360167263,33.6309705820296],[-96.99718273147258,33.62956927908673],[-96.99718258707914,33.62955120156179],[-96.99716541213678,33.62746640965347],[-96.99715886323833,33.62520961284537],[-96.99715886323833,33.62510900028187],[-96.99715051073464,33.62431640944095],[-96.9971088624183,33.62234064585529],[-96.9971088624183,33.62217000003584],[-96.99710883222694,33.62212196236435],[-96.99710783328693,33.621339962030696],[-96.99710783328693,33.621339898358116],[-96.99710686322561,33.6205815029884],[-96.99710686322561,33.61989899985021],[-96.99710680940623,33.619835353613134],[-96.99710586297293,33.61927615243453],[-96.99710586297293,33.61916239477578],[-96.99710650092936,33.619016977571164],[-96.9971068592876,33.61886957224499],[-96.99711285949103,33.606028572858754],[-96.99711585631105,33.60086683405042],[-96.99711586024907,33.600860328468784],[-96.99711686050175,33.59840632888453],[-96.99711686312708,33.59839100025875],[-96.99711686312708,33.59659805164078],[-96.99711776624235,33.59620168431422],[-96.99711781218572,33.59605392988664],[-96.99711681193304,33.595447929358535],[-96.99711386236903,33.593660945105235],[-96.99711386236903,33.593102534344915],[-96.9971148508077,33.591939973952655],[-96.99711486393439,33.59190800043508],[-96.99711486393439,33.591439451451734],[-96.99711884525509,33.586477387672296],[-96.99712083657178,33.584825321234014],[-96.9971208641378,33.5847799995276],[-96.9971208641378,33.58365902831095],[-96.99712285282915,33.58028472275741],[-96.99712384914383,33.57915825813365],[-96.99712386358317,33.579125000186366],[-96.99712386358317,33.578738999415215],[-96.99712215580269,33.578738999415215],[-96.99712178956842,33.57857599979489],[-96.99712386358317,33.57857599979489],[-96.99712386358317,33.57832145985655],[-96.99712483101916,33.57652177402047],[-96.99712566850107,33.57626233897775],[-96.99712586277587,33.57614812792629],[-96.99712686040321,33.57088706208198],[-96.99712785803057,33.56903223359225],[-96.99712786328124,33.569011999981875],[-96.99712786328124,33.56706509215276],[-96.99712885828325,33.564280370578594],[-96.99713085616327,33.561227609380396],[-96.99713085878861,33.561222244416264],[-96.99713185772862,33.55927024387821],[-96.99713186297929,33.55925099938849],[-96.99713186297929,33.558414184644334],[-96.99713285141796,33.55590942813013],[-96.99713381229061,33.55532817428127],[-96.99713386348465,33.555266000198266],[-96.99713386348465,33.553421169402085],[-96.99713586005201,33.54858668681903],[-96.99713685636668,33.54697627432674],[-96.99713686293002,33.546952999801555],[-96.99713686293002,33.54632075848408],[-96.997137301361,33.54624054639705],[-96.9971378631827,33.54603500031675],[-96.9971378631827,33.54549185670523],[-96.99713884374538,33.54452722693262],[-96.99713886343538,33.54448900032815],[-96.99713886343538,33.54437475634259],[-96.99713986106273,33.5412229030383],[-96.99714086131542,33.53858526732958],[-96.99714086394074,33.538571000279475],[-96.99714086394074,33.53701988672367],[-96.99714181825006,33.53639988261823],[-96.99714186288075,33.53634200753247],[-96.99714386338611,33.53614999956096],[-96.99714386338611,33.534736756910725],[-96.99714485838813,33.53257531199328],[-96.9971448597008,33.53257153994156],[-96.99714586126615,33.52978953982147],[-96.99714497521555,33.52973223669117],[-96.99714577594276,33.529361173727864],[-96.99714586389148,33.52927999996525],[-96.99714586389148,33.529123476285875],[-96.99714652547593,33.528967177656156],[-96.99714686020616,33.52880915657325],[-96.99714886333686,33.52869899970892],[-96.99714886333686,33.528555800066734],[-96.99715077064282,33.52769868145279],[-96.99715086384222,33.527609135843136],[-96.99714986227687,33.52118513635349],[-96.99714986227687,33.51974026270027],[-96.99715284465756,33.51537691223144],[-96.99715482809825,33.513928492673955],[-96.99715486354027,33.51387700021587],[-96.99715486354027,33.512541092310535],[-96.99715585591694,33.51096162798765],[-96.99715586116761,33.510953365920926],[-96.99715686010764,33.50850966263268],[-96.9971578524843,33.5071719093202],[-96.99715786298565,33.507143999869996],[-96.99715786298565,33.50551807322319],[-96.99715886323833,33.50530599960519],[-96.99715886323833,33.5039890002618],[-96.99715786298565,33.50373894924065],[-96.99715786298565,33.50349000041389],[-96.99715750594007,33.50349000041389],[-96.99715714233116,33.50300617549931],[-96.9971532725872,33.502601766764464],[-96.99714306397158,33.501442690799486],[-96.9971414244498,33.50110328518644],[-96.99713977836467,33.500889065363225],[-96.99713846832245,33.500764597536666],[-96.99713516171286,33.500295734581606],[-96.99713433473231,33.500139718087304],[-96.99713341717768,33.500009268331226],[-96.99713338436099,33.50000546334541],[-96.99713889231407,33.499134251134265],[-96.99714162003725,33.49879880749288],[-96.99714286313343,33.498493000146105],[-96.99714286313343,33.498485580094425],[-96.99714326349705,33.49838598629228],[-96.99714461948264,33.49821399785954],[-96.99714537820448,33.498002546695936],[-96.99714689827351,33.497790461002104],[-96.99714739971253,33.497707552710466],[-96.99714935164918,33.4973141220074],[-96.99715326996186,33.496590242667416],[-96.99715624052854,33.496074592438696],[-96.99715628122124,33.49606726789589],[-96.99716485556574,33.49452637159427],[-96.99716605403123,33.49444181550006],[-96.99716852184623,33.49406574874987],[-96.99716997365655,33.493919520268705],[-96.99717197416192,33.49362852009119],[-96.99717286283786,33.49337000061632],[-96.99717286283786,33.49331114409453],[-96.99717437765622,33.492942432625625],[-96.99718511921486,33.49123451435284],[-96.99718530167566,33.49120345640312],[-96.99718830112103,33.49065445601165],[-96.99718853608853,33.49056875820213],[-96.99718942870247,33.49046650771629],[-96.99718955209322,33.49043826782734],[-96.99719148959053,33.49020760071691],[-96.99719432232713,33.48957209563058],[-96.99719808837035,33.48898542741645],[-96.99719814481506,33.488976292596206],[-96.99720614421118,33.487681293228505],[-96.99720668371754,33.4875065910263],[-96.99720794912906,33.48732512416092],[-96.99720835474335,33.487258401879345],[-96.99721026336198,33.486891159271096],[-96.99721486819978,33.486134344737955],[-96.99722314456875,33.48565986542184],[-96.99722321676546,33.48470977824793],[-96.99722606656674,33.4842309757829],[-96.99722690404863,33.484113676611095],[-96.99722723484086,33.48402090236229],[-96.99723101401077,33.48345878871185],[-96.99723107570614,33.483449380538616],[-96.99723507540419,33.482831381021775],[-96.99723536025306,33.482782559518824],[-96.99723828618905,33.48221700096201],[-96.99725820198127,33.478861174729374],[-96.99725828074132,33.47884744999404],[-96.99728028104963,33.474897449866944],[-96.99728030730299,33.47489263929342],[-96.99728416917094,33.47418291612542],[-96.99728899322423,33.47347381431402],[-96.99728921243971,33.47343929169747],[-96.99730418341323,33.47089518552614],[-96.99730714347858,33.470416566394235],[-96.99730736006873,33.470378392484314],[-96.99730928969004,33.47000519648943],[-96.99731821057878,33.468490488282626],[-96.99731837597488,33.46846047105032],[-96.99732337592563,33.467478470738016],[-96.99732356101175,33.467405694071914],[-96.99732418846685,33.46733023876605],[-96.99732518871953,33.467163238750956],[-96.99732505351477,33.46716323765315],[-96.99732686368334,33.46685199947405],[-96.99732686368334,33.466522073391445],[-96.99732786262335,33.46630599937866],[-96.99732786262335,33.46605653787782],[-96.99732883399734,33.46526409633813],[-96.9973287867413,33.46526409633813],[-96.99732986312871,33.465178000026064],[-96.99732986312871,33.465041498081064],[-96.9973303973844,33.464934139517034],[-96.99733086338139,33.46474700030263],[-96.99733086338139,33.46457005089732],[-96.99733182425405,33.46384523622903],[-96.99733292558213,33.46313428242367],[-96.99781674990408,33.463145842291134],[-96.99867906616495,33.463159596667154],[-97.0077456938189,33.46346789602715],[-97.00775531042144,33.46346822207469],[-97.01043525513738,33.463558948920564],[-97.01688320027041,33.46377864129262],[-97.01728515876732,33.46379240005986],[-97.01730813307495,33.46379318279352],[-97.01989302359486,33.463880739183814],[-97.02740719608022,33.46413829917871],[-97.02741447219651,33.46413854838003],[-97.02874950498645,33.464184157710875],[-97.02968904547988,33.464218305976544],[-97.0326776823499,33.46432790954807],[-97.03364362846398,33.464364914297605],[-97.03465539586458,33.46438428393689],[-97.03480840564605,33.46438975538793],[-97.03480833607466,33.46439143173338],[-97.03494733575526,33.46439543103036],[-97.03501330780149,33.46439708212634],[-97.03546889533156,33.46441337352551],[-97.03550619478028,33.46441431873404],[-97.03603963531066,33.46443312410249],[-97.03610639758277,33.464435442662804],[-97.04905539706566,33.46487844247278],[-97.04911169475197,33.46488034386788],[-97.05013850794815,33.46491457117538],[-97.05219941045677,33.465002119881056],[-97.05219978456702,33.46499596340083],[-97.05275032784304,33.465022782732476],[-97.05275018213695,33.46502556456573],[-97.0528051829077,33.46502756476312],[-97.05287424366071,33.46502881955215],[-97.05295259022404,33.465032636613806],[-97.05301459013823,33.465034635713394],[-97.05301469908964,33.465032289708],[-97.05365100681337,33.46506224875674],[-97.05448900722037,33.465095249818084],[-97.05478411982854,33.46510619162236],[-97.05489873670922,33.46511017774571],[-97.0550096991234,33.46511403652388],[-97.05500965449271,33.46511477534541],[-97.05525065369339,33.465124775234564],[-97.05525067994675,33.465124325135264],[-97.0552661956773,33.46512490697095],[-97.05526623111933,33.46512425926707],[-97.05578076661152,33.46514583658854],[-97.05583876682766,33.46514783678593],[-97.05615479548074,33.46515795743343],[-97.0563577955809,33.465163958025606],[-97.0566250599468,33.46517117827711],[-97.07550962053267,33.46582786108455],[-97.07955349904022,33.46596963248481],[-97.07976180756799,33.46597747848413],[-97.08005889836618,33.46598798006933],[-97.08705377300146,33.46621904787792],[-97.08795031313096,33.466261779866635],[-97.09321331325754,33.46644577936396],[-97.09321331850822,33.466445700322126],[-97.09326871045391,33.46644797277471],[-97.09565071113774,33.46652997208531],[-97.09573335406198,33.466532763798796],[-97.09600609356427,33.466541800914555],[-97.09941039711852,33.46666085986486],[-97.1003647865074,33.466695856732386],[-97.10067568263032,33.466706503227606],[-97.10075350675196,33.466708979871576],[-97.10127340317845,33.466727828054346],[-97.10127702482825,33.46672795979073],[-97.10149802553866,33.46673595948249],[-97.10168836233487,33.46674256606202],[-97.10261869184004,33.46677348019952],[-97.10544598480224,33.46687026472333],[-97.10637651383288,33.46690308464715],[-97.10640127468108,33.466903953009464],[-97.10855127450033,33.466978952727004],[-97.10863327684281,33.46698176090754],[-97.10961527556847,33.46701476087108],[-97.10967916178595,33.4670168763378],[-97.10995688548697,33.46702593211622],[-97.11003978569406,33.46702901255194],[-97.11198072088902,33.46709400908692],[-97.11198071957635,33.467094010184724],[-97.11433971838652,33.467173010297046],[-97.11436288565629,33.467173782052676],[-97.11612190744279,33.46723205454319],[-97.11888528399616,33.46732539086722],[-97.11889951987585,33.4673258695094],[-97.12146143346278,33.46741183298729],[-97.12323708280927,33.46747161934838],[-97.12332711736454,33.46747449998392],[-97.12342975090306,33.46747807443107],[-97.12342976534241,33.467477783513225],[-97.12345288666882,33.46747852343257],[-97.12351888628106,33.46748052362996],[-97.1235190017958,33.46747786804407],[-97.12363471737923,33.467485835899545],[-97.12366371683096,33.46748683599824],[-97.1237173550528,33.46748776034851],[-97.1237255329717,33.46748804907075],[-97.1237255408477,33.46748790086732],[-97.12374391688088,33.46748821813244],[-97.12383088898274,33.46749269826721],[-97.12398829620054,33.46749806542695],[-97.12711914616135,33.467606505327105],[-97.12830326418724,33.467636593916616],[-97.12960026243462,33.46765759379362],[-97.12974057215744,33.467659712553754],[-97.13056936551418,33.467671321822365],[-97.13157810852871,33.46768856611469],[-97.13181456852497,33.46769449315405],[-97.13306009970266,33.46772620100325],[-97.13307270131125,33.46772652046398],[-97.14312770200452,33.467980520283156],[-97.14320047891938,33.46798143914442],[-97.14992113073804,33.46814822179449],[-97.15565505428978,33.46830500455541],[-97.15565532601197,33.46829807302614],[-97.15642686737307,33.46832422708906],[-97.15657986008986,33.46832675752539],[-97.15753132748075,33.46836125379466],[-97.15911062145025,33.4684315197849],[-97.15926321249077,33.468438126364426],[-97.15935821286743,33.46844212675921],[-97.15935828637681,33.46844091698011],[-97.1605097176678,33.46848404966698],[-97.16063150040068,33.46848730575121],[-97.16070535370294,33.46848943109816],[-97.16076431872975,33.468491100856795],[-97.1733303185733,33.46884110136833],[-97.17333229151265,33.46879156958672],[-97.17391232911608,33.468801961391605],[-97.17391030235737,33.46884961592978],[-97.17409602643977,33.46885513897757],[-97.17409601593843,33.468855426602],[-97.17416112556208,33.46885707550237],[-97.17417930206977,33.46885761562154],[-97.1743209914062,33.46886167310208],[-97.17544699107589,33.468892672868236],[-97.17562632377994,33.468897359390006],[-97.17582588994175,33.4689022962109],[-97.18261940531131,33.46908801377019],[-97.18262755041353,33.46908823662423],[-97.18401890583047,33.46912609656245],[-97.18417608989478,33.46913075893254],[-97.18417609777077,33.46913059535987],[-97.1843734507751,33.469136768307145],[-97.18815845154978,33.46924076869125],[-97.18826416854439,33.46924321789014],[-97.19050105382945,33.46930472999783],[-97.19052715359855,33.46930508897947],[-97.20029505551909,33.46957190125955],[-97.20038461226338,33.46957456672566],[-97.20055002675329,33.469579276301296],[-97.21081202724478,33.46985827529446],[-97.21090262230912,33.469859507029625],[-97.21832404695536,33.47006370281202],[-97.21835968719228,33.470064193530035],[-97.2213930374574,33.47014831599199],[-97.22144156283909,33.470149643236034],[-97.23147360760208,33.47042027477337],[-97.23242727239847,33.470453774237356],[-97.23509810982686,33.470556204762914],[-97.23657513780478,33.47061358473944],[-97.24070590440346,33.4707740780751],[-97.24116767984839,33.47079331817361],[-97.24134325701056,33.47080039351509],[-97.24766325643651,33.47104639474032],[-97.24807235059427,33.47106101308744],[-97.2494243509251,33.47110501194103],[-97.24948040576791,33.47110681124044],[-97.25342624376071,33.47123177417623],[-97.25342624244806,33.471231775274035],[-97.25613446858657,33.47131759274409],[-97.25901918287852,33.47140945581626],[-97.26777764213273,33.47168843944018],[-97.26793440351808,33.47169324123128],[-97.26837941751096,33.471706329240774],[-97.26936959021752,33.47174270275348],[-97.26970369167758,33.47175410563509],[-97.27788769216548,33.47201210584906],[-97.27795466446439,33.47201418179487],[-97.2788076647236,33.472040182165344],[-97.27888712705435,33.47204217248251],[-97.28010054907085,33.472081052279876],[-97.28012361526521,33.4720817867102],[-97.28135461390035,33.472120787265915],[-97.28136686765203,33.47212117479044],[-97.28628886825052,33.47227617362119],[-97.28632649455346,33.47227577841205],[-97.29278179850085,33.47248218846345],[-97.29318814524541,33.47249389433874],[-97.29326730303728,33.47249592417682],[-97.3012876926405,33.47272072023585],[-97.30273645494785,33.47276150472173],[-97.30544709902,33.472849006221864],[-97.30553728978272,33.47285193516075],[-97.30585645177327,33.472862023971956],[-97.30622828980033,33.47287410749154],[-97.30623481769611,33.472874319367556],[-97.31021681836754,33.47300332002344],[-97.31021957890741,33.473003408945495],[-97.31089146254735,33.47302514654623],[-97.31094534098735,33.47302704574573],[-97.31396314533056,33.47312375122771],[-97.31621833051408,33.47319668927088],[-97.31631615968932,33.473199923399044],[-97.31631618331733,33.47319944256125],[-97.31651585974323,33.47320553097768],[-97.31651583348987,33.47320609305291],[-97.31755444494208,33.47323985269625],[-97.31944951290717,33.47330175671967],[-97.31954612261424,33.473304839351],[-97.3211925254001,33.47335614079133],[-97.32231711263948,33.47339421589896],[-97.32254754355364,33.473401409803195],[-97.32259736191287,33.47340359662712],[-97.32947684913162,33.47362554827812],[-97.33073335683544,33.47366739873089],[-97.33081549963335,33.473670082859655],[-97.33265074671239,33.473728860339634],[-97.33351247227287,33.47378275259546],[-97.33351343314553,33.47378281297463],[-97.33940756908565,33.47415225667825],[-97.33941671444055,33.474152829731516],[-97.3531687133626,33.475012830078796],[-97.35650279839108,33.47513447215998],[-97.3756397993881,33.47533547223732],[-97.37564110024165,33.475335486508754],[-97.38098309932732,33.47539148654669],[-97.38119926417045,33.4753885213803],[-97.38122896196133,33.47538980800563],[-97.38156496285134,33.47539780769739],[-97.38188471029162,33.47537911869608],[-97.38409373814572,33.47534881603495],[-97.38446273818552,33.47533481575101],[-97.38445698607627,33.47522877015959],[-97.39208606422918,33.47478285458437],[-97.4022612107589,33.47246207561142],[-97.41169888490137,33.46852476718687],[-97.42003594636478,33.46312243054055],[-97.42695160545081,33.45646293250868],[-97.43217976344235,33.448802516820145],[-97.43551925272315,33.44043593923711],[-97.43684157626576,33.43168512505264],[-97.43713365661189,33.422795538666186],[-97.43713511498555,33.422758840203734],[-97.43757135510845,33.40993588870175],[-97.4380416156365,33.40568894489074],[-97.43835461596552,33.39775594577082],[-97.43833841633516,33.39730198768951],[-97.43842030447556,33.39516558366257],[-97.43928232013558,33.373427416461126],[-97.43928915913355,33.37324360029694],[-97.43931515913992,33.37249560002552],[-97.43932760979173,33.37206710988015],[-97.43933373994923,33.371804653683085],[-97.43953055738518,33.36609211957508],[-97.43947887241268,33.36268271396052],[-97.4396572915001,33.35863923040377],[-97.43965341256747,33.358639110743226],[-97.43966350173032,33.358573336963595],[-97.4397976143496,33.35543760489898],[-97.4398010745413,33.3553677033794],[-97.44017207508645,33.347203703416874],[-97.440173849813,33.34716420445852],[-97.44048685014202,33.34011320456377],[-97.44070280627099,33.3352511901748],[-97.44072240833567,33.334727731272075],[-97.4407500806805,33.33381976461052],[-97.44117615813116,33.324999306890206],[-97.4412293749867,33.32404733588605],[-97.44123537387746,33.32390733524232],[-97.4412585989046,33.323217403270014],[-97.44143812194544,33.31588401326808],[-97.4416061079511,33.314232412298345],[-97.4417950900744,33.3094018016671],[-97.44201236937226,33.304937964882136],[-97.44203951665007,33.30422298653032],[-97.44203993932904,33.30422299641055],[-97.4420424898421,33.30414467364279],[-97.44204288889304,33.30413415559054],[-97.4420431816179,33.304123406999615],[-97.44204693978513,33.30400799604928],[-97.44205055224626,33.3038915004694],[-97.44226955245131,33.29645750119738],[-97.44228194797107,33.295011085130696],[-97.44281003544315,33.27972028196396],[-97.44283053537244,33.279138461648664],[-97.44283403231881,33.27903517044541],[-97.44284151321123,33.27880486451223],[-97.44309881574301,33.2714462283306],[-97.44312047607043,33.27116773432691],[-97.44314461340151,33.27083878968034],[-97.44314661390689,33.270809789013775],[-97.44315862875305,33.270629306877844],[-97.44341344115448,33.26665776455898],[-97.44365601818157,33.26395457902248],[-97.44370495311554,33.26221335340126],[-97.44372984785582,33.261814073602864],[-97.44438178157418,33.25284558261296],[-97.44446630686372,33.25116324754544],[-97.44453999608253,33.248515346279206],[-97.44454057496893,33.248496239014884],[-97.44454848904165,33.24819565172222],[-97.44457308186838,33.24709439485505],[-97.44457336540458,33.24708482640254],[-97.44457598417635,33.24699261862018],[-97.44458074784693,33.24681729067017],[-97.44458082004365,33.24681463288868],[-97.44458186361436,33.2467765797371],[-97.44468793109121,33.24313358575786],[-97.44468848372426,33.24311440933194],[-97.44473748429161,33.24140140932824],[-97.44473802379797,33.24138238879037],[-97.4450699737959,33.22956875313937],[-97.44535483578309,33.22010452826602],[-97.44535880397713,33.21996394908001],[-97.44535980554248,33.219925949720796],[-97.44536245713095,33.21981964834123],[-97.44539875370165,33.21827701970619],[-97.44546893809809,33.215713382518516],[-97.44559286966776,33.211708248520196],[-97.44559414951864,33.21166612032322],[-97.44567114928505,33.209084120181785],[-97.44567349370931,33.20900255011222],[-97.44567839783531,33.20882517695489],[-97.4458881988661,33.20177943773297],[-97.44589035295357,33.20170457853423],[-97.44589123506617,33.20167282787071],[-97.44598029430945,33.198696663693674],[-97.44617845329164,33.19235162369763],[-97.44641648323831,33.184746617428914],[-97.44641825402685,33.18469198964495],[-97.44658025426844,33.179543989843395],[-97.44671676775667,33.17523531875527],[-97.44677076696209,33.173541352463076],[-97.44677334110318,33.17337980413856],[-97.44677520771646,33.17337984146387],[-97.44681220787696,33.17205484133091],[-97.44681357042589,33.17199942861768],[-97.44707957463093,33.16322923381589],[-97.4470831450867,33.16310469243652],[-97.44708351000827,33.163091189457425],[-97.44727268640636,33.15683349726907],[-97.44727393212787,33.156791542525],[-97.44734542525386,33.15433592368106],[-97.44738233877833,33.15310910557536],[-97.44741887819252,33.151927963766504],[-97.44742315355076,33.151780389378644],[-97.44761117611407,33.14481857720971],[-97.44774685080773,33.14013189625977],[-97.44775050264889,33.14001507133894],[-97.44775381450914,33.13990383094287],[-97.44780981421992,33.13792483213125],[-97.44781052962374,33.13789927197984],[-97.44781552826181,33.13771827168081],[-97.44781585774136,33.137706250736],[-97.44785535590825,33.13625928357212],[-97.44795669646922,33.132906207336454],[-97.44795680804596,33.13290252310899],[-97.44810564091925,33.12796207507414],[-97.44815736133378,33.12626721956136],[-97.44816868571682,33.12580162037516],[-97.44817423304994,33.12549559127214],[-97.44818834028821,33.12477115863935],[-97.44826814653786,33.121702903047094],[-97.44826861909817,33.1216665679575],[-97.44827518637398,33.12141052842001],[-97.44829959017659,33.120483162478486],[-97.44832514781399,33.119532755843856],[-97.4483669549631,33.11809576331966],[-97.44836851047415,33.118040920366276],[-97.44838176579118,33.11756126490817],[-97.44838273060184,33.1175350603463],[-97.44846573057166,33.11478606018976],[-97.44846505586054,33.114786045918315],[-97.44846908968795,33.114686034950964],[-97.44848669912326,33.11405794772072],[-97.44856286928378,33.11140313139226],[-97.4485628968498,33.11140313249006],[-97.44865389752839,33.108800133569424],[-97.4486540668625,33.108795305431045],[-97.44871534087154,33.10703612853225],[-97.44872558230385,33.10675125080307],[-97.44872875764668,33.1066597994071],[-97.44873283610478,33.10653809255553],[-97.44880258600826,33.10462966382562],[-97.4488057442864,33.104543847453364],[-97.44881550265704,33.104308369769406],[-97.44897439056385,33.09980208971796],[-97.44902211128033,33.0987648051354],[-97.44904173959836,33.098266159877916],[-97.44912773901355,33.09563815958769],[-97.44913295161643,33.095466945106196],[-97.44914894778331,33.09489905920664],[-97.44917886610234,33.09383698732612],[-97.44923051300749,33.09201940839604],[-97.44923057076487,33.09201736867773],[-97.44923058257888,33.09201697017518],[-97.44923059045487,33.0920166990178],[-97.44923059964356,33.09201637845926],[-97.44923161827357,33.091982763725944],[-97.44923447726353,33.09188409537188],[-97.4493076138493,33.08924047004902],[-97.44930851696458,33.08921156598913],[-97.44931224100245,33.08908562491071],[-97.44934582953998,33.087881382029565],[-97.44935191637946,33.087669198631254],[-97.44936242953393,33.08731367507193],[-97.44936452061336,33.08724055040222],[-97.44936925146725,33.08706928542178],[-97.44948543567298,33.08294919715924],[-97.44952953473967,33.08160839085612],[-97.44953952939048,33.08130454857703],[-97.44953975648195,33.081297632417005],[-97.44965872616827,33.077660581944166],[-97.44978472518935,33.07381158190509],[-97.44978621506704,33.073765198623],[-97.44995121606667,33.06852719981908],[-97.44995162299361,33.068501332282786],[-97.44997098484012,33.0678904333569],[-97.44997155716317,33.06785430794771],[-97.45008637881999,33.06420946307231],[-97.45035136308233,33.056551744686175],[-97.45035951868587,33.05628964307954],[-97.45048151800891,33.05187364306807],[-97.45048234105147,33.0518433963949],[-97.45048845676963,33.051615400239605],[-97.45048851321434,33.051613408824636],[-97.45048865892043,33.05160829635524],[-97.4505076584707,33.05094029629483],[-97.45050866659939,33.050904253220885],[-97.45055202532156,33.04932659368642],[-97.45055354013992,33.049288814985644],[-97.4505842657495,33.04817576332112],[-97.45063009491203,33.046540887382804],[-97.45063131963086,33.046496221064885],[-97.4506425429385,33.0460781205288],[-97.45064937668582,33.04583724494661],[-97.45065790771228,33.04554338279622],[-97.45066984117308,33.04513468823776],[-97.45067306377194,33.04501757569249],[-97.45069817641503,33.044241682437914],[-97.45069584905545,33.04424162974336],[-97.4507029243336,33.04408498311004],[-97.45070333782388,33.04408499189246],[-97.45070420024646,33.04405673224305],[-97.45070437351858,33.04405290859458],[-97.45070493402763,33.04403270462488],[-97.450710373722,33.04385456959214],[-97.45072837564491,33.04329556492031],[-97.45073550999311,33.043048854514225],[-97.45073565701188,33.04304313166626],[-97.45074547839056,33.042733076918985],[-97.45074882569284,33.04263532523057],[-97.45075508580443,33.042437266167944],[-97.45075886103633,33.04230697669113],[-97.45077009747064,33.04192215166718],[-97.45077350121763,33.04183707960548],[-97.45077750222835,33.04170908014609],[-97.45078205981012,33.04155285397138],[-97.45078568933592,33.041418940646274],[-97.45078964834128,33.041293705455296],[-97.4507911447823,33.041263638821846],[-97.45079214372231,33.04123663835267],[-97.45080011030174,33.04100140877223],[-97.45081147537748,33.0406316148694],[-97.450814703227,33.04053543413734],[-97.45082109854336,33.04030612500944],[-97.45082111954603,33.04030612500944],[-97.45082911894215,33.04003812490632],[-97.45082828014758,33.040038107341466],[-97.4508338432327,33.03988660830725],[-97.45083460851788,33.039886623676495],[-97.45083769197399,33.039781771397124],[-97.45084107603095,33.03968961630931],[-97.45084499565628,33.03955437464236],[-97.45084504028698,33.03955281685965],[-97.450845075729,33.03955161586297],[-97.45085306987444,33.0392764800392],[-97.45086392300983,33.038935889896514],[-97.4508688652032,33.03875442742234],[-97.45089041789187,33.038064762216216],[-97.45089473263013,33.037949841983895],[-97.4508987323282,33.03783584280844],[-97.45090702182384,33.03757342064328],[-97.4509240221814,33.03696842021387],[-97.45092547399173,33.03691545340612],[-97.4509401509277,33.03636554183801],[-97.45100878768909,33.03385753143518],[-97.45101198140927,33.033795571423795],[-97.45115413936801,33.029310686458494],[-97.45115473925709,33.02929335983093],[-97.4512995251763,33.02497504015067],[-97.45150490645541,33.02052224287447],[-97.45153271925567,33.01974468205687],[-97.45167334795671,33.01421224804929],[-97.4517023132791,33.01310501474161],[-97.45173988970068,33.011835887301416],[-97.45176842446809,33.01089916039219],[-97.45176885371038,33.01088495921028],[-97.45192685294124,33.00563295902462],[-97.45193677539534,33.00523203252145],[-97.45202177587052,33.0008540318692],[-97.45202233769223,33.000824515235145],[-97.45202342458097,33.000766166996215],[-97.45204995753036,32.999664627993624],[-97.45205035658131,32.999647911744624],[-97.45208735674181,32.99808291097862],[-97.45208752607593,32.99807569621613],[-97.45220252625553,32.9931716963446],[-97.45220266146029,32.99316590872624],[-97.45221566080714,32.992607908544315],[-97.45221501366203,32.99260789756628],[-97.45222227140097,32.99228568574661]]]]},"properties":null}